TAP version 13
# benchmark-schema-contract.test: ok
# Subtest: test module initialization completed
ok 1 - test module initialization completed
  ---
  duration_ms: 0.915724
  type: 'test'
  ...
1..1
# tests 1
# suites 0
# pass 1
# fail 0
# cancelled 0
# skipped 0
# todo 0
# duration_ms 102.600458
[node-tests] ok: tests/benchmarks/benchmark-schema-contract.test.js
TAP version 13
# compare-chart-contract.test: ok
# Subtest: test module initialization completed
ok 1 - test module initialization completed
  ---
  duration_ms: 1.071037
  type: 'test'
  ...
1..1
# tests 1
# suites 0
# pass 1
# fail 0
# cancelled 0
# skipped 0
# todo 0
# duration_ms 92.553387
[node-tests] ok: tests/benchmarks/compare-chart-contract.test.js
TAP version 13
# {
#   "schema": "doppler.compute-regressions/v1",
#   "scope": "CPU contract regression checks; no GPU or performance evidence",
#   "passed": true,
#   "total": 24,
#   "failures": 0,
#   "cases": [
#     {
#       "name": "shared statistics preserve latency tails when explicitly requested",
#       "passed": true
#     },
#     {
#       "name": "legacy IQR callers retain their existing default behavior",
#       "passed": true
#     },
#     {
#       "name": "unknown outlier policy fails instead of silently selecting a population",
#       "passed": true
#     },
#     {
#       "name": "shared statistics retain empty and singleton compatibility",
#       "passed": true
#     },
#     {
#       "name": "benchmark summaries reject empty and non-finite populations",
#       "passed": true
#     },
#     {
#       "name": "kernel reporting preserves tails and identifies its actual wall clock",
#       "passed": true
#     },
#     {
#       "name": "kernel reporting rejects invalid timing values",
#       "passed": true
#     },
#     {
#       "name": "mean confidence interval is not presented as a median interval",
#       "passed": true
#     },
#     {
#       "name": "default compute suite validates without filling implicit fields",
#       "passed": true
#     },
#     {
#       "name": "suite rejects missing and unknown policy fields",
#       "passed": true
#     },
#     {
#       "name": "suite rejects changed non-treatment axes",
#       "passed": true
#     },
#     {
#       "name": "suite rejects duplicate shapes and unsupported numerical policy",
#       "passed": true
#     },
#     {
#       "name": "suite enforces the declared sample and workload envelope",
#       "passed": true
#     },
#     {
#       "name": "input generation is deterministic and case-seed-sensitive",
#       "passed": true
#     },
#     {
#       "name": "scalar oracle matches independently hand-expanded matrix arithmetic",
#       "passed": true
#     },
#     {
#       "name": "oracle controls reject corruption, incomplete writes, infinities, and guard changes",
#       "passed": true
#     },
#     {
#       "name": "fusion preserves the semantic contract and removes only declared intermediates",
#       "passed": true
#     },
#     {
#       "name": "submission treatment preserves the complete shader graph",
#       "passed": true
#     },
#     {
#       "name": "paired estimator uses candidate-minus-baseline and family correction",
#       "passed": true
#     },
#     {
#       "name": "equal timings cannot become a local improvement",
#       "passed": true
#     },
#     {
#       "name": "a slower candidate is reported as a regression",
#       "passed": true
#     },
#     {
#       "name": "negative evidence controls reject all declared invalid sample classes",
#       "passed": true
#     },
#     {
#       "name": "coverage and workgroup drift cannot pass the sample boundary",
#       "passed": true
#     },
#     {
#       "name": "retained statistics control remains executable",
#       "passed": true
#     }
#   ]
# }
# Subtest: test module initialization completed
ok 1 - test module initialization completed
  ---
  duration_ms: 0.95048
  type: 'test'
  ...
1..1
# tests 1
# suites 0
# pass 1
# fail 0
# cancelled 0
# skipped 0
# todo 0
# duration_ms 161.564138
[node-tests] ok: tests/benchmarks/compute-evidence-regression.test.js
TAP version 13
# qwen35-transformersjs-runner-contract.test: ok
# Subtest: test module initialization completed
ok 1 - test module initialization completed
  ---
  duration_ms: 1.041591
  type: 'test'
  ...
1..1
# tests 1
# suites 0
# pass 1
# fail 0
# cancelled 0
# skipped 0
# todo 0
# duration_ms 88.082457
[node-tests] ok: tests/benchmarks/qwen35-transformersjs-runner-contract.test.js
TAP version 13
# stage-tjs-model-contract.test: ok
# Subtest: test module initialization completed
ok 1 - test module initialization completed
  ---
  duration_ms: 0.979434
  type: 'test'
  ...
1..1
# tests 1
# suites 0
# pass 1
# fail 0
# cancelled 0
# skipped 0
# todo 0
# duration_ms 95.462916
[node-tests] ok: tests/benchmarks/stage-tjs-model-contract.test.js
TAP version 13
# transformersjs-bench-warm-prime-contract.test: ok
# Subtest: test module initialization completed
ok 1 - test module initialization completed
  ---
  duration_ms: 1.05153
  type: 'test'
  ...
1..1
# tests 1
# suites 0
# pass 1
# fail 0
# cancelled 0
# skipped 0
# todo 0
# duration_ms 87.101529
[node-tests] ok: tests/benchmarks/transformersjs-bench-warm-prime-contract.test.js
TAP version 13
# transformersjs-contract.test: ok
# Subtest: test module initialization completed
ok 1 - test module initialization completed
  ---
  duration_ms: 0.93475
  type: 'test'
  ...
1..1
# tests 1
# suites 0
# pass 1
# fail 0
# cancelled 0
# skipped 0
# todo 0
# duration_ms 89.733175
[node-tests] ok: tests/benchmarks/transformersjs-contract.test.js
TAP version 13
# transformersjs-runner-greedy-capsule-contract.test: ok
# Subtest: test module initialization completed
ok 1 - test module initialization completed
  ---
  duration_ms: 1.129367
  type: 'test'
  ...
1..1
# tests 1
# suites 0
# pass 1
# fail 0
# cancelled 0
# skipped 0
# todo 0
# duration_ms 102.036735
[node-tests] ok: tests/benchmarks/transformersjs-runner-greedy-capsule-contract.test.js
TAP version 13
# transformersjs-runner-warm-prime-contract.test: ok
# Subtest: test module initialization completed
ok 1 - test module initialization completed
  ---
  duration_ms: 0.993831
  type: 'test'
  ...
1..1
# tests 1
# suites 0
# pass 1
# fail 0
# cancelled 0
# skipped 0
# todo 0
# duration_ms 91.85451
[node-tests] ok: tests/benchmarks/transformersjs-runner-warm-prime-contract.test.js
TAP version 13
# workload-prompt-local-model-path-contract.test: ok
# Subtest: test module initialization completed
ok 1 - test module initialization completed
  ---
  duration_ms: 1.020191
  type: 'test'
  ...
1..1
# tests 1
# suites 0
# pass 1
# fail 0
# cancelled 0
# skipped 0
# todo 0
# duration_ms 88.6843
[node-tests] ok: tests/benchmarks/workload-prompt-local-model-path-contract.test.js
TAP version 13
# ✔ capsule-retained-local-use.test.js passed
# Subtest: test module initialization completed
ok 1 - test module initialization completed
  ---
  duration_ms: 0.710198
  type: 'test'
  ...
1..1
# tests 1
# suites 0
# pass 1
# fail 0
# cancelled 0
# skipped 0
# todo 0
# duration_ms 213.595652
[node-tests] ok: tests/capsule/capsule-retained-local-use.test.js
TAP version 13
# ✔ capsule-v2.test.js passed
# Subtest: test module initialization completed
ok 1 - test module initialization completed
  ---
  duration_ms: 1.053003
  type: 'test'
  ...
1..1
# tests 1
# suites 0
# pass 1
# fail 0
# cancelled 0
# skipped 0
# todo 0
# duration_ms 148.500776
[node-tests] ok: tests/capsule/capsule-v2.test.js
TAP version 13
# ✔ capsule-v3.test.js passed
# Subtest: test module initialization completed
ok 1 - test module initialization completed
  ---
  duration_ms: 0.770871
  type: 'test'
  ...
1..1
# tests 1
# suites 0
# pass 1
# fail 0
# cancelled 0
# skipped 0
# todo 0
# duration_ms 186.452216
[node-tests] ok: tests/capsule/capsule-v3.test.js
TAP version 13
# capsule-host.test: ok (host composition delegates to the existing verified runtime)
# Subtest: test module initialization completed
ok 1 - test module initialization completed
  ---
  duration_ms: 1.10946
  type: 'test'
  ...
1..1
# tests 1
# suites 0
# pass 1
# fail 0
# cancelled 0
# skipped 0
# todo 0
# duration_ms 257.070244
[node-tests] ok: tests/client/capsule-host.test.js
TAP version 13
# document-search.test: passed (synthetic vectors, no retrieval-quality claim)
# Subtest: test module initialization completed
ok 1 - test module initialization completed
  ---
  duration_ms: 0.782042
  type: 'test'
  ...
1..1
# tests 1
# suites 0
# pass 1
# fail 0
# cancelled 0
# skipped 0
# todo 0
# duration_ms 91.012304
[node-tests] ok: tests/client/document-search.test.js
TAP version 13
# electron-capsule-runtime.test: ok (signed fixture; synthetic execution)
# Subtest: test module initialization completed
ok 1 - test module initialization completed
  ---
  duration_ms: 0.702553
  type: 'test'
  ...
1..1
# tests 1
# suites 0
# pass 1
# fail 0
# cancelled 0
# skipped 0
# todo 0
# duration_ms 385.915523
[node-tests] ok: tests/client/electron-capsule-runtime.test.js
TAP version 13
# electron-ipc-authority.test: passed (synthetic IPC events, actual request handler)
# Subtest: test module initialization completed
ok 1 - test module initialization completed
  ---
  duration_ms: 0.932196
  type: 'test'
  ...
1..1
# tests 1
# suites 0
# pass 1
# fail 0
# cancelled 0
# skipped 0
# todo 0
# duration_ms 91.645315
[node-tests] ok: tests/client/electron-ipc-authority.test.js
TAP version 13
# electron-release-adapter.test: ok
# Subtest: test module initialization completed
ok 1 - test module initialization completed
  ---
  duration_ms: 0.871351
  type: 'test'
  ...
1..1
# tests 1
# suites 0
# pass 1
# fail 0
# cancelled 0
# skipped 0
# todo 0
# duration_ms 116.497868
[node-tests] ok: tests/client/electron-release-adapter.test.js
TAP version 13
# electron-release-episode.test: ok (durable local files and signatures; synthetic execution and IPC)
# Subtest: test module initialization completed
ok 1 - test module initialization completed
  ---
  duration_ms: 0.775461
  type: 'test'
  ...
1..1
# tests 1
# suites 0
# pass 1
# fail 0
# cancelled 0
# skipped 0
# todo 0
# duration_ms 359.85712
[node-tests] ok: tests/client/electron-release-episode.test.js
TAP version 13
# electron-release-storage.test: ok (real filesystem; synthetic Capsule execution, no adoption claim)
# Subtest: test module initialization completed
ok 1 - test module initialization completed
  ---
  duration_ms: 0.619547
  type: 'test'
  ...
1..1
# tests 1
# suites 0
# pass 1
# fail 0
# cancelled 0
# skipped 0
# todo 0
# duration_ms 267.626973
[node-tests] ok: tests/client/electron-release-storage.test.js
TAP version 13
# inspection-contract.test: ok
# Subtest: test module initialization completed
ok 1 - test module initialization completed
  ---
  duration_ms: 0.944699
  type: 'test'
  ...
1..1
# tests 1
# suites 0
# pass 1
# fail 0
# cancelled 0
# skipped 0
# todo 0
# duration_ms 112.335499
[node-tests] ok: tests/client/inspection-contract.test.js
TAP version 13
# ✔ model-host-boundaries.test.js passed
# Subtest: test module initialization completed
ok 1 - test module initialization completed
  ---
  duration_ms: 0.846114
  type: 'test'
  ...
1..1
# tests 1
# suites 0
# pass 1
# fail 0
# cancelled 0
# skipped 0
# todo 0
# duration_ms 254.543023
[node-tests] ok: tests/client/model-host-boundaries.test.js
TAP version 13
# activation-kernel-path.test: ok
# Subtest: test module initialization completed
ok 1 - test module initialization completed
  ---
  duration_ms: 0.968063
  type: 'test'
  ...
1..1
# tests 1
# suites 0
# pass 1
# fail 0
# cancelled 0
# skipped 0
# todo 0
# duration_ms 119.800768
[node-tests] ok: tests/config/activation-kernel-path.test.js
TAP version 13
# amplify-120m-conversion-contract.test: ok
# Subtest: test module initialization completed
ok 1 - test module initialization completed
  ---
  duration_ms: 0.985636
  type: 'test'
  ...
1..1
# tests 1
# suites 0
# pass 1
# fail 0
# cancelled 0
# skipped 0
# todo 0
# duration_ms 137.202618
[node-tests] ok: tests/config/amplify-120m-conversion-contract.test.js
TAP version 13
# attention-f16kv-precision-contract.test: ok
# Subtest: test module initialization completed
ok 1 - test module initialization completed
  ---
  duration_ms: 1.10998
  type: 'test'
  ...
1..1
# tests 1
# suites 0
# pass 1
# fail 0
# cancelled 0
# skipped 0
# todo 0
# duration_ms 118.477245
[node-tests] ok: tests/config/attention-f16kv-precision-contract.test.js
TAP version 13
# backward-registry-loader.test: ok
# Subtest: test module initialization completed
ok 1 - test module initialization completed
  ---
  duration_ms: 0.930493
  type: 'test'
  ...
1..1
# tests 1
# suites 0
# pass 1
# fail 0
# cancelled 0
# skipped 0
# todo 0
# duration_ms 94.261352
[node-tests] ok: tests/config/backward-registry-loader.test.js
TAP version 13
# browser opfs smoke capability skip contract ok
# Subtest: test module initialization completed
ok 1 - test module initialization completed
  ---
  duration_ms: 0.991437
  type: 'test'
  ...
1..1
# tests 1
# suites 0
# pass 1
# fail 0
# cancelled 0
# skipped 0
# todo 0
# duration_ms 172.696719
[node-tests] ok: tests/config/browser-opfs-smoke-capability-skip.test.js
TAP version 13
# browser-suite-metrics-schema.test: ok
# Subtest: test module initialization completed
ok 1 - test module initialization completed
  ---
  duration_ms: 0.92925
  type: 'test'
  ...
1..1
# tests 1
# suites 0
# pass 1
# fail 0
# cancelled 0
# skipped 0
# todo 0
# duration_ms 104.622113
[node-tests] ok: tests/config/browser-suite-metrics-schema.test.js
TAP version 13
# buffer-pool-defaults-contract.test: ok
# Subtest: test module initialization completed
ok 1 - test module initialization completed
  ---
  duration_ms: 1.543466
  type: 'test'
  ...
1..1
# tests 1
# suites 0
# pass 1
# fail 0
# cancelled 0
# skipped 0
# todo 0
# duration_ms 124.409546
[node-tests] ok: tests/config/buffer-pool-defaults-contract.test.js
TAP version 13
# bun-product-qualification.test: ok
# Subtest: test module initialization completed
ok 1 - test module initialization completed
  ---
  duration_ms: 1.186324
  type: 'test'
  ...
1..1
# tests 1
# suites 0
# pass 1
# fail 0
# cancelled 0
# skipped 0
# todo 0
# duration_ms 126.079551
[node-tests] ok: tests/config/bun-product-qualification.test.js
TAP version 13
# capability-retain-q4k-policy.test: ok
# Subtest: test module initialization completed
ok 1 - test module initialization completed
  ---
  duration_ms: 0.980507
  type: 'test'
  ...
1..1
# tests 1
# suites 0
# pass 1
# fail 0
# cancelled 0
# skipped 0
# todo 0
# duration_ms 96.474199
[node-tests] ok: tests/config/capability-retain-q4k-policy.test.js
TAP version 13
# capability-transform-policy-contract.test: ok
# Subtest: test module initialization completed
ok 1 - test module initialization completed
  ---
  duration_ms: 0.965969
  type: 'test'
  ...
1..1
# tests 1
# suites 0
# pass 1
# fail 0
# cancelled 0
# skipped 0
# todo 0
# duration_ms 97.942664
[node-tests] ok: tests/config/capability-transform-policy-contract.test.js
TAP version 13
# capsule-naming-migration.test: frozen evidence and unchanged conversion semantics passed
# Subtest: test module initialization completed
ok 1 - test module initialization completed
  ---
  duration_ms: 1.068773
  type: 'test'
  ...
1..1
# tests 1
# suites 0
# pass 1
# fail 0
# cancelled 0
# skipped 0
# todo 0
# duration_ms 104.989124
[node-tests] ok: tests/config/capsule-naming-migration.test.js
TAP version 13
# capsule-release-contract.test: ok
# Subtest: test module initialization completed
ok 1 - test module initialization completed
  ---
  duration_ms: 0.87086
  type: 'test'
  ...
1..1
# tests 1
# suites 0
# pass 1
# fail 0
# cancelled 0
# skipped 0
# todo 0
# duration_ms 99.907444
[node-tests] ok: tests/config/capsule-release-contract.test.js
TAP version 13
# catalog-availability-truthfulness.test: ok
# Subtest: test module initialization completed
ok 1 - test module initialization completed
  ---
  duration_ms: 0.967251
  type: 'test'
  ...
1..1
# tests 1
# suites 0
# pass 1
# fail 0
# cancelled 0
# skipped 0
# todo 0
# duration_ms 88.864217
[node-tests] ok: tests/config/catalog-availability-truthfulness.test.js
TAP version 13
# catscan-contract.test: ok
# Subtest: test module initialization completed
ok 1 - test module initialization completed
  ---
  duration_ms: 1.019089
  type: 'test'
  ...
1..1
# tests 1
# suites 0
# pass 1
# fail 0
# cancelled 0
# skipped 0
# todo 0
# duration_ms 132.212199
[node-tests] ok: tests/config/catscan-contract.test.js
TAP version 13
# check-contract-artifacts.test: ok
# Subtest: test module initialization completed
ok 1 - test module initialization completed
  ---
  duration_ms: 1.028507
  type: 'test'
  ...
1..1
# tests 1
# suites 0
# pass 1
# fail 0
# cancelled 0
# skipped 0
# todo 0
# duration_ms 143.426088
[node-tests] ok: tests/config/check-contract-artifacts.test.js
TAP version 13
# check-hf-registry-cli.test: ok
# Subtest: test module initialization completed
ok 1 - test module initialization completed
  ---
  duration_ms: 0.91343
  type: 'test'
  ...
1..1
# tests 1
# suites 0
# pass 1
# fail 0
# cancelled 0
# skipped 0
# todo 0
# duration_ms 314.151854
[node-tests] ok: tests/config/check-hf-registry-cli.test.js
TAP version 13
# checkpoint-browser-store-close.test: ok
# Subtest: test module initialization completed
ok 1 - test module initialization completed
  ---
  duration_ms: 0.872483
  type: 'test'
  ...
1..1
# tests 1
# suites 0
# pass 1
# fail 0
# cancelled 0
# skipped 0
# todo 0
# duration_ms 92.914876
[node-tests] ok: tests/config/checkpoint-browser-store-close.test.js
TAP version 13
# checkpoint-node-store.test: ok
# Subtest: test module initialization completed
ok 1 - test module initialization completed
  ---
  duration_ms: 1.036061
  type: 'test'
  ...
1..1
# tests 1
# suites 0
# pass 1
# fail 0
# cancelled 0
# skipped 0
# todo 0
# duration_ms 96.195794
[node-tests] ok: tests/config/checkpoint-node-store.test.js
TAP version 13
# checkpoint-watch-recursive.test: ok
# Subtest: test module initialization completed
ok 1 - test module initialization completed
  ---
  duration_ms: 0.928148
  type: 'test'
  ...
1..1
# tests 1
# suites 0
# pass 1
# fail 0
# cancelled 0
# skipped 0
# todo 0
# duration_ms 202.185862
[node-tests] ok: tests/config/checkpoint-watch-recursive.test.js
TAP version 13
# ci-workflow-local-model-contract.test: ok
# Subtest: test module initialization completed
ok 1 - test module initialization completed
  ---
  duration_ms: 1.162128
  type: 'test'
  ...
1..1
# tests 1
# suites 0
# pass 1
# fail 0
# cancelled 0
# skipped 0
# todo 0
# duration_ms 92.566049
[node-tests] ok: tests/config/ci-workflow-local-model-contract.test.js
TAP version 13
# [114.2ms][ExecutionV1] Capability transforms applied: [useGemma412BTextF16Activations] (af16 manifest variant on shader-f16 GPU - dispatch the Gemma 4 12B text f16-residual lane with stable f32-Q/f16-KV prefill/decode attention boundaries and stable post-layer tail.)
# [118.0ms][ExecutionV1] Capability transforms applied: [narrowToF16Activations] (Runtime requested f16 activations on a shader-f16 GPU.)
# [123.6ms][ExecutionV1] Capability transforms applied: [useGemma431BTextF16Activations] (af16 manifest variant on shader-f16 GPU - dispatch the all-f16 lane.)
# [135.1ms][ExecutionV1] Capability transforms applied: [useQwen36F16Activations] (Runtime requested the experimental all-f16 lane for Qwen 3.6 27B.)
# claimed-text-models-failfast-contract.test: ok (17 models checked, 0 Q4 prefill remaps applied)
# Subtest: test module initialization completed
ok 1 - test module initialization completed
  ---
  duration_ms: 1.182848
  type: 'test'
  ...
1..1
# tests 1
# suites 0
# pass 1
# fail 0
# cancelled 0
# skipped 0
# todo 0
# duration_ms 176.877451
[node-tests] ok: tests/config/claimed-text-models-failfast-contract.test.js
TAP version 13
# columbo-diagnostic-adapter-handoff-contract.test: ok
# Subtest: test module initialization completed
ok 1 - test module initialization completed
  ---
  duration_ms: 0.893613
  type: 'test'
  ...
1..1
# tests 1
# suites 0
# pass 1
# fail 0
# cancelled 0
# skipped 0
# todo 0
# duration_ms 105.903675
[node-tests] ok: tests/config/columbo-diagnostic-adapter-handoff-contract.test.js
TAP version 13
# columbo-local-model-manifests.test: ok
# Subtest: test module initialization completed
ok 1 - test module initialization completed
  ---
  duration_ms: 1.201122
  type: 'test'
  ...
1..1
# tests 1
# suites 0
# pass 1
# fail 0
# cancelled 0
# skipped 0
# todo 0
# duration_ms 95.241868
[node-tests] ok: tests/config/columbo-local-model-manifests.test.js
TAP version 13
# compare-engines-cli-contract.test: ok
# Subtest: test module initialization completed
ok 1 - test module initialization completed
  ---
  duration_ms: 2.388077
  type: 'test'
  ...
1..1
# tests 1
# suites 0
# pass 1
# fail 0
# cancelled 0
# skipped 0
# todo 0
# duration_ms 1827.983371
[node-tests] ok: tests/config/compare-engines-cli-contract.test.js
TAP version 13
# config-merge.test: ok
# Subtest: test module initialization completed
ok 1 - test module initialization completed
  ---
  duration_ms: 0.870229
  type: 'test'
  ...
1..1
# tests 1
# suites 0
# pass 1
# fail 0
# cancelled 0
# skipped 0
# todo 0
# duration_ms 97.184485
[node-tests] ok: tests/config/config-merge.test.js
TAP version 13
# conversion-report-schema.test: ok
# Subtest: test module initialization completed
ok 1 - test module initialization completed
  ---
  duration_ms: 1.098188
  type: 'test'
  ...
1..1
# tests 1
# suites 0
# pass 1
# fail 0
# cancelled 0
# skipped 0
# todo 0
# duration_ms 91.8448
[node-tests] ok: tests/config/conversion-report-schema.test.js
TAP version 13
# conversion-session.test: ok
# Subtest: test module initialization completed
ok 1 - test module initialization completed
  ---
  duration_ms: 0.869718
  type: 'test'
  ...
1..1
# tests 1
# suites 0
# pass 1
# fail 0
# cancelled 0
# skipped 0
# todo 0
# duration_ms 94.132448
[node-tests] ok: tests/config/conversion-session-defaults.test.js
TAP version 13
# diffusion-gpu-contract-docs.test: ok
# Subtest: test module initialization completed
ok 1 - test module initialization completed
  ---
  duration_ms: 1.119598
  type: 'test'
  ...
1..1
# tests 1
# suites 0
# pass 1
# fail 0
# cancelled 0
# skipped 0
# todo 0
# duration_ms 93.906381
[node-tests] ok: tests/config/diffusion-gpu-contract-docs.test.js
TAP version 13
# diffusion-kernel-wiring.test: ok
# Subtest: test module initialization completed
ok 1 - test module initialization completed
  ---
  duration_ms: 1.476611
  type: 'test'
  ...
1..1
# tests 1
# suites 0
# pass 1
# fail 0
# cancelled 0
# skipped 0
# todo 0
# duration_ms 155.554786
[node-tests] ok: tests/config/diffusion-kernel-wiring.test.js
TAP version 13
# diffusiongemma-runtime-profile-contract.test: ok
# Subtest: test module initialization completed
ok 1 - test module initialization completed
  ---
  duration_ms: 0.963184
  type: 'test'
  ...
1..1
# tests 1
# suites 0
# pass 1
# fail 0
# cancelled 0
# skipped 0
# todo 0
# duration_ms 86.11567
[node-tests] ok: tests/config/diffusiongemma-runtime-profile-contract.test.js
TAP version 13
# distill-artifacts-contract.test: ok
# Subtest: test module initialization completed
ok 1 - test module initialization completed
  ---
  duration_ms: 1.074954
  type: 'test'
  ...
1..1
# tests 1
# suites 0
# pass 1
# fail 0
# cancelled 0
# skipped 0
# todo 0
# duration_ms 172.752592
[node-tests] ok: tests/config/distill-artifacts-contract.test.js
TAP version 13
# distill-stage-a-objective.test: ok
# Subtest: test module initialization completed
ok 1 - test module initialization completed
  ---
  duration_ms: 1.010773
  type: 'test'
  ...
1..1
# tests 1
# suites 0
# pass 1
# fail 0
# cancelled 0
# skipped 0
# todo 0
# duration_ms 159.489806
[node-tests] ok: tests/config/distill-stage-a-objective.test.js
TAP version 13
# distill-stage-b-objective.test: ok
# Subtest: test module initialization completed
ok 1 - test module initialization completed
  ---
  duration_ms: 1.002247
  type: 'test'
  ...
1..1
# tests 1
# suites 0
# pass 1
# fail 0
# cancelled 0
# skipped 0
# todo 0
# duration_ms 151.754499
[node-tests] ok: tests/config/distill-stage-b-objective.test.js
TAP version 13
# distill-studio-diagnostics.test: ok
# Subtest: test module initialization completed
ok 1 - test module initialization completed
  ---
  duration_ms: 1.061479
  type: 'test'
  ...
1..1
# tests 1
# suites 0
# pass 1
# fail 0
# cancelled 0
# skipped 0
# todo 0
# duration_ms 400.55941
[node-tests] ok: tests/config/distill-studio-diagnostics.test.js
TAP version 13
# distill-studio-mvp.test: ok
# Subtest: test module initialization completed
ok 1 - test module initialization completed
  ---
  duration_ms: 1.074133
  type: 'test'
  ...
1..1
# tests 1
# suites 0
# pass 1
# fail 0
# cancelled 0
# skipped 0
# todo 0
# duration_ms 878.721057
[node-tests] ok: tests/config/distill-studio-mvp.test.js
TAP version 13
# distill-studio-quality-gate.test: ok
# Subtest: test module initialization completed
ok 1 - test module initialization completed
  ---
  duration_ms: 1.075035
  type: 'test'
  ...
1..1
# tests 1
# suites 0
# pass 1
# fail 0
# cancelled 0
# skipped 0
# todo 0
# duration_ms 163.626235
[node-tests] ok: tests/config/distill-studio-quality-gate.test.js
TAP version 13
# doppler-schema-kernel-path-null.test: ok
# Subtest: test module initialization completed
ok 1 - test module initialization completed
  ---
  duration_ms: 0.980416
  type: 'test'
  ...
1..1
# tests 1
# suites 0
# pass 1
# fail 0
# cancelled 0
# skipped 0
# todo 0
# duration_ms 98.284025
[node-tests] ok: tests/config/doppler-schema-kernel-path-null.test.js
TAP version 13
# electron-design-partner-prospects.test: ok
# Subtest: test module initialization completed
ok 1 - test module initialization completed
  ---
  duration_ms: 0.947374
  type: 'test'
  ...
1..1
# tests 1
# suites 0
# pass 1
# fail 0
# cancelled 0
# skipped 0
# todo 0
# duration_ms 92.528256
[node-tests] ok: tests/config/electron-design-partner-prospects.test.js
TAP version 13
# embedding-compare-contract.test: ok
# Subtest: test module initialization completed
ok 1 - test module initialization completed
  ---
  duration_ms: 0.976158
  type: 'test'
  ...
1..1
# tests 1
# suites 0
# pass 1
# fail 0
# cancelled 0
# skipped 0
# todo 0
# duration_ms 87.038348
[node-tests] ok: tests/config/embedding-compare-contract.test.js
TAP version 13
# embedding-reference.test: passed
# Subtest: test module initialization completed
ok 1 - test module initialization completed
  ---
  duration_ms: 0.962683
  type: 'test'
  ...
1..1
# tests 1
# suites 0
# pass 1
# fail 0
# cancelled 0
# skipped 0
# todo 0
# duration_ms 107.616219
[node-tests] ok: tests/config/embedding-reference.test.js
TAP version 13
# embeddinggemma-execution-contract.test: ok
# Subtest: test module initialization completed
ok 1 - test module initialization completed
  ---
  duration_ms: 0.868556
  type: 'test'
  ...
1..1
# tests 1
# suites 0
# pass 1
# fail 0
# cancelled 0
# skipped 0
# todo 0
# duration_ms 109.283618
[node-tests] ok: tests/config/embeddinggemma-execution-contract.test.js
TAP version 13
# excluded-inference-smoke-contract.test: ok
# Subtest: test module initialization completed
ok 1 - test module initialization completed
  ---
  duration_ms: 0.943417
  type: 'test'
  ...
1..1
# tests 1
# suites 0
# pass 1
# fail 0
# cancelled 0
# skipped 0
# todo 0
# duration_ms 92.456711
[node-tests] ok: tests/config/excluded-inference-smoke-contract.test.js
TAP version 13
# execution-contract-check.test: ok
# Subtest: test module initialization completed
ok 1 - test module initialization completed
  ---
  duration_ms: 1.005043
  type: 'test'
  ...
1..1
# tests 1
# suites 0
# pass 1
# fail 0
# cancelled 0
# skipped 0
# todo 0
# duration_ms 121.319554
[node-tests] ok: tests/config/execution-contract-check.test.js
TAP version 13
# execution-rules-contract-check.test: ok
# Subtest: test module initialization completed
ok 1 - test module initialization completed
  ---
  duration_ms: 0.94519
  type: 'test'
  ...
1..1
# tests 1
# suites 0
# pass 1
# fail 0
# cancelled 0
# skipped 0
# todo 0
# duration_ms 100.501961
[node-tests] ok: tests/config/execution-rules-contract-check.test.js
TAP version 13
# [89.8ms][ExecutionV1] Capability transforms applied: [useQwenF16PrimaryMatmuls] (Runtime explicitly requested the selective f16 probe lane for Qwen 3.5 small execution-v1 Q4K models with the shared linear/full attention graph. Promotion remains device- and evidence-specific.)
# [96.1ms][ExecutionRuntime] [Execution] Layer pipeline contains ops not in PIPELINE_COMPATIBLE_OPS: input_norm, q_proj, k_proj, v_proj, rope_q, rope_k, o_proj, attn_residual, post_attn_norm, gate_proj, up_proj, activation, down_proj, ffn_residual. Pipeline will be degraded.
# [96.4ms][ExecutionV1] Capability transforms applied: [narrowToF16Activations] (Runtime requested f16 activations on a shader-f16 GPU.)
# [97.5ms][ExecutionV1] Capability transforms applied: [widenToF32CorrectnessFallback] (Runtime KV cache resolved f32.)
# [98.2ms][ExecutionV1] Capability transforms applied: [widenToF32CorrectnessFallback] (Runtime KV cache resolved f32.)
# [98.7ms][ExecutionV1] Capability transforms applied: [widenToF32CorrectnessFallback] (Runtime KV cache resolved f32.)
# execution-v1-schema.test: ok
# Subtest: test module initialization completed
ok 1 - test module initialization completed
  ---
  duration_ms: 1.001496
  type: 'test'
  ...
1..1
# tests 1
# suites 0
# pass 1
# fail 0
# cancelled 0
# skipped 0
# todo 0
# duration_ms 136.368784
[node-tests] ok: tests/config/execution-v1-schema.test.js
TAP version 13
# ffn-fused-gateup-contract.test: ok
# Subtest: test module initialization completed
ok 1 - test module initialization completed
  ---
  duration_ms: 0.88167
  type: 'test'
  ...
1..1
# tests 1
# suites 0
# pass 1
# fail 0
# cancelled 0
# skipped 0
# todo 0
# duration_ms 100.477124
[node-tests] ok: tests/config/ffn-fused-gateup-contract.test.js
TAP version 13
# gemma3-270m-af16-conversion-config-contract.test: ok
# Subtest: test module initialization completed
ok 1 - test module initialization completed
  ---
  duration_ms: 0.889185
  type: 'test'
  ...
1..1
# tests 1
# suites 0
# pass 1
# fail 0
# cancelled 0
# skipped 0
# todo 0
# duration_ms 89.199787
[node-tests] ok: tests/config/gemma3-270m-af16-conversion-config-contract.test.js
TAP version 13
# gemma3-browser-diagnose-profile-contract.test: ok
# Subtest: test module initialization completed
ok 1 - test module initialization completed
  ---
  duration_ms: 0.991618
  type: 'test'
  ...
1..1
# tests 1
# suites 0
# pass 1
# fail 0
# cancelled 0
# skipped 0
# todo 0
# duration_ms 94.216976
[node-tests] ok: tests/config/gemma3-browser-diagnose-profile-contract.test.js
TAP version 13
# gemma3-debug-profile-contract.test: ok
# Subtest: test module initialization completed
ok 1 - test module initialization completed
  ---
  duration_ms: 0.951893
  type: 'test'
  ...
1..1
# tests 1
# suites 0
# pass 1
# fail 0
# cancelled 0
# skipped 0
# todo 0
# duration_ms 96.527276
[node-tests] ok: tests/config/gemma3-debug-profile-contract.test.js
TAP version 13
# gemma3-hybrid-attention-contract.test: ok
# Subtest: test module initialization completed
ok 1 - test module initialization completed
  ---
  duration_ms: 0.877814
  type: 'test'
  ...
1..1
# tests 1
# suites 0
# pass 1
# fail 0
# cancelled 0
# skipped 0
# todo 0
# duration_ms 97.171539
[node-tests] ok: tests/config/gemma3-hybrid-attention-contract.test.js
TAP version 13
# gemma3-q4k-fused-path-contract.test: ok
# Subtest: test module initialization completed
ok 1 - test module initialization completed
  ---
  duration_ms: 0.867023
  type: 'test'
  ...
1..1
# tests 1
# suites 0
# pass 1
# fail 0
# cancelled 0
# skipped 0
# todo 0
# duration_ms 87.758353
[node-tests] ok: tests/config/gemma3-q4k-fused-path-contract.test.js
TAP version 13
# gemma4-12b-conversion-config-contract.test: ok
# Subtest: test module initialization completed
ok 1 - test module initialization completed
  ---
  duration_ms: 0.875128
  type: 'test'
  ...
1..1
# tests 1
# suites 0
# pass 1
# fail 0
# cancelled 0
# skipped 0
# todo 0
# duration_ms 92.192643
[node-tests] ok: tests/config/gemma4-12b-conversion-config-contract.test.js
TAP version 13
# gemma4-12b-f16-variant-identity.test: ok
# Subtest: test module initialization completed
ok 1 - test module initialization completed
  ---
  duration_ms: 0.972351
  type: 'test'
  ...
1..1
# tests 1
# suites 0
# pass 1
# fail 0
# cancelled 0
# skipped 0
# todo 0
# duration_ms 103.042905
[node-tests] ok: tests/config/gemma4-12b-f16-variant-identity.test.js
TAP version 13
# gemma4-12b-litert-source-profile-contract.test: ok
# Subtest: test module initialization completed
ok 1 - test module initialization completed
  ---
  duration_ms: 0.878785
  type: 'test'
  ...
1..1
# tests 1
# suites 0
# pass 1
# fail 0
# cancelled 0
# skipped 0
# todo 0
# duration_ms 99.875381
[node-tests] ok: tests/config/gemma4-12b-litert-source-profile-contract.test.js
TAP version 13
# gemma4-12b-q4-head-conversion-config.test: ok
# Subtest: test module initialization completed
ok 1 - test module initialization completed
  ---
  duration_ms: 0.864188
  type: 'test'
  ...
1..1
# tests 1
# suites 0
# pass 1
# fail 0
# cancelled 0
# skipped 0
# todo 0
# duration_ms 111.421674
[node-tests] ok: tests/config/gemma4-12b-q4-head-conversion-config.test.js
TAP version 13
# Subtest: test module initialization completed
ok 1 - test module initialization completed
  ---
  duration_ms: 0.865591
  type: 'test'
  ...
1..1
# tests 1
# suites 0
# pass 1
# fail 0
# cancelled 0
# skipped 0
# todo 0
# duration_ms 91.501832
[node-tests] ok: tests/config/gemma4-12b-runtime-profile-contract.test.js
TAP version 13
# gemma4-26b-a4b-target-contract.test: ok
# Subtest: test module initialization completed
ok 1 - test module initialization completed
  ---
  duration_ms: 0.900275
  type: 'test'
  ...
1..1
# tests 1
# suites 0
# pass 1
# fail 0
# cancelled 0
# skipped 0
# todo 0
# duration_ms 106.809339
[node-tests] ok: tests/config/gemma4-26b-a4b-target-contract.test.js
TAP version 13
# gemma4-31b-f16-variant-identity.test: ok
# Subtest: test module initialization completed
ok 1 - test module initialization completed
  ---
  duration_ms: 0.96102
  type: 'test'
  ...
1..1
# tests 1
# suites 0
# pass 1
# fail 0
# cancelled 0
# skipped 0
# todo 0
# duration_ms 111.559003
[node-tests] ok: tests/config/gemma4-31b-f16-variant-identity.test.js
TAP version 13
# gemma4-31b-q4-fused-path-contract.test: ok
# Subtest: test module initialization completed
ok 1 - test module initialization completed
  ---
  duration_ms: 0.937756
  type: 'test'
  ...
1..1
# tests 1
# suites 0
# pass 1
# fail 0
# cancelled 0
# skipped 0
# todo 0
# duration_ms 113.227635
[node-tests] ok: tests/config/gemma4-31b-q4-fused-path-contract.test.js
TAP version 13
# gemma4-compare-lane-promotion-contract.test: ok
# Subtest: test module initialization completed
ok 1 - test module initialization completed
  ---
  duration_ms: 0.878585
  type: 'test'
  ...
1..1
# tests 1
# suites 0
# pass 1
# fail 0
# cancelled 0
# skipped 0
# todo 0
# duration_ms 88.773725
[node-tests] ok: tests/config/gemma4-compare-lane-promotion-contract.test.js
TAP version 13
# gemma4-conversion-config-contract.test: ok
# Subtest: test module initialization completed
ok 1 - test module initialization completed
  ---
  duration_ms: 0.95066
  type: 'test'
  ...
1..1
# tests 1
# suites 0
# pass 1
# fail 0
# cancelled 0
# skipped 0
# todo 0
# duration_ms 95.491114
[node-tests] ok: tests/config/gemma4-conversion-config-contract.test.js
TAP version 13
# gemma4-e2b-blog-prompt-capsule-contract.test: ok
# Subtest: test module initialization completed
ok 1 - test module initialization completed
  ---
  duration_ms: 0.964456
  type: 'test'
  ...
1..1
# tests 1
# suites 0
# pass 1
# fail 0
# cancelled 0
# skipped 0
# todo 0
# duration_ms 93.766556
[node-tests] ok: tests/config/gemma4-e2b-blog-prompt-capsule-contract.test.js
TAP version 13
# [92.2ms][ExecutionV1] Capability transforms applied: [disableRetainQ4KMaterialization] (Fused-q4k FFN kernels under retain=mixed corrupt subsequent-layer attention compute on Apple Metal (intermittent NaN at L1.attn_core_out and beyond). Standalone-q4k projection kernels are clean; only the fused gate+up+down dispatch is the perturbation source.)
# [96.0ms][ExecutionV1] Capability transforms applied: [narrowToF16Activations] (Runtime requested f16 activations on a shader-f16 GPU.)
# [98.7ms][ExecutionV1] Capability transforms applied: [widenToF32Activations] (GPU lacks shader-f16.)
# gemma4-e2b-conversion-config-contract.test: ok
# Subtest: test module initialization completed
ok 1 - test module initialization completed
  ---
  duration_ms: 1.042373
  type: 'test'
  ...
1..1
# tests 1
# suites 0
# pass 1
# fail 0
# cancelled 0
# skipped 0
# todo 0
# duration_ms 132.721274
[node-tests] ok: tests/config/gemma4-e2b-conversion-config-contract.test.js
TAP version 13
# gemma4-e2b-greedy-compare-data-contract.test: ok
# Subtest: test module initialization completed
ok 1 - test module initialization completed
  ---
  duration_ms: 1.006074
  type: 'test'
  ...
1..1
# tests 1
# suites 0
# pass 1
# fail 0
# cancelled 0
# skipped 0
# todo 0
# duration_ms 101.49458
[node-tests] ok: tests/config/gemma4-e2b-greedy-compare-data-contract.test.js
TAP version 13
# gemma4-e2b-int4ple-f16-variant-identity.test: ok
# Subtest: test module initialization completed
ok 1 - test module initialization completed
  ---
  duration_ms: 0.940271
  type: 'test'
  ...
1..1
# tests 1
# suites 0
# pass 1
# fail 0
# cancelled 0
# skipped 0
# todo 0
# duration_ms 103.638567
[node-tests] ok: tests/config/gemma4-e2b-int4ple-f16-variant-identity.test.js
TAP version 13
# gemma4-e2b-runtime-profiles-contract.test: ok
# Subtest: test module initialization completed
ok 1 - test module initialization completed
  ---
  duration_ms: 1.209728
  type: 'test'
  ...
1..1
# tests 1
# suites 0
# pass 1
# fail 0
# cancelled 0
# skipped 0
# todo 0
# duration_ms 98.262012
[node-tests] ok: tests/config/gemma4-e2b-runtime-profiles-contract.test.js
TAP version 13
# gemma4-e2b-verify-profile-contract.test: ok
# Subtest: test module initialization completed
ok 1 - test module initialization completed
  ---
  duration_ms: 0.869127
  type: 'test'
  ...
1..1
# tests 1
# suites 0
# pass 1
# fail 0
# cancelled 0
# skipped 0
# todo 0
# duration_ms 87.007117
[node-tests] ok: tests/config/gemma4-e2b-verify-profile-contract.test.js
TAP version 13
# gemma4-e4b-litert-source-profile-contract.test: ok
# Subtest: test module initialization completed
ok 1 - test module initialization completed
  ---
  duration_ms: 0.888373
  type: 'test'
  ...
1..1
# tests 1
# suites 0
# pass 1
# fail 0
# cancelled 0
# skipped 0
# todo 0
# duration_ms 108.314111
[node-tests] ok: tests/config/gemma4-e4b-litert-source-profile-contract.test.js
TAP version 13
# gemma4-family-metadata-contract.test: ok
# Subtest: test module initialization completed
ok 1 - test module initialization completed
  ---
  duration_ms: 0.88718
  type: 'test'
  ...
1..1
# tests 1
# suites 0
# pass 1
# fail 0
# cancelled 0
# skipped 0
# todo 0
# duration_ms 98.500922
[node-tests] ok: tests/config/gemma4-family-metadata-contract.test.js
TAP version 13
# gemma4-moe-profile-contract.test: ok
# Subtest: test module initialization completed
ok 1 - test module initialization completed
  ---
  duration_ms: 1.006466
  type: 'test'
  ...
1..1
# tests 1
# suites 0
# pass 1
# fail 0
# cancelled 0
# skipped 0
# todo 0
# duration_ms 92.986757
[node-tests] ok: tests/config/gemma4-moe-profile-contract.test.js
TAP version 13
# gemma4-target-matrix-contract.test: ok
# Subtest: test module initialization completed
ok 1 - test module initialization completed
  ---
  duration_ms: 0.857715
  type: 'test'
  ...
1..1
# tests 1
# suites 0
# pass 1
# fail 0
# cancelled 0
# skipped 0
# todo 0
# duration_ms 95.866371
[node-tests] ok: tests/config/gemma4-target-matrix-contract.test.js
TAP version 13
# gemma4-tier-profiles-contract.test: ok
# Subtest: test module initialization completed
ok 1 - test module initialization completed
  ---
  duration_ms: 0.984894
  type: 'test'
  ...
1..1
# tests 1
# suites 0
# pass 1
# fail 0
# cancelled 0
# skipped 0
# todo 0
# duration_ms 97.519083
[node-tests] ok: tests/config/gemma4-tier-profiles-contract.test.js
TAP version 13
# github-release-action.test: ok
# Subtest: test module initialization completed
ok 1 - test module initialization completed
  ---
  duration_ms: 0.985996
  type: 'test'
  ...
1..1
# tests 1
# suites 0
# pass 1
# fail 0
# cancelled 0
# skipped 0
# todo 0
# duration_ms 94.861187
[node-tests] ok: tests/config/github-release-action.test.js
TAP version 13
# glmocr-conversion-config-contract.test: ok
# Subtest: test module initialization completed
ok 1 - test module initialization completed
  ---
  duration_ms: 1.037053
  type: 'test'
  ...
1..1
# tests 1
# suites 0
# pass 1
# fail 0
# cancelled 0
# skipped 0
# todo 0
# duration_ms 126.490941
[node-tests] ok: tests/config/glmocr-conversion-config-contract.test.js
TAP version 13
# goal-completion-matrix.test: ok
# Subtest: test module initialization completed
ok 1 - test module initialization completed
  ---
  duration_ms: 1.169232
  type: 'test'
  ...
1..1
# tests 1
# suites 0
# pass 1
# fail 0
# cancelled 0
# skipped 0
# todo 0
# duration_ms 201.590774
[node-tests] ok: tests/config/goal-completion-matrix.test.js
TAP version 13
# hf-registry-utils.test: ok
# Subtest: test module initialization completed
ok 1 - test module initialization completed
  ---
  duration_ms: 0.880548
  type: 'test'
  ...
1..1
# tests 1
# suites 0
# pass 1
# fail 0
# cancelled 0
# skipped 0
# todo 0
# duration_ms 102.052489
[node-tests] ok: tests/config/hf-registry-utils.test.js
TAP version 13
# hf-reranker-bench-contract.test: ok
# Subtest: test module initialization completed
ok 1 - test module initialization completed
  ---
  duration_ms: 1.157579
  type: 'test'
  ...
1..1
# tests 1
# suites 0
# pass 1
# fail 0
# cancelled 0
# skipped 0
# todo 0
# duration_ms 268.208856
[node-tests] ok: tests/config/hf-reranker-bench-contract.test.js
TAP version 13
# kernel-path-loader-contract.test: ok
# Subtest: test module initialization completed
ok 1 - test module initialization completed
  ---
  duration_ms: 1.105793
  type: 'test'
  ...
1..1
# tests 1
# suites 0
# pass 1
# fail 0
# cancelled 0
# skipped 0
# todo 0
# duration_ms 105.69577
[node-tests] ok: tests/config/kernel-path-loader-contract.test.js
TAP version 13
# Subtest: test module initialization completed
ok 1 - test module initialization completed
  ---
  duration_ms: 1.043886
  type: 'test'
  ...
1..1
# tests 1
# suites 0
# pass 1
# fail 0
# cancelled 0
# skipped 0
# todo 0
# duration_ms 194.038432
[node-tests] ok: tests/config/kernel-ref-digests.test.js
TAP version 13
# kernel-registry-loader.test: ok
# Subtest: test module initialization completed
ok 1 - test module initialization completed
  ---
  duration_ms: 1.069875
  type: 'test'
  ...
1..1
# tests 1
# suites 0
# pass 1
# fail 0
# cancelled 0
# skipped 0
# todo 0
# duration_ms 104.848594
[node-tests] ok: tests/config/kernel-registry-loader.test.js
TAP version 13
# kernel-thresholds-state-isolation.test: ok
# Subtest: test module initialization completed
ok 1 - test module initialization completed
  ---
  duration_ms: 1.028677
  type: 'test'
  ...
1..1
# tests 1
# suites 0
# pass 1
# fail 0
# cancelled 0
# skipped 0
# todo 0
# duration_ms 102.063931
[node-tests] ok: tests/config/kernel-thresholds-state-isolation.test.js
TAP version 13
# layer-pattern-contract-check.test: ok
# Subtest: test module initialization completed
ok 1 - test module initialization completed
  ---
  duration_ms: 0.948426
  type: 'test'
  ...
1..1
# tests 1
# suites 0
# pass 1
# fail 0
# cancelled 0
# skipped 0
# todo 0
# duration_ms 102.011341
[node-tests] ok: tests/config/layer-pattern-contract-check.test.js
TAP version 13
# lean-execution-contract-config-sweep.test: ok
# Subtest: test module initialization completed
ok 1 - test module initialization completed
  ---
  duration_ms: 1.092899
  type: 'test'
  ...
1..1
# tests 1
# suites 0
# pass 1
# fail 0
# cancelled 0
# skipped 0
# todo 0
# duration_ms 165.311334
[node-tests] ok: tests/config/lean-execution-contract-config-sweep.test.js
TAP version 13
# lean-execution-contract-sweep.test: ok
# Subtest: test module initialization completed
ok 1 - test module initialization completed
  ---
  duration_ms: 1.07772
  type: 'test'
  ...
1..1
# tests 1
# suites 0
# pass 1
# fail 0
# cancelled 0
# skipped 0
# todo 0
# duration_ms 138.610493
[node-tests] ok: tests/config/lean-execution-contract-sweep.test.js
TAP version 13
# lfm2-local-manifest-contract.test: ok
# Subtest: test module initialization completed
ok 1 - test module initialization completed
  ---
  duration_ms: 1.008809
  type: 'test'
  ...
1..1
# tests 1
# suites 0
# pass 1
# fail 0
# cancelled 0
# skipped 0
# todo 0
# duration_ms 92.150252
[node-tests] ok: tests/config/lfm2-local-manifest-contract.test.js
TAP version 13
# lfm2-runtime-profile-contract.test: ok
# Subtest: test module initialization completed
ok 1 - test module initialization completed
  ---
  duration_ms: 0.864228
  type: 'test'
  ...
1..1
# tests 1
# suites 0
# pass 1
# fail 0
# cancelled 0
# skipped 0
# todo 0
# duration_ms 97.792917
[node-tests] ok: tests/config/lfm2-runtime-profile-contract.test.js
TAP version 13
# load-json.test: ok
# Subtest: test module initialization completed
ok 1 - test module initialization completed
  ---
  duration_ms: 1.064084
  type: 'test'
  ...
1..1
# tests 1
# suites 0
# pass 1
# fail 0
# cancelled 0
# skipped 0
# todo 0
# duration_ms 97.710803
[node-tests] ok: tests/config/load-json.test.js
TAP version 13
# local-gemma-tokenizer-vocab-contract.test: ok (27 verified across 1 roots)
# Subtest: test module initialization completed
ok 1 - test module initialization completed
  ---
  duration_ms: 1.298355
  type: 'test'
  ...
1..1
# tests 1
# suites 0
# pass 1
# fail 0
# cancelled 0
# skipped 0
# todo 0
# duration_ms 5104.185824
[node-tests] ok: tests/config/local-gemma-tokenizer-vocab-contract.test.js
TAP version 13
# local-gpu-challenger-matrix-contract.test: ok
# Subtest: test module initialization completed
ok 1 - test module initialization completed
  ---
  duration_ms: 1.230016
  type: 'test'
  ...
1..1
# tests 1
# suites 0
# pass 1
# fail 0
# cancelled 0
# skipped 0
# todo 0
# duration_ms 1756.728279
[node-tests] ok: tests/config/local-gpu-challenger-matrix-contract.test.js
TAP version 13
# local-model-fixture-integrity.test: ok (4 local manifests checked)
# Subtest: test module initialization completed
ok 1 - test module initialization completed
  ---
  duration_ms: 1.465971
  type: 'test'
  ...
1..1
# tests 1
# suites 0
# pass 1
# fail 0
# cancelled 0
# skipped 0
# todo 0
# duration_ms 1010.039718
[node-tests] ok: tests/config/local-model-fixture-integrity.test.js
TAP version 13
# manifest-schema-contract.test: ok
# Subtest: test module initialization completed
ok 1 - test module initialization completed
  ---
  duration_ms: 0.962613
  type: 'test'
  ...
1..1
# tests 1
# suites 0
# pass 1
# fail 0
# cancelled 0
# skipped 0
# todo 0
# duration_ms 107.788709
[node-tests] ok: tests/config/manifest-schema-contract.test.js
TAP version 13
# merge-contract-check.test: ok
# Subtest: test module initialization completed
ok 1 - test module initialization completed
  ---
  duration_ms: 0.949848
  type: 'test'
  ...
1..1
# tests 1
# suites 0
# pass 1
# fail 0
# cancelled 0
# skipped 0
# todo 0
# duration_ms 109.033202
[node-tests] ok: tests/config/merge-contract-check.test.js
TAP version 13
# merge-helpers.test: ok
# Subtest: test module initialization completed
ok 1 - test module initialization completed
  ---
  duration_ms: 0.848318
  type: 'test'
  ...
1..1
# tests 1
# suites 0
# pass 1
# fail 0
# cancelled 0
# skipped 0
# todo 0
# duration_ms 87.323811
[node-tests] ok: tests/config/merge-helpers.test.js
TAP version 13
# ✔ model-ir-v2.test.js passed
# Subtest: test module initialization completed
ok 1 - test module initialization completed
  ---
  duration_ms: 0.967342
  type: 'test'
  ...
1..1
# tests 1
# suites 0
# pass 1
# fail 0
# cancelled 0
# skipped 0
# todo 0
# duration_ms 97.850785
[node-tests] ok: tests/config/model-ir-v2.test.js
TAP version 13
# ✔ model-ir.test.js passed
# Subtest: test module initialization completed
ok 1 - test module initialization completed
  ---
  duration_ms: 0.946492
  type: 'test'
  ...
1..1
# tests 1
# suites 0
# pass 1
# fail 0
# cancelled 0
# skipped 0
# todo 0
# duration_ms 90.436031
[node-tests] ok: tests/config/model-ir.test.js
TAP version 13
# model-lanes-bootstrap-hf.test: ok
# Subtest: test module initialization completed
ok 1 - test module initialization completed
  ---
  duration_ms: 0.851514
  type: 'test'
  ...
1..1
# tests 1
# suites 0
# pass 1
# fail 0
# cancelled 0
# skipped 0
# todo 0
# duration_ms 90.410704
[node-tests] ok: tests/config/model-lanes-bootstrap-hf.test.js
TAP version 13
# model-release-platform.test: ok
# Subtest: test module initialization completed
ok 1 - test module initialization completed
  ---
  duration_ms: 1.089321
  type: 'test'
  ...
1..1
# tests 1
# suites 0
# pass 1
# fail 0
# cancelled 0
# skipped 0
# todo 0
# duration_ms 237.437603
[node-tests] ok: tests/config/model-release-platform.test.js
TAP version 13
# model-support-inventory-contract.test: ok
# Subtest: test module initialization completed
ok 1 - test module initialization completed
  ---
  duration_ms: 1.081998
  type: 'test'
  ...
1..1
# tests 1
# suites 0
# pass 1
# fail 0
# cancelled 0
# skipped 0
# todo 0
# duration_ms 208.599096
[node-tests] ok: tests/config/model-support-inventory-contract.test.js
TAP version 13
# model-type-taxonomy.test: ok
# Subtest: test module initialization completed
ok 1 - test module initialization completed
  ---
  duration_ms: 0.928528
  type: 'test'
  ...
1..1
# tests 1
# suites 0
# pass 1
# fail 0
# cancelled 0
# skipped 0
# todo 0
# duration_ms 101.938573
[node-tests] ok: tests/config/model-type-taxonomy.test.js
TAP version 13
# models-manifest-contract.test: ok
# Subtest: test module initialization completed
ok 1 - test module initialization completed
  ---
  duration_ms: 1.085474
  type: 'test'
  ...
1..1
# tests 1
# suites 0
# pass 1
# fail 0
# cancelled 0
# skipped 0
# todo 0
# duration_ms 140.386413
[node-tests] ok: tests/config/models-manifest-contract.test.js
TAP version 13
# nativekd2-trainer-handoff-contract.test: ok
# Subtest: test module initialization completed
ok 1 - test module initialization completed
  ---
  duration_ms: 0.94503
  type: 'test'
  ...
1..1
# tests 1
# suites 0
# pass 1
# fail 0
# cancelled 0
# skipped 0
# todo 0
# duration_ms 120.817613
[node-tests] ok: tests/config/nativekd2-trainer-handoff-contract.test.js
TAP version 13
# node-coverage-pending-contract.test: ok
# Subtest: test module initialization completed
ok 1 - test module initialization completed
  ---
  duration_ms: 1.159554
  type: 'test'
  ...
1..1
# tests 1
# suites 0
# pass 1
# fail 0
# cancelled 0
# skipped 0
# todo 0
# duration_ms 110.282514
[node-tests] ok: tests/config/node-coverage-pending-contract.test.js
TAP version 13
# onboarding-tooling-contract.test: ok
# Subtest: test module initialization completed
ok 1 - test module initialization completed
  ---
  duration_ms: 1.564426
  type: 'test'
  ...
1..1
# tests 1
# suites 0
# pass 1
# fail 0
# cancelled 0
# skipped 0
# todo 0
# duration_ms 287.759925
[node-tests] ok: tests/config/onboarding-tooling-contract.test.js
TAP version 13
# platform-loader-detection.test: ok
# Subtest: test module initialization completed
ok 1 - test module initialization completed
  ---
  duration_ms: 0.965669
  type: 'test'
  ...
1..1
# tests 1
# suites 0
# pass 1
# fail 0
# cancelled 0
# skipped 0
# todo 0
# duration_ms 104.993915
[node-tests] ok: tests/config/platform-loader-detection.test.js
TAP version 13
# prefill-chunk-submit-mode-default.test: ok
# Subtest: test module initialization completed
ok 1 - test module initialization completed
  ---
  duration_ms: 1.176145
  type: 'test'
  ...
1..1
# tests 1
# suites 0
# pass 1
# fail 0
# cancelled 0
# skipped 0
# todo 0
# duration_ms 98.877066
[node-tests] ok: tests/config/prefill-chunk-submit-mode-default.test.js
TAP version 13
# product-integration-qualification.test: ok
# Subtest: test module initialization completed
ok 1 - test module initialization completed
  ---
  duration_ms: 1.072781
  type: 'test'
  ...
1..1
# tests 1
# suites 0
# pass 1
# fail 0
# cancelled 0
# skipped 0
# todo 0
# duration_ms 148.758219
[node-tests] ok: tests/config/product-integration-qualification.test.js
TAP version 13
# product-portfolio-coherence.test: ok
# Subtest: test module initialization completed
ok 1 - test module initialization completed
  ---
  duration_ms: 1.234885
  type: 'test'
  ...
1..1
# tests 1
# suites 0
# pass 1
# fail 0
# cancelled 0
# skipped 0
# todo 0
# duration_ms 96.910083
[node-tests] ok: tests/config/product-portfolio-coherence.test.js
TAP version 13
# production-release.test: ok
# Subtest: test module initialization completed
ok 1 - test module initialization completed
  ---
  duration_ms: 1.04083
  type: 'test'
  ...
1..1
# tests 1
# suites 0
# pass 1
# fail 0
# cancelled 0
# skipped 0
# todo 0
# duration_ms 102.979271
[node-tests] ok: tests/config/production-release.test.js
TAP version 13
# program-bundle-schema.test: ok
# Subtest: test module initialization completed
ok 1 - test module initialization completed
  ---
  duration_ms: 0.855351
  type: 'test'
  ...
1..1
# tests 1
# suites 0
# pass 1
# fail 0
# cancelled 0
# skipped 0
# todo 0
# duration_ms 95.558507
[node-tests] ok: tests/config/program-bundle-schema.test.js
TAP version 13
# provider-conformance.test: ok
# Subtest: test module initialization completed
ok 1 - test module initialization completed
  ---
  duration_ms: 1.070246
  type: 'test'
  ...
1..1
# tests 1
# suites 0
# pass 1
# fail 0
# cancelled 0
# skipped 0
# todo 0
# duration_ms 131.290585
[node-tests] ok: tests/config/provider-conformance.test.js
TAP version 13
# public-version-exports.test: ok
# Subtest: test module initialization completed
ok 1 - test module initialization completed
  ---
  duration_ms: 1.009591
  type: 'test'
  ...
1..1
# tests 1
# suites 0
# pass 1
# fail 0
# cancelled 0
# skipped 0
# todo 0
# duration_ms 98.633608
[node-tests] ok: tests/config/public-version-exports.test.js
TAP version 13
# publish-hf-registry-model.test: ok
# Subtest: test module initialization completed
ok 1 - test module initialization completed
  ---
  duration_ms: 0.984284
  type: 'test'
  ...
1..1
# tests 1
# suites 0
# pass 1
# fail 0
# cancelled 0
# skipped 0
# todo 0
# duration_ms 110.723264
[node-tests] ok: tests/config/publish-hf-registry-model.test.js
TAP version 13
# quantization-contract-check.test: ok
# Subtest: test module initialization completed
ok 1 - test module initialization completed
  ---
  duration_ms: 0.958304
  type: 'test'
  ...
1..1
# tests 1
# suites 0
# pass 1
# fail 0
# cancelled 0
# skipped 0
# todo 0
# duration_ms 89.896224
[node-tests] ok: tests/config/quantization-contract-check.test.js
TAP version 13
# quickstart-registry-models.test: ok
# Subtest: test module initialization completed
ok 1 - test module initialization completed
  ---
  duration_ms: 1.030781
  type: 'test'
  ...
1..1
# tests 1
# suites 0
# pass 1
# fail 0
# cancelled 0
# skipped 0
# todo 0
# duration_ms 114.819948
[node-tests] ok: tests/config/quickstart-registry-models.test.js
TAP version 13
# quickstart-registry-sync.test: ok
# Subtest: test module initialization completed
ok 1 - test module initialization completed
  ---
  duration_ms: 1.98117
  type: 'test'
  ...
1..1
# tests 1
# suites 0
# pass 1
# fail 0
# cancelled 0
# skipped 0
# todo 0
# duration_ms 99.738709
[node-tests] ok: tests/config/quickstart-registry-sync.test.js
TAP version 13
# quickstart-storage-registry-sync.test: ok
# Subtest: test module initialization completed
ok 1 - test module initialization completed
  ---
  duration_ms: 1.038847
  type: 'test'
  ...
1..1
# tests 1
# suites 0
# pass 1
# fail 0
# cancelled 0
# skipped 0
# todo 0
# duration_ms 155.435271
[node-tests] ok: tests/config/quickstart-storage-registry-sync.test.js
TAP version 13
# qwen-compare-lane-promotion-contract.test: ok
# Subtest: test module initialization completed
ok 1 - test module initialization completed
  ---
  duration_ms: 0.895556
  type: 'test'
  ...
1..1
# tests 1
# suites 0
# pass 1
# fail 0
# cancelled 0
# skipped 0
# todo 0
# duration_ms 102.169026
[node-tests] ok: tests/config/qwen-compare-lane-promotion-contract.test.js
TAP version 13
# qwen3-embedding-onboarding-contract.test: ok
# Subtest: test module initialization completed
ok 1 - test module initialization completed
  ---
  duration_ms: 1.016114
  type: 'test'
  ...
1..1
# tests 1
# suites 0
# pass 1
# fail 0
# cancelled 0
# skipped 0
# todo 0
# duration_ms 132.581996
[node-tests] ok: tests/config/qwen3-embedding-onboarding-contract.test.js
TAP version 13
# qwen35-9b-conversion-config-contract.test: ok
# Subtest: test module initialization completed
ok 1 - test module initialization completed
  ---
  duration_ms: 0.936304
  type: 'test'
  ...
1..1
# tests 1
# suites 0
# pass 1
# fail 0
# cancelled 0
# skipped 0
# todo 0
# duration_ms 98.124238
[node-tests] ok: tests/config/qwen35-9b-conversion-config-contract.test.js
TAP version 13
# qwen35-9b-metal-correctness-profile.test: ok
# Subtest: test module initialization completed
ok 1 - test module initialization completed
  ---
  duration_ms: 0.914161
  type: 'test'
  ...
1..1
# tests 1
# suites 0
# pass 1
# fail 0
# cancelled 0
# skipped 0
# todo 0
# duration_ms 95.210381
[node-tests] ok: tests/config/qwen35-9b-metal-correctness-profile.test.js
TAP version 13
# qwen35-9b-q4k-conversion-config-contract.test: ok
# Subtest: test module initialization completed
ok 1 - test module initialization completed
  ---
  duration_ms: 0.923529
  type: 'test'
  ...
1..1
# tests 1
# suites 0
# pass 1
# fail 0
# cancelled 0
# skipped 0
# todo 0
# duration_ms 101.437437
[node-tests] ok: tests/config/qwen35-9b-q4k-conversion-config-contract.test.js
TAP version 13
# qwen35-browser-diagnose-profile-contract.test: ok
# Subtest: test module initialization completed
ok 1 - test module initialization completed
  ---
  duration_ms: 0.986337
  type: 'test'
  ...
1..1
# tests 1
# suites 0
# pass 1
# fail 0
# cancelled 0
# skipped 0
# todo 0
# duration_ms 87.52575
[node-tests] ok: tests/config/qwen35-browser-diagnose-profile-contract.test.js
TAP version 13
# qwen35-chat-template-contract.test: ok
# Subtest: test module initialization completed
ok 1 - test module initialization completed
  ---
  duration_ms: 1.046481
  type: 'test'
  ...
1..1
# tests 1
# suites 0
# pass 1
# fail 0
# cancelled 0
# skipped 0
# todo 0
# duration_ms 89.523251
[node-tests] ok: tests/config/qwen35-chat-template-contract.test.js
TAP version 13
# qwen35-manifest-fast-path-contract.test: ok
# Subtest: test module initialization completed
ok 1 - test module initialization completed
  ---
  duration_ms: 0.988091
  type: 'test'
  ...
1..1
# tests 1
# suites 0
# pass 1
# fail 0
# cancelled 0
# skipped 0
# todo 0
# duration_ms 113.23338
[node-tests] ok: tests/config/qwen35-manifest-fast-path-contract.test.js
TAP version 13
# qwen36-f16-variant-identity.test: ok
# Subtest: test module initialization completed
ok 1 - test module initialization completed
  ---
  duration_ms: 0.920032
  type: 'test'
  ...
1..1
# tests 1
# suites 0
# pass 1
# fail 0
# cancelled 0
# skipped 0
# todo 0
# duration_ms 96.429727
[node-tests] ok: tests/config/qwen36-f16-variant-identity.test.js
TAP version 13
# qwen38-source-parity-profile.test: ok
# Subtest: test module initialization completed
ok 1 - test module initialization completed
  ---
  duration_ms: 0.966169
  type: 'test'
  ...
1..1
# tests 1
# suites 0
# pass 1
# fail 0
# cancelled 0
# skipped 0
# todo 0
# duration_ms 91.135558
[node-tests] ok: tests/config/qwen38-source-parity-profile.test.js
TAP version 13
# readme-evidence-chart-contract.test: ok
# Subtest: test module initialization completed
ok 1 - test module initialization completed
  ---
  duration_ms: 1.166086
  type: 'test'
  ...
1..1
# tests 1
# suites 0
# pass 1
# fail 0
# cancelled 0
# skipped 0
# todo 0
# duration_ms 167.76019
[node-tests] ok: tests/config/readme-evidence-chart-contract.test.js
TAP version 13
# refresh-converted-manifest-tokenizer.test: ok
# Subtest: test module initialization completed
ok 1 - test module initialization completed
  ---
  duration_ms: 1.235767
  type: 'test'
  ...
1..1
# tests 1
# suites 0
# pass 1
# fail 0
# cancelled 0
# skipped 0
# todo 0
# duration_ms 138.604697
[node-tests] ok: tests/config/refresh-converted-manifest-tokenizer.test.js
TAP version 13
# refresh-converted-manifest.test: ok
# Subtest: test module initialization completed
ok 1 - test module initialization completed
  ---
  duration_ms: 0.980607
  type: 'test'
  ...
1..1
# tests 1
# suites 0
# pass 1
# fail 0
# cancelled 0
# skipped 0
# todo 0
# duration_ms 132.723913
[node-tests] ok: tests/config/refresh-converted-manifest.test.js
TAP version 13
# release-claim-policy.test: ok
# Subtest: test module initialization completed
ok 1 - test module initialization completed
  ---
  duration_ms: 0.974345
  type: 'test'
  ...
1..1
# tests 1
# suites 0
# pass 1
# fail 0
# cancelled 0
# skipped 0
# todo 0
# duration_ms 107.983804
[node-tests] ok: tests/config/release-claim-policy.test.js
TAP version 13
# required-inference-fields-contract-check.test: ok
# Subtest: test module initialization completed
ok 1 - test module initialization completed
  ---
  duration_ms: 1.012987
  type: 'test'
  ...
1..1
# tests 1
# suites 0
# pass 1
# fail 0
# cancelled 0
# skipped 0
# todo 0
# duration_ms 91.489835
[node-tests] ok: tests/config/required-inference-fields-contract-check.test.js
TAP version 13
# rerank-compare-contract.test: ok
# Subtest: test module initialization completed
ok 1 - test module initialization completed
  ---
  duration_ms: 1.001085
  type: 'test'
  ...
1..1
# tests 1
# suites 0
# pass 1
# fail 0
# cancelled 0
# skipped 0
# todo 0
# duration_ms 100.81266
[node-tests] ok: tests/config/rerank-compare-contract.test.js
TAP version 13
# rerank-reference.test: ok (synthetic qualification, no hardware claim)
# Subtest: test module initialization completed
ok 1 - test module initialization completed
  ---
  duration_ms: 0.969235
  type: 'test'
  ...
1..1
# tests 1
# suites 0
# pass 1
# fail 0
# cancelled 0
# skipped 0
# todo 0
# duration_ms 112.733989
[node-tests] ok: tests/config/rerank-reference.test.js
TAP version 13
# resource-telemetry-contract.test: ok
# Subtest: test module initialization completed
ok 1 - test module initialization completed
  ---
  duration_ms: 1.591437
  type: 'test'
  ...
1..1
# tests 1
# suites 0
# pass 1
# fail 0
# cancelled 0
# skipped 0
# todo 0
# duration_ms 95.136903
[node-tests] ok: tests/config/resource-telemetry-contract.test.js
TAP version 13
# revocation-policy.test: ok
# Subtest: test module initialization completed
ok 1 - test module initialization completed
  ---
  duration_ms: 0.998891
  type: 'test'
  ...
1..1
# tests 1
# suites 0
# pass 1
# fail 0
# cancelled 0
# skipped 0
# todo 0
# duration_ms 256.445613
[node-tests] ok: tests/config/revocation-policy.test.js
TAP version 13
# rule-registry.test: ok
# Subtest: test module initialization completed
ok 1 - test module initialization completed
  ---
  duration_ms: 0.85539
  type: 'test'
  ...
1..1
# tests 1
# suites 0
# pass 1
# fail 0
# cancelled 0
# skipped 0
# todo 0
# duration_ms 101.505625
[node-tests] ok: tests/config/rule-registry.test.js
TAP version 13
# runtime-kvcache-session-mirror-contract.test: ok
# Subtest: test module initialization completed
ok 1 - test module initialization completed
  ---
  duration_ms: 1.428941
  type: 'test'
  ...
1..1
# tests 1
# suites 0
# pass 1
# fail 0
# cancelled 0
# skipped 0
# todo 0
# duration_ms 157.093773
[node-tests] ok: tests/config/runtime-kvcache-session-mirror-contract.test.js
TAP version 13
# runtime-large-weights-defaults-contract.test: ok
# Subtest: test module initialization completed
ok 1 - test module initialization completed
  ---
  duration_ms: 0.975768
  type: 'test'
  ...
1..1
# tests 1
# suites 0
# pass 1
# fail 0
# cancelled 0
# skipped 0
# todo 0
# duration_ms 102.804591
[node-tests] ok: tests/config/runtime-large-weights-defaults-contract.test.js
TAP version 13
# [74.6ms][Config] Experimental: Overriding 2 allowlisted model param(s) via runtime: vision_config.image_size, audio_config.sample_rate. Manifest values are recommended.
# [78.0ms][Config] Experimental: Overriding 1 allowlisted model param(s) via runtime: vision_config.image_size. Manifest values are recommended.
# [78.2ms][Config] Experimental: Overriding 1 allowlisted model param(s) via runtime: vision_config.image_size. Manifest values are recommended.
# runtime-override-contract.test: ok
# Subtest: test module initialization completed
ok 1 - test module initialization completed
  ---
  duration_ms: 1.040479
  type: 'test'
  ...
1..1
# tests 1
# suites 0
# pass 1
# fail 0
# cancelled 0
# skipped 0
# todo 0
# duration_ms 110.432946
[node-tests] ok: tests/config/runtime-override-contract.test.js
TAP version 13
# runtime-ownership-decisions.test: ok
# Subtest: test module initialization completed
ok 1 - test module initialization completed
  ---
  duration_ms: 1.087498
  type: 'test'
  ...
1..1
# tests 1
# suites 0
# pass 1
# fail 0
# cancelled 0
# skipped 0
# todo 0
# duration_ms 147.090104
[node-tests] ok: tests/config/runtime-ownership-decisions.test.js
TAP version 13
# session-flags-merge.test: ok
# Subtest: test module initialization completed
ok 1 - test module initialization completed
  ---
  duration_ms: 0.829331
  type: 'test'
  ...
1..1
# tests 1
# suites 0
# pass 1
# fail 0
# cancelled 0
# skipped 0
# todo 0
# duration_ms 97.89207
[node-tests] ok: tests/config/session-flags-merge.test.js
TAP version 13
# signed-revocation-authority-qualification.test: ok
# Subtest: test module initialization completed
ok 1 - test module initialization completed
  ---
  duration_ms: 1.022296
  type: 'test'
  ...
1..1
# tests 1
# suites 0
# pass 1
# fail 0
# cancelled 0
# skipped 0
# todo 0
# duration_ms 136.420753
[node-tests] ok: tests/config/signed-revocation-authority-qualification.test.js
TAP version 13
# signed-revocation-updates.test: ok
# Subtest: test module initialization completed
ok 1 - test module initialization completed
  ---
  duration_ms: 1.00926
  type: 'test'
  ...
1..1
# tests 1
# suites 0
# pass 1
# fail 0
# cancelled 0
# skipped 0
# todo 0
# duration_ms 301.53584
[node-tests] ok: tests/config/signed-revocation-updates.test.js
TAP version 13
# Subtest: speculation-self schema
    # Subtest: has frozen defaults
    ok 1 - has frozen defaults
      ---
      duration_ms: 0.91854
      type: 'test'
      ...
    # Subtest: modes include none, self, draft, medusa
    ok 2 - modes include none, self, draft, medusa
      ---
      duration_ms: 0.746505
      type: 'test'
      ...
    # Subtest: verify modes include greedy
    ok 3 - verify modes include greedy
      ---
      duration_ms: 0.07962
      type: 'test'
      ...
    # Subtest: validates mode=none without error
    ok 4 - validates mode=none without error
      ---
      duration_ms: 0.087224
      type: 'test'
      ...
    # Subtest: validates mode=self tokens=1 without error
    ok 5 - validates mode=self tokens=1 without error
      ---
      duration_ms: 0.051587
      type: 'test'
      ...
    # Subtest: rejects mode=draft with explicit error
    ok 6 - rejects mode=draft with explicit error
      ---
      duration_ms: 0.269768
      type: 'test'
      ...
    # Subtest: rejects mode=medusa with explicit error
    ok 7 - rejects mode=medusa with explicit error
      ---
      duration_ms: 0.097604
      type: 'test'
      ...
    # Subtest: rejects unknown mode
    ok 8 - rejects unknown mode
      ---
      duration_ms: 0.129864
      type: 'test'
      ...
    # Subtest: validates tokens > 1 for self mode
    ok 9 - validates tokens > 1 for self mode
      ---
      duration_ms: 0.155704
      type: 'test'
      ...
    # Subtest: rejects tokens=0 for self mode
    ok 10 - rejects tokens=0 for self mode
      ---
      duration_ms: 0.234572
      type: 'test'
      ...
    # Subtest: rejects non-object config
    ok 11 - rejects non-object config
      ---
      duration_ms: 0.087465
      type: 'test'
      ...
    1..11
ok 1 - speculation-self schema
  ---
  duration_ms: 3.875508
  type: 'suite'
  ...
# Subtest: test module initialization completed
ok 2 - test module initialization completed
  ---
  duration_ms: 0.038272
  type: 'test'
  ...
1..2
# tests 12
# suites 1
# pass 12
# fail 0
# cancelled 0
# skipped 0
# todo 0
# duration_ms 94.643582
[node-tests] ok: tests/config/speculation-self-schema.test.js
TAP version 13
# summarize-conversion-reports.test: ok
# Subtest: test module initialization completed
ok 1 - test module initialization completed
  ---
  duration_ms: 1.139515
  type: 'test'
  ...
1..1
# tests 1
# suites 0
# pass 1
# fail 0
# cancelled 0
# skipped 0
# todo 0
# duration_ms 159.745215
[node-tests] ok: tests/config/summarize-conversion-reports.test.js
TAP version 13
# support-matrix-contract.test: ok
# Subtest: test module initialization completed
ok 1 - test module initialization completed
  ---
  duration_ms: 1.045188
  type: 'test'
  ...
1..1
# tests 1
# suites 0
# pass 1
# fail 0
# cancelled 0
# skipped 0
# todo 0
# duration_ms 177.641095
[node-tests] ok: tests/config/support-matrix-contract.test.js
TAP version 13
# ✔ target-plan.test.js passed
# Subtest: test module initialization completed
ok 1 - test module initialization completed
  ---
  duration_ms: 1.187516
  type: 'test'
  ...
1..1
# tests 1
# suites 0
# pass 1
# fail 0
# cancelled 0
# skipped 0
# todo 0
# duration_ms 107.779609
[node-tests] ok: tests/config/target-plan.test.js
TAP version 13
# tracked-benchmark-evidence-contract.test: ok
# Subtest: test module initialization completed
ok 1 - test module initialization completed
  ---
  duration_ms: 1.692036
  type: 'test'
  ...
1..1
# tests 1
# suites 0
# pass 1
# fail 0
# cancelled 0
# skipped 0
# todo 0
# duration_ms 311.506104
[node-tests] ok: tests/config/tracked-benchmark-evidence-contract.test.js
TAP version 13
# training-defaults-isolation.test: ok
# Subtest: test module initialization completed
ok 1 - test module initialization completed
  ---
  duration_ms: 0.982871
  type: 'test'
  ...
1..1
# tests 1
# suites 0
# pass 1
# fail 0
# cancelled 0
# skipped 0
# todo 0
# duration_ms 113.402618
[node-tests] ok: tests/config/training-defaults-isolation.test.js
TAP version 13
# Warning: maxDynamicUniformBuffersPerPipelineLayout artificially reduced from 500000 to 16 to fit dynamic offset allocation limit.
# Warning: maxDynamicStorageBuffersPerPipelineLayout artificially reduced from 500000 to 16 to fit dynamic offset allocation limit.
# [GPU] amd rdna-3, f16/subgroups, 4.0GB, submit probe: 0.4ms
# [170.2ms][KernelSelect] matmul variant=f32 reason=default
# training-freeze-enforcement.test: ok
# Subtest: test module initialization completed
ok 1 - test module initialization completed
  ---
  duration_ms: 1.075245
  type: 'test'
  ...
1..1
# tests 1
# suites 0
# pass 1
# fail 0
# cancelled 0
# skipped 0
# todo 0
# duration_ms 224.924443
[node-tests] ok: tests/config/training-freeze-enforcement.test.js
TAP version 13
# training-metrics-schema.test: ok
# Subtest: test module initialization completed
ok 1 - test module initialization completed
  ---
  duration_ms: 0.943026
  type: 'test'
  ...
1..1
# tests 1
# suites 0
# pass 1
# fail 0
# cancelled 0
# skipped 0
# todo 0
# duration_ms 90.561445
[node-tests] ok: tests/config/training-metrics-schema.test.js
TAP version 13
# training-report-id-publication.test: ok
# Subtest: test module initialization completed
ok 1 - test module initialization completed
  ---
  duration_ms: 1.075535
  type: 'test'
  ...
1..1
# tests 1
# suites 0
# pass 1
# fail 0
# cancelled 0
# skipped 0
# todo 0
# duration_ms 230.717782
[node-tests] ok: tests/config/training-report-id-publication.test.js
TAP version 13
# Warning: maxDynamicUniformBuffersPerPipelineLayout artificially reduced from 500000 to 16 to fit dynamic offset allocation limit.
# Warning: maxDynamicStorageBuffersPerPipelineLayout artificially reduced from 500000 to 16 to fit dynamic offset allocation limit.
# [GPU] amd rdna-3, f16/subgroups, 4.0GB, submit probe: 0.5ms
# [276.2ms][KernelSelect] matmul variant=f32 reason=default
# training-telemetry-alerts.test: ok
# Subtest: test module initialization completed
ok 1 - test module initialization completed
  ---
  duration_ms: 1.102737
  type: 'test'
  ...
1..1
# tests 1
# suites 0
# pass 1
# fail 0
# cancelled 0
# skipped 0
# todo 0
# duration_ms 339.750249
[node-tests] ok: tests/config/training-telemetry-alerts.test.js
TAP version 13
# training-telemetry-config-merge.test: ok
# Subtest: test module initialization completed
ok 1 - test module initialization completed
  ---
  duration_ms: 0.975517
  type: 'test'
  ...
1..1
# tests 1
# suites 0
# pass 1
# fail 0
# cancelled 0
# skipped 0
# todo 0
# duration_ms 105.677079
[node-tests] ok: tests/config/training-telemetry-config-merge.test.js
TAP version 13
# training-workload-capsules.test: ok
# Subtest: test module initialization completed
ok 1 - test module initialization completed
  ---
  duration_ms: 1.100913
  type: 'test'
  ...
1..1
# tests 1
# suites 0
# pass 1
# fail 0
# cancelled 0
# skipped 0
# todo 0
# duration_ms 321.929311
[node-tests] ok: tests/config/training-workload-capsules.test.js
TAP version 13
# training-workload-loader-v2.test: ok
# Subtest: test module initialization completed
ok 1 - test module initialization completed
  ---
  duration_ms: 0.999442
  type: 'test'
  ...
1..1
# tests 1
# suites 0
# pass 1
# fail 0
# cancelled 0
# skipped 0
# todo 0
# duration_ms 118.018849
[node-tests] ok: tests/config/training-workload-loader-v2.test.js
TAP version 13
# translategemma-conversion-config.test: ok
# Subtest: test module initialization completed
ok 1 - test module initialization completed
  ---
  duration_ms: 0.850652
  type: 'test'
  ...
1..1
# tests 1
# suites 0
# pass 1
# fail 0
# cancelled 0
# skipped 0
# todo 0
# duration_ms 92.260384
[node-tests] ok: tests/config/translategemma-conversion-config.test.js
TAP version 13
# translategemma-nativekd2-runtime-profile-contract.test: ok
# Subtest: test module initialization completed
ok 1 - test module initialization completed
  ---
  duration_ms: 0.956962
  type: 'test'
  ...
1..1
# tests 1
# suites 0
# pass 1
# fail 0
# cancelled 0
# skipped 0
# todo 0
# duration_ms 86.311151
[node-tests] ok: tests/config/translategemma-nativekd2-runtime-profile-contract.test.js
TAP version 13
# translation-artifact-competition-contract.test: ok
# Subtest: test module initialization completed
ok 1 - test module initialization completed
  ---
  duration_ms: 0.850822
  type: 'test'
  ...
1..1
# tests 1
# suites 0
# pass 1
# fail 0
# cancelled 0
# skipped 0
# todo 0
# duration_ms 104.044675
[node-tests] ok: tests/config/translation-artifact-competition-contract.test.js
TAP version 13
# turboquant-profile-contract.test: ok
# Subtest: test module initialization completed
ok 1 - test module initialization completed
  ---
  duration_ms: 0.979725
  type: 'test'
  ...
1..1
# tests 1
# suites 0
# pass 1
# fail 0
# cancelled 0
# skipped 0
# todo 0
# duration_ms 90.28861
[node-tests] ok: tests/config/turboquant-profile-contract.test.js
TAP version 13
# ul-artifacts-contract.test: ok
# Subtest: test module initialization completed
ok 1 - test module initialization completed
  ---
  duration_ms: 1.124086
  type: 'test'
  ...
1..1
# tests 1
# suites 0
# pass 1
# fail 0
# cancelled 0
# skipped 0
# todo 0
# duration_ms 169.584662
[node-tests] ok: tests/config/ul-artifacts-contract.test.js
TAP version 13
# ul-noise-schedule.test: ok
# Subtest: test module initialization completed
ok 1 - test module initialization completed
  ---
  duration_ms: 0.980286
  type: 'test'
  ...
1..1
# tests 1
# suites 0
# pass 1
# fail 0
# cancelled 0
# skipped 0
# todo 0
# duration_ms 103.551927
[node-tests] ok: tests/config/ul-noise-schedule.test.js
TAP version 13
# Warning: maxDynamicUniformBuffersPerPipelineLayout artificially reduced from 500000 to 16 to fit dynamic offset allocation limit.
# Warning: maxDynamicStorageBuffersPerPipelineLayout artificially reduced from 500000 to 16 to fit dynamic offset allocation limit.
# [GPU] amd rdna-3, f16/subgroups, 4.0GB, submit probe: 0.5ms
# ul-stage1-determinism.test: ok
# Subtest: test module initialization completed
ok 1 - test module initialization completed
  ---
  duration_ms: 1.495036
  type: 'test'
  ...
1..1
# tests 1
# suites 0
# pass 1
# fail 0
# cancelled 0
# skipped 0
# todo 0
# duration_ms 176.780502
[node-tests] ok: tests/config/ul-stage1-determinism.test.js
TAP version 13
# ul-stage1-objective.test: ok
# Subtest: test module initialization completed
ok 1 - test module initialization completed
  ---
  duration_ms: 1.047062
  type: 'test'
  ...
1..1
# tests 1
# suites 0
# pass 1
# fail 0
# cancelled 0
# skipped 0
# todo 0
# duration_ms 159.656957
[node-tests] ok: tests/config/ul-stage1-objective.test.js
TAP version 13
# ul-stage2-objective.test: ok
# Subtest: test module initialization completed
ok 1 - test module initialization completed
  ---
  duration_ms: 1.052011
  type: 'test'
  ...
1..1
# tests 1
# suites 0
# pass 1
# fail 0
# cancelled 0
# skipped 0
# todo 0
# duration_ms 158.592161
[node-tests] ok: tests/config/ul-stage2-objective.test.js
TAP version 13
# ul-training-schema.test: ok
# Subtest: test module initialization completed
ok 1 - test module initialization completed
  ---
  duration_ms: 0.970507
  type: 'test'
  ...
1..1
# tests 1
# suites 0
# pass 1
# fail 0
# cancelled 0
# skipped 0
# todo 0
# duration_ms 109.779944
[node-tests] ok: tests/config/ul-training-schema.test.js
TAP version 13
# vendor-bench-cli-contract.test: ok
# Subtest: test module initialization completed
ok 1 - test module initialization completed
  ---
  duration_ms: 1.178288
  type: 'test'
  ...
1..1
# tests 1
# suites 0
# pass 1
# fail 0
# cancelled 0
# skipped 0
# todo 0
# duration_ms 2227.764052
[node-tests] ok: tests/config/vendor-bench-cli-contract.test.js
TAP version 13
# verify-training-provenance.test: ok
# Subtest: test module initialization completed
ok 1 - test module initialization completed
  ---
  duration_ms: 1.886072
  type: 'test'
  ...
1..1
# tests 1
# suites 0
# pass 1
# fail 0
# cancelled 0
# skipped 0
# todo 0
# duration_ms 709.338608
[node-tests] ok: tests/config/verify-training-provenance.test.js
TAP version 13
# wgsl-repair-v13-confirmation-materialization-contract.test: ok
# Subtest: test module initialization completed
ok 1 - test module initialization completed
  ---
  duration_ms: 0.856212
  type: 'test'
  ...
1..1
# tests 1
# suites 0
# pass 1
# fail 0
# cancelled 0
# skipped 0
# todo 0
# duration_ms 100.567677
[node-tests] ok: tests/config/wgsl-repair-v13-confirmation-materialization-contract.test.js
TAP version 13
# wgsl-repair-v13-seed-confirmation-contract.test: ok
# Subtest: test module initialization completed
ok 1 - test module initialization completed
  ---
  duration_ms: 1.104059
  type: 'test'
  ...
1..1
# tests 1
# suites 0
# pass 1
# fail 0
# cancelled 0
# skipped 0
# todo 0
# duration_ms 134.927459
[node-tests] ok: tests/config/wgsl-repair-v13-seed-confirmation-contract.test.js
TAP version 13
# wgsl-repair-v13-seed-selection-contract.test: ok
# Subtest: test module initialization completed
ok 1 - test module initialization completed
  ---
  duration_ms: 1.084863
  type: 'test'
  ...
1..1
# tests 1
# suites 0
# pass 1
# fail 0
# cancelled 0
# skipped 0
# todo 0
# duration_ms 147.602466
[node-tests] ok: tests/config/wgsl-repair-v13-seed-selection-contract.test.js
TAP version 13
# wgsl-repair-v13-semantic-contract.test: ok
# Subtest: test module initialization completed
ok 1 - test module initialization completed
  ---
  duration_ms: 1.238522
  type: 'test'
  ...
1..1
# tests 1
# suites 0
# pass 1
# fail 0
# cancelled 0
# skipped 0
# todo 0
# duration_ms 126.809953
[node-tests] ok: tests/config/wgsl-repair-v13-semantic-contract.test.js
TAP version 13
# wgsl-writer-v1-contract.test: ok
# Subtest: test module initialization completed
ok 1 - test module initialization completed
  ---
  duration_ms: 0.857094
  type: 'test'
  ...
1..1
# tests 1
# suites 0
# pass 1
# fail 0
# cancelled 0
# skipped 0
# todo 0
# duration_ms 117.805656
[node-tests] ok: tests/config/wgsl-writer-v1-contract.test.js
TAP version 13
# wgsl-writer-v1-diagnostic-contract.test: ok
# Subtest: test module initialization completed
ok 1 - test module initialization completed
  ---
  duration_ms: 1.054897
  type: 'test'
  ...
1..1
# tests 1
# suites 0
# pass 1
# fail 0
# cancelled 0
# skipped 0
# todo 0
# duration_ms 127.801158
[node-tests] ok: tests/config/wgsl-writer-v1-diagnostic-contract.test.js
TAP version 13
# wgsl-writer-v1-diagnostic-result.test: ok
# Subtest: test module initialization completed
ok 1 - test module initialization completed
  ---
  duration_ms: 1.028617
  type: 'test'
  ...
1..1
# tests 1
# suites 0
# pass 1
# fail 0
# cancelled 0
# skipped 0
# todo 0
# duration_ms 140.535037
[node-tests] ok: tests/config/wgsl-writer-v1-diagnostic-result.test.js
TAP version 13
# wgsl-writer-v1-reference-contract.test: ok
# Subtest: test module initialization completed
ok 1 - test module initialization completed
  ---
  duration_ms: 1.246097
  type: 'test'
  ...
1..1
# tests 1
# suites 0
# pass 1
# fail 0
# cancelled 0
# skipped 0
# todo 0
# duration_ms 107.896977
[node-tests] ok: tests/config/wgsl-writer-v1-reference-contract.test.js
TAP version 13
# bundled-tokenizer-vocab-size.test: ok
# Subtest: test module initialization completed
ok 1 - test module initialization completed
  ---
  duration_ms: 1.011996
  type: 'test'
  ...
1..1
# tests 1
# suites 0
# pass 1
# fail 0
# cancelled 0
# skipped 0
# todo 0
# duration_ms 153.008626
[node-tests] ok: tests/converter/bundled-tokenizer-vocab-size.test.js
TAP version 13
# classification-linear-attn-roles.test: ok
# Subtest: test module initialization completed
ok 1 - test module initialization completed
  ---
  duration_ms: 0.962833
  type: 'test'
  ...
1..1
# tests 1
# suites 0
# pass 1
# fail 0
# cancelled 0
# skipped 0
# todo 0
# duration_ms 91.609607
[node-tests] ok: tests/converter/classification-linear-attn-roles.test.js
TAP version 13
# conversion-plan.test: ok
# Subtest: test module initialization completed
ok 1 - test module initialization completed
  ---
  duration_ms: 1.087157
  type: 'test'
  ...
1..1
# tests 1
# suites 0
# pass 1
# fail 0
# cancelled 0
# skipped 0
# todo 0
# duration_ms 132.159435
[node-tests] ok: tests/converter/conversion-plan.test.js
TAP version 13
# core-bf16-f16-conversion.test: ok
# Subtest: test module initialization completed
ok 1 - test module initialization completed
  ---
  duration_ms: 1.00874
  type: 'test'
  ...
1..1
# tests 1
# suites 0
# pass 1
# fail 0
# cancelled 0
# skipped 0
# todo 0
# duration_ms 137.49905
[node-tests] ok: tests/converter/core-bf16-f16-conversion.test.js
TAP version 13
# core-bundled-tokenizer-flags.test: ok
# Subtest: test module initialization completed
ok 1 - test module initialization completed
  ---
  duration_ms: 0.941603
  type: 'test'
  ...
1..1
# tests 1
# suites 0
# pass 1
# fail 0
# cancelled 0
# skipped 0
# todo 0
# duration_ms 143.971438
[node-tests] ok: tests/converter/core-bundled-tokenizer-flags.test.js
TAP version 13
# core-contract.test: ok
# Subtest: test module initialization completed
ok 1 - test module initialization completed
  ---
  duration_ms: 1.00391
  type: 'test'
  ...
1..1
# tests 1
# suites 0
# pass 1
# fail 0
# cancelled 0
# skipped 0
# todo 0
# duration_ms 125.815008
[node-tests] ok: tests/converter/core-contract.test.js
TAP version 13
# core-extract-architecture.test: ok
# Subtest: test module initialization completed
ok 1 - test module initialization completed
  ---
  duration_ms: 1.008609
  type: 'test'
  ...
1..1
# tests 1
# suites 0
# pass 1
# fail 0
# cancelled 0
# skipped 0
# todo 0
# duration_ms 124.100078
[node-tests] ok: tests/converter/core-extract-architecture.test.js
TAP version 13
# core-gemma4-int4-ple-streaming.test: ok
# Subtest: test module initialization completed
ok 1 - test module initialization completed
  ---
  duration_ms: 1.435413
  type: 'test'
  ...
1..1
# tests 1
# suites 0
# pass 1
# fail 0
# cancelled 0
# skipped 0
# todo 0
# duration_ms 1109.292891
[node-tests] ok: tests/converter/core-gemma4-int4-ple-streaming.test.js
TAP version 13
# core-gemma4-int4-ple.test: ok
# Subtest: test module initialization completed
ok 1 - test module initialization completed
  ---
  duration_ms: 1.01397
  type: 'test'
  ...
1..1
# tests 1
# suites 0
# pass 1
# fail 0
# cancelled 0
# skipped 0
# todo 0
# duration_ms 138.057071
[node-tests] ok: tests/converter/core-gemma4-int4-ple.test.js
TAP version 13
# core-gemma4-unsupported-architecture.test: ok
# Subtest: test module initialization completed
ok 1 - test module initialization completed
  ---
  duration_ms: 1.095463
  type: 'test'
  ...
1..1
# tests 1
# suites 0
# pass 1
# fail 0
# cancelled 0
# skipped 0
# todo 0
# duration_ms 156.50594
[node-tests] ok: tests/converter/core-gemma4-unsupported-architecture.test.js
TAP version 13
# core-large-tensor-streaming.test: ok
# Subtest: test module initialization completed
ok 1 - test module initialization completed
  ---
  duration_ms: 0.977731
  type: 'test'
  ...
1..1
# tests 1
# suites 0
# pass 1
# fail 0
# cancelled 0
# skipped 0
# todo 0
# duration_ms 145.904096
[node-tests] ok: tests/converter/core-large-tensor-streaming.test.js
TAP version 13
# core-manifest-converted-at.test: ok
# Subtest: test module initialization completed
ok 1 - test module initialization completed
  ---
  duration_ms: 2.973569
  type: 'test'
  ...
1..1
# tests 1
# suites 0
# pass 1
# fail 0
# cancelled 0
# skipped 0
# todo 0
# duration_ms 154.552542
[node-tests] ok: tests/converter/core-manifest-converted-at.test.js
TAP version 13
# core-manifest-generation-config-eos.test: ok
# Subtest: test module initialization completed
ok 1 - test module initialization completed
  ---
  duration_ms: 1.080023
  type: 'test'
  ...
1..1
# tests 1
# suites 0
# pass 1
# fail 0
# cancelled 0
# skipped 0
# todo 0
# duration_ms 147.409251
[node-tests] ok: tests/converter/core-manifest-generation-config-eos.test.js
TAP version 13
# [100.1ms][Convert] Adjusted architecture.intermediateSize for "lfm2-intermediate-test": 12288 -> 8192 (from FFN tensor shapes)
# core-manifest-lfm2-intermediate.test: ok
# Subtest: test module initialization completed
ok 1 - test module initialization completed
  ---
  duration_ms: 1.041541
  type: 'test'
  ...
1..1
# tests 1
# suites 0
# pass 1
# fail 0
# cancelled 0
# skipped 0
# todo 0
# duration_ms 135.371562
[node-tests] ok: tests/converter/core-manifest-lfm2-intermediate.test.js
TAP version 13
# core-manifest-multimodal-token-ids.test: ok
# Subtest: test module initialization completed
ok 1 - test module initialization completed
  ---
  duration_ms: 1.055929
  type: 'test'
  ...
1..1
# tests 1
# suites 0
# pass 1
# fail 0
# cancelled 0
# skipped 0
# todo 0
# duration_ms 142.793769
[node-tests] ok: tests/converter/core-manifest-multimodal-token-ids.test.js
TAP version 13
# core-mixed-quantization.test: ok
# Subtest: test module initialization completed
ok 1 - test module initialization completed
  ---
  duration_ms: 1.56094
  type: 'test'
  ...
1..1
# tests 1
# suites 0
# pass 1
# fail 0
# cancelled 0
# skipped 0
# todo 0
# duration_ms 183.025197
[node-tests] ok: tests/converter/core-mixed-quantization.test.js
TAP version 13
# core-moe-manifest.test: ok
# Subtest: test module initialization completed
ok 1 - test module initialization completed
  ---
  duration_ms: 1.020101
  type: 'test'
  ...
1..1
# tests 1
# suites 0
# pass 1
# fail 0
# cancelled 0
# skipped 0
# todo 0
# duration_ms 148.477212
[node-tests] ok: tests/converter/core-moe-manifest.test.js
TAP version 13
# core-q4k-safetensors-quantization.test: ok
# Subtest: test module initialization completed
ok 1 - test module initialization completed
  ---
  duration_ms: 1.085804
  type: 'test'
  ...
1..1
# tests 1
# suites 0
# pass 1
# fail 0
# cancelled 0
# skipped 0
# todo 0
# duration_ms 163.124372
[node-tests] ok: tests/converter/core-q4k-safetensors-quantization.test.js
TAP version 13
# core-text-only-filter.test: ok
# Subtest: test module initialization completed
ok 1 - test module initialization completed
  ---
  duration_ms: 1.132172
  type: 'test'
  ...
1..1
# tests 1
# suites 0
# pass 1
# fail 0
# cancelled 0
# skipped 0
# todo 0
# duration_ms 147.09021
[node-tests] ok: tests/converter/core-text-only-filter.test.js
TAP version 13
# diffusion-parser.test: ok
# Subtest: test module initialization completed
ok 1 - test module initialization completed
  ---
  duration_ms: 1.048404
  type: 'test'
  ...
1..1
# tests 1
# suites 0
# pass 1
# fail 0
# cancelled 0
# skipped 0
# todo 0
# duration_ms 127.774036
[node-tests] ok: tests/converter/diffusion-parser.test.js
TAP version 13
# ✔ execution-candidate-forge.test.js passed
# Subtest: test module initialization completed
ok 1 - test module initialization completed
  ---
  duration_ms: 1.185092
  type: 'test'
  ...
1..1
# tests 1
# suites 0
# pass 1
# fail 0
# cancelled 0
# skipped 0
# todo 0
# duration_ms 225.784064
[node-tests] ok: tests/converter/execution-candidate-forge.test.js
TAP version 13
# ✔ forge-candidate-evaluation.test.js passed (synthetic contract evidence only)
# Subtest: test module initialization completed
ok 1 - test module initialization completed
  ---
  duration_ms: 1.112836
  type: 'test'
  ...
1..1
# tests 1
# suites 0
# pass 1
# fail 0
# cancelled 0
# skipped 0
# todo 0
# duration_ms 233.445281
[node-tests] ok: tests/converter/forge-candidate-evaluation.test.js
TAP version 13
# forge-qualification.test: ok (synthetic generation and sequence records)
# Subtest: test module initialization completed
ok 1 - test module initialization completed
  ---
  duration_ms: 0.924
  type: 'test'
  ...
1..1
# tests 1
# suites 0
# pass 1
# fail 0
# cancelled 0
# skipped 0
# todo 0
# duration_ms 102.924542
[node-tests] ok: tests/converter/forge-qualification.test.js
TAP version 13
# ✔ forge-stages.test.js passed
# Subtest: test module initialization completed
ok 1 - test module initialization completed
  ---
  duration_ms: 1.436885
  type: 'test'
  ...
1..1
# tests 1
# suites 0
# pass 1
# fail 0
# cancelled 0
# skipped 0
# todo 0
# duration_ms 237.063835
[node-tests] ok: tests/converter/forge-stages.test.js
TAP version 13
# gguf-parser.test: ok
# Subtest: test module initialization completed
ok 1 - test module initialization completed
  ---
  duration_ms: 1.007317
  type: 'test'
  ...
1..1
# tests 1
# suites 0
# pass 1
# fail 0
# cancelled 0
# skipped 0
# todo 0
# duration_ms 143.880204
[node-tests] ok: tests/converter/gguf-parser.test.js
TAP version 13
# [93.4ms][Config] Using manifest-first config (source of truth)
# [96.8ms][Config] Using manifest-first config (source of truth)
# layer-pattern-every-n.test: ok
# Subtest: test module initialization completed
ok 1 - test module initialization completed
  ---
  duration_ms: 1.039257
  type: 'test'
  ...
1..1
# tests 1
# suites 0
# pass 1
# fail 0
# cancelled 0
# skipped 0
# todo 0
# duration_ms 133.394789
[node-tests] ok: tests/converter/layer-pattern-every-n.test.js
TAP version 13
# ✔ lineage-lowering-forge.test.js passed
# Subtest: test module initialization completed
ok 1 - test module initialization completed
  ---
  duration_ms: 1.088259
  type: 'test'
  ...
1..1
# tests 1
# suites 0
# pass 1
# fail 0
# cancelled 0
# skipped 0
# todo 0
# duration_ms 163.47414
[node-tests] ok: tests/converter/lineage-lowering-forge.test.js
TAP version 13
# ✔ manifest-conversion-postflight.test.js passed
# Subtest: test module initialization completed
ok 1 - test module initialization completed
  ---
  duration_ms: 1.135619
  type: 'test'
  ...
1..1
# tests 1
# suites 0
# pass 1
# fail 0
# cancelled 0
# skipped 0
# todo 0
# duration_ms 157.03758
[node-tests] ok: tests/converter/manifest-conversion-postflight.test.js
TAP version 13
# manifest-conversion-preflight.test: skipped (source weight index unavailable at models/source/glimmer-30b/model.safetensors.index.json)
# Subtest: /home/x/deco/worktrees/doppler-runtime-contract-coherence/tests/converter/manifest-conversion-preflight.test.js
ok 1 - /home/x/deco/worktrees/doppler-runtime-contract-coherence/tests/converter/manifest-conversion-preflight.test.js
  ---
  duration_ms: 123.89997
  type: 'test'
  ...
1..1
# tests 1
# suites 0
# pass 1
# fail 0
# cancelled 0
# skipped 0
# todo 0
# duration_ms 130.173012
[node-tests] ok: tests/converter/manifest-conversion-preflight.test.js
TAP version 13
# qat-quantization-info.test: ok
# Subtest: test module initialization completed
ok 1 - test module initialization completed
  ---
  duration_ms: 1.167027
  type: 'test'
  ...
1..1
# tests 1
# suites 0
# pass 1
# fail 0
# cancelled 0
# skipped 0
# todo 0
# duration_ms 199.334427
[node-tests] ok: tests/converter/qat-quantization-info.test.js
TAP version 13
# quantizer.test: ok
# Subtest: test module initialization completed
ok 1 - test module initialization completed
  ---
  duration_ms: 1.190602
  type: 'test'
  ...
1..1
# tests 1
# suites 0
# pass 1
# fail 0
# cancelled 0
# skipped 0
# todo 0
# duration_ms 173.039923
[node-tests] ok: tests/converter/quantizer.test.js
TAP version 13
# ✔ release-to-javascript-receipt.test.js passed
# Subtest: test module initialization completed
ok 1 - test module initialization completed
  ---
  duration_ms: 1.149204
  type: 'test'
  ...
1..1
# tests 1
# suites 0
# pass 1
# fail 0
# cancelled 0
# skipped 0
# todo 0
# duration_ms 114.911184
[node-tests] ok: tests/converter/release-to-javascript-receipt.test.js
TAP version 13
# rope-config.test: ok
# Subtest: test module initialization completed
ok 1 - test module initialization completed
  ---
  duration_ms: 1.084222
  type: 'test'
  ...
1..1
# tests 1
# suites 0
# pass 1
# fail 0
# cancelled 0
# skipped 0
# todo 0
# duration_ms 121.538033
[node-tests] ok: tests/converter/rope-config.test.js
TAP version 13
# [88.1ms][Config] Using manifest-first config (source of truth)
# [90.8ms][Config] Using manifest-first config (source of truth)
# rope-local-scaling-parse.test: ok
# Subtest: test module initialization completed
ok 1 - test module initialization completed
  ---
  duration_ms: 1.139295
  type: 'test'
  ...
1..1
# tests 1
# suites 0
# pass 1
# fail 0
# cancelled 0
# skipped 0
# todo 0
# duration_ms 128.864648
[node-tests] ok: tests/converter/rope-local-scaling-parse.test.js
TAP version 13
# ✔ safetensors-header-evidence.test.js passed
# Subtest: test module initialization completed
ok 1 - test module initialization completed
  ---
  duration_ms: 0.997228
  type: 'test'
  ...
1..1
# tests 1
# suites 0
# pass 1
# fail 0
# cancelled 0
# skipped 0
# todo 0
# duration_ms 107.476814
[node-tests] ok: tests/converter/safetensors-header-evidence.test.js
TAP version 13
# ✔ semantic-manifest-lowering.test.js passed
# Subtest: test module initialization completed
ok 1 - test module initialization completed
  ---
  duration_ms: 1.153402
  type: 'test'
  ...
1..1
# tests 1
# suites 0
# pass 1
# fail 0
# cancelled 0
# skipped 0
# todo 0
# duration_ms 175.803596
[node-tests] ok: tests/converter/semantic-manifest-lowering.test.js
TAP version 13
# shard-packer-contract.test: ok
# Subtest: test module initialization completed
ok 1 - test module initialization completed
  ---
  duration_ms: 1.073341
  type: 'test'
  ...
1..1
# tests 1
# suites 0
# pass 1
# fail 0
# cancelled 0
# skipped 0
# todo 0
# duration_ms 153.043238
[node-tests] ok: tests/converter/shard-packer-contract.test.js
TAP version 13
# ✔ source-acquisition.test.js passed
# Subtest: test module initialization completed
ok 1 - test module initialization completed
  ---
  duration_ms: 0.890307
  type: 'test'
  ...
1..1
# tests 1
# suites 0
# pass 1
# fail 0
# cancelled 0
# skipped 0
# todo 0
# duration_ms 107.510046
[node-tests] ok: tests/converter/source-acquisition.test.js
TAP version 13
# source-tensor-rules.test: ok
# Subtest: test module initialization completed
ok 1 - test module initialization completed
  ---
  duration_ms: 0.936714
  type: 'test'
  ...
1..1
# tests 1
# suites 0
# pass 1
# fail 0
# cancelled 0
# skipped 0
# todo 0
# duration_ms 94.649489
[node-tests] ok: tests/converter/source-tensor-rules.test.js
TAP version 13
# source-tokenizer.test: ok
# Subtest: test module initialization completed
ok 1 - test module initialization completed
  ---
  duration_ms: 0.949328
  type: 'test'
  ...
1..1
# tests 1
# suites 0
# pass 1
# fail 0
# cancelled 0
# skipped 0
# todo 0
# duration_ms 95.969354
[node-tests] ok: tests/converter/source-tokenizer.test.js
TAP version 13
# ✔ source-truth-forge.test.js passed
# Subtest: test module initialization completed
ok 1 - test module initialization completed
  ---
  duration_ms: 0.927677
  type: 'test'
  ...
1..1
# tests 1
# suites 0
# pass 1
# fail 0
# cancelled 0
# skipped 0
# todo 0
# duration_ms 123.731933
[node-tests] ok: tests/converter/source-truth-forge.test.js
TAP version 13
# ✔ tensor-role-closure.test.js passed
# Subtest: test module initialization completed
ok 1 - test module initialization completed
  ---
  duration_ms: 1.130949
  type: 'test'
  ...
1..1
# tests 1
# suites 0
# pass 1
# fail 0
# cancelled 0
# skipped 0
# todo 0
# duration_ms 159.681989
[node-tests] ok: tests/converter/tensor-role-closure.test.js
TAP version 13
# tokenizer-utils.test: ok
# Subtest: test module initialization completed
ok 1 - test module initialization completed
  ---
  duration_ms: 0.875789
  type: 'test'
  ...
1..1
# tests 1
# suites 0
# pass 1
# fail 0
# cancelled 0
# skipped 0
# todo 0
# duration_ms 90.229556
[node-tests] ok: tests/converter/tokenizer-utils.test.js
TAP version 13
# transformer-parser-embedding-postprocessor.test: ok
# Subtest: test module initialization completed
ok 1 - test module initialization completed
  ---
  duration_ms: 1.732753
  type: 'test'
  ...
1..1
# tests 1
# suites 0
# pass 1
# fail 0
# cancelled 0
# skipped 0
# todo 0
# duration_ms 116.222472
[node-tests] ok: tests/converter/transformer-parser-embedding-postprocessor.test.js
TAP version 13
# conversation.test: ok
# Subtest: test module initialization completed
ok 1 - test module initialization completed
  ---
  duration_ms: 0.933418
  type: 'test'
  ...
1..1
# tests 1
# suites 0
# pass 1
# fail 0
# cancelled 0
# skipped 0
# todo 0
# duration_ms 93.835937
[node-tests] ok: tests/demo/conversation.test.js
TAP version 13
# demo-models.test: ok
# Subtest: test module initialization completed
ok 1 - test module initialization completed
  ---
  duration_ms: 1.059756
  type: 'test'
  ...
1..1
# tests 1
# suites 0
# pass 1
# fail 0
# cancelled 0
# skipped 0
# todo 0
# duration_ms 275.991614
[node-tests] ok: tests/demo/demo-models.test.js
TAP version 13
# demo-ui-controls.test: ok
# Subtest: test module initialization completed
ok 1 - test module initialization completed
  ---
  duration_ms: 0.940832
  type: 'test'
  ...
1..1
# tests 1
# suites 0
# pass 1
# fail 0
# cancelled 0
# skipped 0
# todo 0
# duration_ms 102.325213
[node-tests] ok: tests/demo/demo-ui-controls.test.js
TAP version 13
# input.test: ok
# Subtest: test module initialization completed
ok 1 - test module initialization completed
  ---
  duration_ms: 0.896077
  type: 'test'
  ...
1..1
# tests 1
# suites 0
# pass 1
# fail 0
# cancelled 0
# skipped 0
# todo 0
# duration_ms 96.92308
[node-tests] ok: tests/demo/input.test.js
TAP version 13
# report.test: ok
# Subtest: test module initialization completed
ok 1 - test module initialization completed
  ---
  duration_ms: 0.862074
  type: 'test'
  ...
1..1
# tests 1
# suites 0
# pass 1
# fail 0
# cancelled 0
# skipped 0
# todo 0
# duration_ms 94.567605
[node-tests] ok: tests/demo/report.test.js
TAP version 13
# xray-runtime-notice.test: ok
# Subtest: test module initialization completed
ok 1 - test module initialization completed
  ---
  duration_ms: 0.896047
  type: 'test'
  ...
1..1
# tests 1
# suites 0
# pass 1
# fail 0
# cancelled 0
# skipped 0
# todo 0
# duration_ms 93.871464
[node-tests] ok: tests/demo/xray-runtime-notice.test.js
TAP version 13
# litert-types.test: ok
# Subtest: test module initialization completed
ok 1 - test module initialization completed
  ---
  duration_ms: 0.877422
  type: 'test'
  ...
1..1
# tests 1
# suites 0
# pass 1
# fail 0
# cancelled 0
# skipped 0
# todo 0
# duration_ms 111.219581
[node-tests] ok: tests/formats/litert-types.test.js
TAP version 13
# rdrr-distributed-contract.test: ok
# Subtest: test module initialization completed
ok 1 - test module initialization completed
  ---
  duration_ms: 0.972732
  type: 'test'
  ...
1..1
# tests 1
# suites 0
# pass 1
# fail 0
# cancelled 0
# skipped 0
# todo 0
# duration_ms 95.362241
[node-tests] ok: tests/formats/rdrr-distributed-contract.test.js
TAP version 13
# rdrr-integrity.test: ok
# Subtest: test module initialization completed
ok 1 - test module initialization completed
  ---
  duration_ms: 1.100052
  type: 'test'
  ...
1..1
# tests 1
# suites 0
# pass 1
# fail 0
# cancelled 0
# skipped 0
# todo 0
# duration_ms 142.570636
[node-tests] ok: tests/formats/rdrr-integrity.test.js
TAP version 13
# rdrr-lowerings: all assertions passed
# Subtest: test module initialization completed
ok 1 - test module initialization completed
  ---
  duration_ms: 1.081115
  type: 'test'
  ...
1..1
# tests 1
# suites 0
# pass 1
# fail 0
# cancelled 0
# skipped 0
# todo 0
# duration_ms 127.239417
[node-tests] ok: tests/formats/rdrr-lowerings.test.js
TAP version 13
# rdrr-merkle.test: ok
# Subtest: test module initialization completed
ok 1 - test module initialization completed
  ---
  duration_ms: 0.920333
  type: 'test'
  ...
1..1
# tests 1
# suites 0
# pass 1
# fail 0
# cancelled 0
# skipped 0
# todo 0
# duration_ms 110.503272
[node-tests] ok: tests/formats/rdrr-merkle.test.js
TAP version 13
# rdrr-parsing-contract.test: ok
# Subtest: test module initialization completed
ok 1 - test module initialization completed
  ---
  duration_ms: 1.074463
  type: 'test'
  ...
1..1
# tests 1
# suites 0
# pass 1
# fail 0
# cancelled 0
# skipped 0
# todo 0
# duration_ms 123.342188
[node-tests] ok: tests/formats/rdrr-parsing-contract.test.js
TAP version 13
# rdrr-slice-compiler.test: ok
# Subtest: test module initialization completed
ok 1 - test module initialization completed
  ---
  duration_ms: 0.864217
  type: 'test'
  ...
1..1
# tests 1
# suites 0
# pass 1
# fail 0
# cancelled 0
# skipped 0
# todo 0
# duration_ms 98.810544
[node-tests] ok: tests/formats/rdrr-slice-compiler.test.js
TAP version 13
# rdrr-tensor-config-validator-aliases.test: ok
# Subtest: test module initialization completed
ok 1 - test module initialization completed
  ---
  duration_ms: 0.955379
  type: 'test'
  ...
1..1
# tests 1
# suites 0
# pass 1
# fail 0
# cancelled 0
# skipped 0
# todo 0
# duration_ms 92.630247
[node-tests] ok: tests/formats/rdrr-tensor-config-validator-aliases.test.js
TAP version 13
# rdrr-validation.test: ok
# Subtest: test module initialization completed
ok 1 - test module initialization completed
  ---
  duration_ms: 1.005163
  type: 'test'
  ...
1..1
# tests 1
# suites 0
# pass 1
# fail 0
# cancelled 0
# skipped 0
# todo 0
# duration_ms 124.333715
[node-tests] ok: tests/formats/rdrr-validation.test.js
TAP version 13
# classification-gemma4-per-layer-embed.test: ok
# Subtest: test module initialization completed
ok 1 - test module initialization completed
  ---
  duration_ms: 0.963865
  type: 'test'
  ...
1..1
# tests 1
# suites 0
# pass 1
# fail 0
# cancelled 0
# skipped 0
# todo 0
# duration_ms 95.626048
[node-tests] ok: tests/formats/rdrr/classification-gemma4-per-layer-embed.test.js
TAP version 13
# tflite-types.test: ok
# Subtest: test module initialization completed
ok 1 - test module initialization completed
  ---
  duration_ms: 1.264922
  type: 'test'
  ...
1..1
# tests 1
# suites 0
# pass 1
# fail 0
# cancelled 0
# skipped 0
# todo 0
# duration_ms 119.021752
[node-tests] ok: tests/formats/tflite-types.test.js
TAP version 13
# adam-logical-shape-contract.test: ok
# Subtest: test module initialization completed
ok 1 - test module initialization completed
  ---
  duration_ms: 1.107195
  type: 'test'
  ...
1..1
# tests 1
# suites 0
# pass 1
# fail 0
# cancelled 0
# skipped 0
# todo 0
# duration_ms 96.86453
[node-tests] ok: tests/gpu/adam-logical-shape-contract.test.js
TAP version 13
# [115.5ms][KernelSelect] attention variant=decode_online_f16kv reason=subgroup_capable
# [124.6ms][KernelSelect] attention variant=decode_online_head256_f16kv_output_gate reason=path_override:subgroup
# attention-online-constants.test: ok
# Subtest: test module initialization completed
ok 1 - test module initialization completed
  ---
  duration_ms: 1.160515
  type: 'test'
  ...
1..1
# tests 1
# suites 0
# pass 1
# fail 0
# cancelled 0
# skipped 0
# todo 0
# duration_ms 168.507054
[node-tests] ok: tests/gpu/attention-online-constants.test.js
TAP version 13
# cast-large-dispatch-contract.test: ok
# Subtest: test module initialization completed
ok 1 - test module initialization completed
  ---
  duration_ms: 1.382243
  type: 'test'
  ...
1..1
# tests 1
# suites 0
# pass 1
# fail 0
# cancelled 0
# skipped 0
# todo 0
# duration_ms 114.886305
[node-tests] ok: tests/gpu/cast-large-dispatch-contract.test.js
TAP version 13
# check-stop-cleanup.test: ok
# Subtest: test module initialization completed
ok 1 - test module initialization completed
  ---
  duration_ms: 1.128435
  type: 'test'
  ...
1..1
# tests 1
# suites 0
# pass 1
# fail 0
# cancelled 0
# skipped 0
# todo 0
# duration_ms 129.656729
[node-tests] ok: tests/gpu/check-stop-cleanup.test.js
TAP version 13
# [78.3ms][CommandRecorder] Deferred cleanup failed: device lost
# [90.7ms][CommandRecorder] Failed to initialize profiling: Error: createBuffer failed at 2
# command-recorder-cleanup.test: ok
# Subtest: test module initialization completed
ok 1 - test module initialization completed
  ---
  duration_ms: 1.029548
  type: 'test'
  ...
1..1
# tests 1
# suites 0
# pass 1
# fail 0
# cancelled 0
# skipped 0
# todo 0
# duration_ms 127.76729
[node-tests] ok: tests/gpu/command-recorder-cleanup.test.js
TAP version 13
# cross-entropy-ignore-contract.test: ok
# Subtest: test module initialization completed
ok 1 - test module initialization completed
  ---
  duration_ms: 1.160735
  type: 'test'
  ...
1..1
# tests 1
# suites 0
# pass 1
# fail 0
# cancelled 0
# skipped 0
# todo 0
# duration_ms 88.407233
[node-tests] ok: tests/gpu/cross-entropy-ignore-contract.test.js
TAP version 13
# dequant-numeric.test: ok
# Subtest: test module initialization completed
ok 1 - test module initialization completed
  ---
  duration_ms: 1.142531
  type: 'test'
  ...
1..1
# tests 1
# suites 0
# pass 1
# fail 0
# cancelled 0
# skipped 0
# todo 0
# duration_ms 144.065019
[node-tests] ok: tests/gpu/dequant-numeric.test.js
TAP version 13
# [93.6ms][GPU] Device lost: current device lost, Reason: destroyed
# [96.4ms][GPU] Device lost: current device lost, Reason: destroyed
# device-buffer-pool-epoch.test: ok
# Subtest: test module initialization completed
ok 1 - test module initialization completed
  ---
  duration_ms: 1.016214
  type: 'test'
  ...
1..1
# tests 1
# suites 0
# pass 1
# fail 0
# cancelled 0
# skipped 0
# todo 0
# duration_ms 133.942619
[node-tests] ok: tests/gpu/device-buffer-pool-epoch.test.js
TAP version 13
# [78.3ms][Platform] No specific platform matched for adapter (vendor=unit, arch=feature-retry), falling back to generic
# [83.5ms][GPU] Failed to request device with features [shader-f16, subgroups, timestamp-query]: timestamp-query denied in this context
# [GPU] unit feature-retry, f16/subgroups, 0.0GB, submit probe: 0.0ms
# device-feature-retry.test: ok
# Subtest: test module initialization completed
ok 1 - test module initialization completed
  ---
  duration_ms: 1.13645
  type: 'test'
  ...
1..1
# tests 1
# suites 0
# pass 1
# fail 0
# cancelled 0
# skipped 0
# todo 0
# duration_ms 123.560728
[node-tests] ok: tests/gpu/device-feature-retry.test.js
TAP version 13
# device-gpubuffer-constructor.test: ok
# Subtest: test module initialization completed
ok 1 - test module initialization completed
  ---
  duration_ms: 1.017797
  type: 'test'
  ...
1..1
# tests 1
# suites 0
# pass 1
# fail 0
# cancelled 0
# skipped 0
# todo 0
# duration_ms 130.010724
[node-tests] ok: tests/gpu/device-gpubuffer-constructor.test.js
TAP version 13
# [91.9ms][Platform] No specific platform matched for adapter (vendor=unit, arch=device-ownership), falling back to generic
# [GPU] unit device-ownership, basic, 0.0GB
# [100.2ms][Platform] No specific platform matched for adapter (vendor=unit, arch=device-ownership), falling back to generic
# [GPU] unit device-ownership, basic, 0.0GB
# device-ownership-contract.test: ok
# Subtest: test module initialization completed
ok 1 - test module initialization completed
  ---
  duration_ms: 1.031903
  type: 'test'
  ...
1..1
# tests 1
# suites 0
# pass 1
# fail 0
# cancelled 0
# skipped 0
# todo 0
# duration_ms 136.860672
[node-tests] ok: tests/gpu/device-ownership-contract.test.js
TAP version 13
# dispatch-device-loss-context.test: ok
# Subtest: test module initialization completed
ok 1 - test module initialization completed
  ---
  duration_ms: 1.044417
  type: 'test'
  ...
1..1
# tests 1
# suites 0
# pass 1
# fail 0
# cancelled 0
# skipped 0
# todo 0
# duration_ms 122.837266
[node-tests] ok: tests/gpu/dispatch-device-loss-context.test.js
TAP version 13
# energy-cleanup.test: ok
# Subtest: test module initialization completed
ok 1 - test module initialization completed
  ---
  duration_ms: 1.096575
  type: 'test'
  ...
1..1
# tests 1
# suites 0
# pass 1
# fail 0
# cancelled 0
# skipped 0
# todo 0
# duration_ms 135.689046
[node-tests] ok: tests/gpu/energy-cleanup.test.js
TAP version 13
# gather-contract.test: ok
# Subtest: test module initialization completed
ok 1 - test module initialization completed
  ---
  duration_ms: 0.978482
  type: 'test'
  ...
1..1
# tests 1
# suites 0
# pass 1
# fail 0
# cancelled 0
# skipped 0
# todo 0
# duration_ms 135.915923
[node-tests] ok: tests/gpu/gather-contract.test.js
TAP version 13
# [147.9ms][KernelSelect] matmul variant=q4_fused_gemv reason=path_override
# kernel-contract-regressions.test: ok
# Subtest: test module initialization completed
ok 1 - test module initialization completed
  ---
  duration_ms: 1.148994
  type: 'test'
  ...
1..1
# tests 1
# suites 0
# pass 1
# fail 0
# cancelled 0
# skipped 0
# todo 0
# duration_ms 191.007552
[node-tests] ok: tests/gpu/kernel-contract-regressions.test.js
TAP version 13
# [141.6ms][KernelSelect] matmul variant=gemv_subgroup_vec4 reason=gemv
# [142.4ms][KernelSelect] matmul variant=f32 reason=default
# kernel-wrapper-cleanup.test: ok
# Subtest: test module initialization completed
ok 1 - test module initialization completed
  ---
  duration_ms: 1.100232
  type: 'test'
  ...
1..1
# tests 1
# suites 0
# pass 1
# fail 0
# cancelled 0
# skipped 0
# todo 0
# duration_ms 184.808199
[node-tests] ok: tests/gpu/kernel-wrapper-cleanup.test.js
TAP version 13
# Subtest: test module initialization completed
ok 1 - test module initialization completed
  ---
  duration_ms: 0.999573
  type: 'test'
  ...
1..1
# tests 1
# suites 0
# pass 1
# fail 0
# cancelled 0
# skipped 0
# todo 0
# duration_ms 158.398809
[node-tests] ok: tests/gpu/lm-head-argmax-recorder.test.js
TAP version 13
# [81.6ms][LogitMerge] Kernel initialized
# [84.4ms][LogitMerge] Kernel initialized
# [85.8ms][LogitMerge] Kernel initialized
# [86.8ms][LogitMerge] Kernel initialized
# [87.7ms][LogitMerge] Kernel initialized
# logit-merge-cleanup.test: ok
# Subtest: test module initialization completed
ok 1 - test module initialization completed
  ---
  duration_ms: 1.06741
  type: 'test'
  ...
1..1
# tests 1
# suites 0
# pass 1
# fail 0
# cancelled 0
# skipped 0
# todo 0
# duration_ms 126.778888
[node-tests] ok: tests/gpu/logit-merge-cleanup.test.js
TAP version 13
# matmul-backward-transpose-contract.test: ok
# Subtest: test module initialization completed
ok 1 - test module initialization completed
  ---
  duration_ms: 1.087729
  type: 'test'
  ...
1..1
# tests 1
# suites 0
# pass 1
# fail 0
# cancelled 0
# skipped 0
# todo 0
# duration_ms 167.73531
[node-tests] ok: tests/gpu/matmul-backward-transpose-contract.test.js
TAP version 13
# matmul-dispatch-contract.test: ok
# Subtest: test module initialization completed
ok 1 - test module initialization completed
  ---
  duration_ms: 1.112494
  type: 'test'
  ...
1..1
# tests 1
# suites 0
# pass 1
# fail 0
# cancelled 0
# skipped 0
# todo 0
# duration_ms 133.187325
[node-tests] ok: tests/gpu/matmul-dispatch-contract.test.js
TAP version 13
# pipeline-cache-hot-path.test: ok
# Subtest: test module initialization completed
ok 1 - test module initialization completed
  ---
  duration_ms: 1.052512
  type: 'test'
  ...
1..1
# tests 1
# suites 0
# pass 1
# fail 0
# cancelled 0
# skipped 0
# todo 0
# duration_ms 126.980788
[node-tests] ok: tests/gpu/pipeline-cache-hot-path.test.js
TAP version 13
# Subtest: layout identity uses descriptors, including WebGPU defaults, and ordered layout objects
ok 1 - layout identity uses descriptors, including WebGPU defaults, and ordered layout objects
  ---
  duration_ms: 7.465928
  type: 'test'
  ...
# Subtest: compute cache distinguishes actual layouts and shader bytes
ok 2 - compute cache distinguishes actual layouts and shader bytes
  ---
  duration_ms: 1.346655
  type: 'test'
  ...
# [105.8ms][GPU] Device lost: injected loss, Reason: unknown
# Subtest: concurrent compilation is shared, failures retry, and sync lookup never returns a promise
ok 3 - concurrent compilation is shared, failures retry, and sync lookup never returns a promise
  ---
  duration_ms: 2.2306
  type: 'test'
  ...
# Subtest: device loss during compilation rejects the result and cannot populate the cache
ok 4 - device loss during compilation rejects the result and cannot populate the cache
  ---
  duration_ms: 1.928061
  type: 'test'
  ...
# Subtest: device replacement while shader diagnostics are pending cannot compile a pipeline
ok 5 - device replacement while shader diagnostics are pending cannot compile a pipeline
  ---
  duration_ms: 0.775891
  type: 'test'
  ...
# Subtest: clearing caches during compilation prevents late cache publication
ok 6 - clearing caches during compilation prevents late cache publication
  ---
  duration_ms: 0.447212
  type: 'test'
  ...
# Subtest: test module initialization completed
ok 7 - test module initialization completed
  ---
  duration_ms: 0.038342
  type: 'test'
  ...
1..7
# tests 7
# suites 0
# pass 7
# fail 0
# cancelled 0
# skipped 0
# todo 0
# duration_ms 143.402551
[node-tests] ok: tests/gpu/pipeline-cache-identity.test.js
TAP version 13
# readback-utils.test: ok
# Subtest: test module initialization completed
ok 1 - test module initialization completed
  ---
  duration_ms: 2.133697
  type: 'test'
  ...
1..1
# tests 1
# suites 0
# pass 1
# fail 0
# cancelled 0
# skipped 0
# todo 0
# duration_ms 97.366534
[node-tests] ok: tests/gpu/readback-utils.test.js
TAP version 13
# rep-penalty-rules.test: ok
# Subtest: test module initialization completed
ok 1 - test module initialization completed
  ---
  duration_ms: 0.974846
  type: 'test'
  ...
1..1
# tests 1
# suites 0
# pass 1
# fail 0
# cancelled 0
# skipped 0
# todo 0
# duration_ms 126.784488
[node-tests] ok: tests/gpu/rep-penalty-rules.test.js
TAP version 13
# rope-precompute-dispatch-contract.test: ok
# Subtest: test module initialization completed
ok 1 - test module initialization completed
  ---
  duration_ms: 1.007708
  type: 'test'
  ...
1..1
# tests 1
# suites 0
# pass 1
# fail 0
# cancelled 0
# skipped 0
# todo 0
# duration_ms 133.804026
[node-tests] ok: tests/gpu/rope-precompute-dispatch-contract.test.js
TAP version 13
# rule-matcher.test: ok
# Subtest: test module initialization completed
ok 1 - test module initialization completed
  ---
  duration_ms: 0.885758
  type: 'test'
  ...
1..1
# tests 1
# suites 0
# pass 1
# fail 0
# cancelled 0
# skipped 0
# todo 0
# duration_ms 99.990735
[node-tests] ok: tests/gpu/rule-matcher.test.js
TAP version 13
# runtime-infra-regressions.test: ok
# Subtest: test module initialization completed
ok 1 - test module initialization completed
  ---
  duration_ms: 1.139425
  type: 'test'
  ...
1..1
# tests 1
# suites 0
# pass 1
# fail 0
# cancelled 0
# skipped 0
# todo 0
# duration_ms 132.925392
[node-tests] ok: tests/gpu/runtime-infra-regressions.test.js
TAP version 13
# sample-cleanup.test: ok
# Subtest: test module initialization completed
ok 1 - test module initialization completed
  ---
  duration_ms: 1.960762
  type: 'test'
  ...
1..1
# tests 1
# suites 0
# pass 1
# fail 0
# cancelled 0
# skipped 0
# todo 0
# duration_ms 172.967601
[node-tests] ok: tests/gpu/sample-cleanup.test.js
TAP version 13
# shader-source-scope.test: ok (contract doubles, not GPU execution)
# Subtest: test module initialization completed
ok 1 - test module initialization completed
  ---
  duration_ms: 0.8974
  type: 'test'
  ...
1..1
# tests 1
# suites 0
# pass 1
# fail 0
# cancelled 0
# skipped 0
# todo 0
# duration_ms 105.887949
[node-tests] ok: tests/gpu/shader-source-scope.test.js
TAP version 13
# unified-wrapper-cleanup.test: ok
# Subtest: test module initialization completed
ok 1 - test module initialization completed
  ---
  duration_ms: 1.083981
  type: 'test'
  ...
1..1
# tests 1
# suites 0
# pass 1
# fail 0
# cancelled 0
# skipped 0
# todo 0
# duration_ms 159.577287
[node-tests] ok: tests/gpu/unified-wrapper-cleanup.test.js
TAP version 13
# uniform-array-buffer.test: ok
# Subtest: test module initialization completed
ok 1 - test module initialization completed
  ---
  duration_ms: 1.104018
  type: 'test'
  ...
1..1
# tests 1
# suites 0
# pass 1
# fail 0
# cancelled 0
# skipped 0
# todo 0
# duration_ms 125.311304
[node-tests] ok: tests/gpu/uniform-array-buffer.test.js
TAP version 13
# weight-buffer-provider-buffer.test: ok
# Subtest: test module initialization completed
ok 1 - test module initialization completed
  ---
  duration_ms: 0.902339
  type: 'test'
  ...
1..1
# tests 1
# suites 0
# pass 1
# fail 0
# cancelled 0
# skipped 0
# todo 0
# duration_ms 99.704205
[node-tests] ok: tests/gpu/weight-buffer-provider-buffer.test.js
TAP version 13
# attention-kv-precision-contract.test: ok
# Subtest: test module initialization completed
ok 1 - test module initialization completed
  ---
  duration_ms: 1.158111
  type: 'test'
  ...
1..1
# tests 1
# suites 0
# pass 1
# fail 0
# cancelled 0
# skipped 0
# todo 0
# duration_ms 110.671457
[node-tests] ok: tests/inference/attention-kv-precision-contract.test.js
TAP version 13
# attention-kv-precision-source.test: ok
# Subtest: test module initialization completed
ok 1 - test module initialization completed
  ---
  duration_ms: 0.925242
  type: 'test'
  ...
1..1
# tests 1
# suites 0
# pass 1
# fail 0
# cancelled 0
# skipped 0
# todo 0
# duration_ms 104.60864
[node-tests] ok: tests/inference/attention-kv-precision-source.test.js
TAP version 13
# attention-output-projection.test: ok
# Subtest: test module initialization completed
ok 1 - test module initialization completed
  ---
  duration_ms: 0.947184
  type: 'test'
  ...
1..1
# tests 1
# suites 0
# pass 1
# fail 0
# cancelled 0
# skipped 0
# todo 0
# duration_ms 111.825579
[node-tests] ok: tests/inference/attention-output-projection.test.js
TAP version 13
# Subtest: immediate and recorded modes consume the identical semantic plan
ok 1 - immediate and recorded modes consume the identical semantic plan
  ---
  duration_ms: 3.736505
  type: 'test'
  ...
# Subtest: changing one semantic decision changes the plan identity
ok 2 - changing one semantic decision changes the plan identity
  ---
  duration_ms: 0.909372
  type: 'test'
  ...
# Subtest: query scaling and NoPE are immutable plan identity
ok 3 - query scaling and NoPE are immutable plan identity
  ---
  duration_ms: 1.148082
  type: 'test'
  ...
# Subtest: semantic plans are deeply immutable and JSON-safe
ok 4 - semantic plans are deeply immutable and JSON-safe
  ---
  duration_ms: 0.712592
  type: 'test'
  ...
# Subtest: characterization matrix covers phase, dtype, capability, KV, fusion, LoRA, gate, and failure contracts
ok 5 - characterization matrix covers phase, dtype, capability, KV, fusion, LoRA, gate, and failure contracts
  ---
  duration_ms: 15.015254
  type: 'test'
  ...
# Subtest: test module initialization completed
ok 6 - test module initialization completed
  ---
  duration_ms: 0.075993
  type: 'test'
  ...
1..6
# tests 6
# suites 0
# pass 6
# fail 0
# cancelled 0
# skipped 0
# todo 0
# duration_ms 137.250575
[node-tests] ok: tests/inference/attention-plan.test.js
TAP version 13
# attention-projection-dtype.test: ok
# Subtest: test module initialization completed
ok 1 - test module initialization completed
  ---
  duration_ms: 1.006024
  type: 'test'
  ...
1..1
# tests 1
# suites 0
# pass 1
# fail 0
# cancelled 0
# skipped 0
# todo 0
# duration_ms 176.032743
[node-tests] ok: tests/inference/attention-projection-dtype.test.js
TAP version 13
# attention-projection-offsets.test: ok
# Subtest: test module initialization completed
ok 1 - test module initialization completed
  ---
  duration_ms: 1.062311
  type: 'test'
  ...
1..1
# tests 1
# suites 0
# pass 1
# fail 0
# cancelled 0
# skipped 0
# todo 0
# duration_ms 203.31786
[node-tests] ok: tests/inference/attention-projection-offsets.test.js
TAP version 13
# [134.3ms][KernelSelect] matmul variant=f32 reason=default
# attention-projections-cleanup.test: ok
# Subtest: test module initialization completed
ok 1 - test module initialization completed
  ---
  duration_ms: 1.029288
  type: 'test'
  ...
1..1
# tests 1
# suites 0
# pass 1
# fail 0
# cancelled 0
# skipped 0
# todo 0
# duration_ms 184.637786
[node-tests] ok: tests/inference/attention-projections-cleanup.test.js
TAP version 13
# attention-quant-options.test: ok
# Subtest: test module initialization completed
ok 1 - test module initialization completed
  ---
  duration_ms: 0.959307
  type: 'test'
  ...
1..1
# tests 1
# suites 0
# pass 1
# fail 0
# cancelled 0
# skipped 0
# todo 0
# duration_ms 105.156401
[node-tests] ok: tests/inference/attention-quant-options.test.js
TAP version 13
# [157.5ms][KernelSelect] matmul variant=f32 reason=default
# attention-run-cleanup.test: ok
# Subtest: test module initialization completed
ok 1 - test module initialization completed
  ---
  duration_ms: 1.073491
  type: 'test'
  ...
1..1
# tests 1
# suites 0
# pass 1
# fail 0
# cancelled 0
# skipped 0
# todo 0
# duration_ms 204.13527
[node-tests] ok: tests/inference/attention-run-cleanup.test.js
TAP version 13
# attention-softmax-stability.test: ok
# Subtest: test module initialization completed
ok 1 - test module initialization completed
  ---
  duration_ms: 0.952613
  type: 'test'
  ...
1..1
# tests 1
# suites 0
# pass 1
# fail 0
# cancelled 0
# skipped 0
# todo 0
# duration_ms 101.230769
[node-tests] ok: tests/inference/attention-softmax-stability.test.js
TAP version 13
# bdpa-steamroller.test: ok
# Subtest: test module initialization completed
ok 1 - test module initialization completed
  ---
  duration_ms: 0.947434
  type: 'test'
  ...
1..1
# tests 1
# suites 0
# pass 1
# fail 0
# cancelled 0
# skipped 0
# todo 0
# duration_ms 118.92102
[node-tests] ok: tests/inference/bdpa-steamroller.test.js
TAP version 13
# Warning: maxDynamicUniformBuffersPerPipelineLayout artificially reduced from 500000 to 16 to fit dynamic offset allocation limit.
# Warning: maxDynamicStorageBuffersPerPipelineLayout artificially reduced from 500000 to 16 to fit dynamic offset allocation limit.
# [GPU] amd rdna-3, f16/subgroups, 4.0GB, submit probe: 0.6ms
# [163.4ms][KernelSelect] matmul variant=bf16w_f32a reason=path_override
# [168.5ms][KernelSelect] matmul variant=gemv_subgroup_bf16w_vec4 reason=path_override
# bf16-weight-kernels-gpu-regression.test: ok
# Subtest: test module initialization completed
ok 1 - test module initialization completed
  ---
  duration_ms: 1.474446
  type: 'test'
  ...
1..1
# tests 1
# suites 0
# pass 1
# fail 0
# cancelled 0
# skipped 0
# todo 0
# duration_ms 226.706601
[node-tests] ok: tests/inference/bf16-weight-kernels-gpu-regression.test.js
TAP version 13
# [79.3ms][BufferPool] Deferred destruction failed: device lost
# buffer-pool-cleanup.test: ok
# Subtest: test module initialization completed
ok 1 - test module initialization completed
  ---
  duration_ms: 1.079413
  type: 'test'
  ...
1..1
# tests 1
# suites 0
# pass 1
# fail 0
# cancelled 0
# skipped 0
# todo 0
# duration_ms 126.946341
[node-tests] ok: tests/inference/buffer-pool-cleanup.test.js
TAP version 13
# [88.5ms][Config] Using manifest-first config (source of truth)
# [90.7ms][Config] Using manifest-first config (source of truth)
# [90.8ms][Config] Using manifest-first config (source of truth)
# [91.9ms][Config] Using manifest-first config (source of truth)
# [92.1ms][Config] Using manifest-first config (source of truth)
# config-lfm2-intermediate-runtime.test: ok
# Subtest: test module initialization completed
ok 1 - test module initialization completed
  ---
  duration_ms: 1.091315
  type: 'test'
  ...
1..1
# tests 1
# suites 0
# pass 1
# fail 0
# cancelled 0
# skipped 0
# todo 0
# duration_ms 129.008635
[node-tests] ok: tests/inference/config-lfm2-intermediate-runtime.test.js
TAP version 13
# decode-ring.test: ok
# Subtest: test module initialization completed
ok 1 - test module initialization completed
  ---
  duration_ms: 1.41805
  type: 'test'
  ...
1..1
# tests 1
# suites 0
# pass 1
# fail 0
# cancelled 0
# skipped 0
# todo 0
# duration_ms 134.598009
[node-tests] ok: tests/inference/decode-ring.test.js
TAP version 13
# Subtest: DiffusionGemma dense_plus_moe branch keeps dense intermediate width unchanged
ok 1 - DiffusionGemma dense_plus_moe branch keeps dense intermediate width unchanged
  ---
  duration_ms: 3.583077
  type: 'test'
  ...
# Subtest: invalid FFN branch mode fails manifest inference validation
ok 2 - invalid FFN branch mode fails manifest inference validation
  ---
  duration_ms: 0.468112
  type: 'test'
  ...
# Subtest: DiffusionGemma declares explicit prefill override f32 to f16 cast
ok 3 - DiffusionGemma declares explicit prefill override f32 to f16 cast
  ---
  duration_ms: 0.891078
  type: 'test'
  ...
# Subtest: test module initialization completed
ok 4 - test module initialization completed
  ---
  duration_ms: 0.059963
  type: 'test'
  ...
1..4
# tests 4
# suites 0
# pass 4
# fail 0
# cancelled 0
# skipped 0
# todo 0
# duration_ms 221.275073
[node-tests] ok: tests/inference/diffusion-gemma-config-contract.test.js
TAP version 13
# [254.9ms][DiffusionGemma] Loaded block-diffusion contract: canvas=3, steps=2, vocab=8
# [258.0ms][DiffusionGemma] Loaded block-diffusion contract: canvas=2, steps=1, vocab=8
# [258.9ms][DiffusionGemma] Loaded block-diffusion contract: canvas=4, steps=4, vocab=8
# diffusion-gemma-sampling.test: ok
# Subtest: test module initialization completed
ok 1 - test module initialization completed
  ---
  duration_ms: 1.128655
  type: 'test'
  ...
1..1
# tests 1
# suites 0
# pass 1
# fail 0
# cancelled 0
# skipped 0
# todo 0
# duration_ms 304.088421
[node-tests] ok: tests/inference/diffusion-gemma-sampling.test.js
TAP version 13
# [233.9ms][EnergyRowHead] Loaded model "energy-row-head-test" (energy_row_head)
# [235.0ms][EnergyRowHead] Loaded model "dream-bridge-test" (d1-to2-bridge-diffusion)
# [235.2ms][EnergyRowHead] Loaded model "dream-synth-test" (synthesis-mixer-diffusion)
# [235.3ms][EnergyRowHead] Loaded model "dream-ebrm-test" (ebrm-diffusion)
# [235.6ms][EnergyRowHead] Loaded model "dream-energy-head-test" (dream_energy_head)
# Subtest: test module initialization completed
ok 1 - test module initialization completed
  ---
  duration_ms: 1.094141
  type: 'test'
  ...
1..1
# tests 1
# suites 0
# pass 1
# fail 0
# cancelled 0
# skipped 0
# todo 0
# duration_ms 273.588329
[node-tests] ok: tests/inference/dream-energy-head-pipeline.test.js
TAP version 13
# Subtest: test module initialization completed
ok 1 - test module initialization completed
  ---
  duration_ms: 0.956021
  type: 'test'
  ...
1..1
# tests 1
# suites 0
# pass 1
# fail 0
# cancelled 0
# skipped 0
# todo 0
# duration_ms 277.336657
[node-tests] ok: tests/inference/dream-structured-pipeline.test.js
TAP version 13
# dtype-contract-step-precision.test: ok
# Subtest: test module initialization completed
ok 1 - test module initialization completed
  ---
  duration_ms: 0.87092
  type: 'test'
  ...
1..1
# tests 1
# suites 0
# pass 1
# fail 0
# cancelled 0
# skipped 0
# todo 0
# duration_ms 95.70333
[node-tests] ok: tests/inference/dtype-contract-step-precision.test.js
TAP version 13
# embed-cpu-f16-gather.test: ok
# Subtest: test module initialization completed
ok 1 - test module initialization completed
  ---
  duration_ms: 1.277395
  type: 'test'
  ...
1..1
# tests 1
# suites 0
# pass 1
# fail 0
# cancelled 0
# skipped 0
# todo 0
# duration_ms 177.05208
[node-tests] ok: tests/inference/embed-cpu-f16-gather.test.js
TAP version 13
# embedding-normalization-contract.test: ok
# Subtest: test module initialization completed
ok 1 - test module initialization completed
  ---
  duration_ms: 1.212864
  type: 'test'
  ...
1..1
# tests 1
# suites 0
# pass 1
# fail 0
# cancelled 0
# skipped 0
# todo 0
# duration_ms 99.704284
[node-tests] ok: tests/inference/embedding-normalization-contract.test.js
TAP version 13
# embedding-semantic-details.test: ok
# Subtest: test module initialization completed
ok 1 - test module initialization completed
  ---
  duration_ms: 1.0148
  type: 'test'
  ...
1..1
# tests 1
# suites 0
# pass 1
# fail 0
# cancelled 0
# skipped 0
# todo 0
# duration_ms 211.678582
[node-tests] ok: tests/inference/embedding-semantic-details.test.js
TAP version 13
# embedding-semantic-fixtures-contract.test: ok
# Subtest: test module initialization completed
ok 1 - test module initialization completed
  ---
  duration_ms: 1.013418
  type: 'test'
  ...
1..1
# tests 1
# suites 0
# pass 1
# fail 0
# cancelled 0
# skipped 0
# todo 0
# duration_ms 201.052012
[node-tests] ok: tests/inference/embedding-semantic-fixtures-contract.test.js
TAP version 13
# embedding-state-reset.test: ok
# Subtest: test module initialization completed
ok 1 - test module initialization completed
  ---
  duration_ms: 1.054796
  type: 'test'
  ...
1..1
# tests 1
# suites 0
# pass 1
# fail 0
# cancelled 0
# skipped 0
# todo 0
# duration_ms 267.459357
[node-tests] ok: tests/inference/embedding-state-reset.test.js
TAP version 13
# embedding-without-eos.test: ok
# Subtest: test module initialization completed
ok 1 - test module initialization completed
  ---
  duration_ms: 0.921836
  type: 'test'
  ...
1..1
# tests 1
# suites 0
# pass 1
# fail 0
# cancelled 0
# skipped 0
# todo 0
# duration_ms 113.739652
[node-tests] ok: tests/inference/embedding-without-eos.test.js
TAP version 13
# execution-inline-kernel-path-phase-overrides.test: ok
# Subtest: test module initialization completed
ok 1 - test module initialization completed
  ---
  duration_ms: 1.045037
  type: 'test'
  ...
1..1
# tests 1
# suites 0
# pass 1
# fail 0
# cancelled 0
# skipped 0
# todo 0
# duration_ms 111.803647
[node-tests] ok: tests/inference/execution-inline-kernel-path-phase-overrides.test.js
TAP version 13
# [155.2ms][ExecutionPlan] Using transform-based finiteness fallback kernel path: gemma3-f16-fused-f32a-online
# [157.7ms][ExecutionPlan] Using transform-based finiteness fallback kernel path: gemma3-f16-fused-f32a-online
# [158.2ms][ExecutionPlan] Using transform-based finiteness fallback kernel path: gemma3-f16-fused-f32a-online
# [158.3ms][ExecutionPlan] Using transform-based finiteness fallback kernel path: gemma-inline-fallback-transform
# execution-plan.test: ok
# Subtest: test module initialization completed
ok 1 - test module initialization completed
  ---
  duration_ms: 1.034047
  type: 'test'
  ...
1..1
# tests 1
# suites 0
# pass 1
# fail 0
# cancelled 0
# skipped 0
# todo 0
# duration_ms 200.460778
[node-tests] ok: tests/inference/execution-plan.test.js
TAP version 13
# ffn-execution-v1-precision-contract.test: ok
# Subtest: test module initialization completed
ok 1 - test module initialization completed
  ---
  duration_ms: 1.558014
  type: 'test'
  ...
1..1
# tests 1
# suites 0
# pass 1
# fail 0
# cancelled 0
# skipped 0
# todo 0
# duration_ms 209.114734
[node-tests] ok: tests/inference/ffn-execution-v1-precision-contract.test.js
TAP version 13
# ffn-mixed-q4k-materialization-contract.test: ok
# Subtest: test module initialization completed
ok 1 - test module initialization completed
  ---
  duration_ms: 1.138484
  type: 'test'
  ...
1..1
# tests 1
# suites 0
# pass 1
# fail 0
# cancelled 0
# skipped 0
# todo 0
# duration_ms 194.131259
[node-tests] ok: tests/inference/ffn-mixed-q4k-materialization-contract.test.js
TAP version 13
# finiteness-guard-status.test: ok
# Subtest: test module initialization completed
ok 1 - test module initialization completed
  ---
  duration_ms: 0.966821
  type: 'test'
  ...
1..1
# tests 1
# suites 0
# pass 1
# fail 0
# cancelled 0
# skipped 0
# todo 0
# duration_ms 108.116584
[node-tests] ok: tests/inference/finiteness-guard-status.test.js
TAP version 13
# finiteness-overflow-gate.test: ok
# Subtest: test module initialization completed
ok 1 - test module initialization completed
  ---
  duration_ms: 1.038145
  type: 'test'
  ...
1..1
# tests 1
# suites 0
# pass 1
# fail 0
# cancelled 0
# skipped 0
# todo 0
# duration_ms 122.535675
[node-tests] ok: tests/inference/finiteness-overflow-gate.test.js
TAP version 13
# finiteness-policy.test: ok
# Subtest: test module initialization completed
ok 1 - test module initialization completed
  ---
  duration_ms: 0.965528
  type: 'test'
  ...
1..1
# tests 1
# suites 0
# pass 1
# fail 0
# cancelled 0
# skipped 0
# todo 0
# duration_ms 93.9882
[node-tests] ok: tests/inference/finiteness-policy.test.js
TAP version 13
# first-load-composition.test: ok
# Subtest: test module initialization completed
ok 1 - test module initialization completed
  ---
  duration_ms: 0.935051
  type: 'test'
  ...
1..1
# tests 1
# suites 0
# pass 1
# fail 0
# cancelled 0
# skipped 0
# todo 0
# duration_ms 98.304788
[node-tests] ok: tests/inference/first-load-composition.test.js
TAP version 13
# Warning: maxDynamicUniformBuffersPerPipelineLayout artificially reduced from 500000 to 16 to fit dynamic offset allocation limit.
# Warning: maxDynamicStorageBuffersPerPipelineLayout artificially reduced from 500000 to 16 to fit dynamic offset allocation limit.
# [GPU] amd rdna-3, f16/subgroups, 4.0GB, submit probe: 0.5ms
# fused-ffn-gelu-gpu-regression.test: ok
# Subtest: test module initialization completed
ok 1 - test module initialization completed
  ---
  duration_ms: 1.546031
  type: 'test'
  ...
1..1
# tests 1
# suites 0
# pass 1
# fail 0
# cancelled 0
# skipped 0
# todo 0
# duration_ms 223.756393
[node-tests] ok: tests/inference/fused-ffn-gelu-gpu-regression.test.js
TAP version 13
# Warning: maxDynamicUniformBuffersPerPipelineLayout artificially reduced from 500000 to 16 to fit dynamic offset allocation limit.
# Warning: maxDynamicStorageBuffersPerPipelineLayout artificially reduced from 500000 to 16 to fit dynamic offset allocation limit.
# [GPU] amd rdna-3, f16/subgroups, 4.0GB, submit probe: 0.4ms
# fused-ffn-q4-metal-simd16-gpu-regression.test: skipped (requires Apple Metal subgroups)
# Subtest: /home/x/deco/worktrees/doppler-runtime-contract-coherence/tests/inference/fused-ffn-q4-metal-simd16-gpu-regression.test.js
ok 1 - /home/x/deco/worktrees/doppler-runtime-contract-coherence/tests/inference/fused-ffn-q4-metal-simd16-gpu-regression.test.js
  ---
  duration_ms: 216.611068
  type: 'test'
  ...
1..1
# tests 1
# suites 0
# pass 1
# fail 0
# cancelled 0
# skipped 0
# todo 0
# duration_ms 222.788341
[node-tests] ok: tests/inference/fused-ffn-q4-metal-simd16-gpu-regression.test.js
TAP version 13
# Warning: maxDynamicUniformBuffersPerPipelineLayout artificially reduced from 500000 to 16 to fit dynamic offset allocation limit.
# Warning: maxDynamicStorageBuffersPerPipelineLayout artificially reduced from 500000 to 16 to fit dynamic offset allocation limit.
# [GPU] amd rdna-3, f16/subgroups, 4.0GB, submit probe: 0.4ms
# fused-matmul-q4-metal-simd16-gpu-regression.test: skipped (requires Apple Metal subgroups)
# Subtest: /home/x/deco/worktrees/doppler-runtime-contract-coherence/tests/inference/fused-matmul-q4-metal-simd16-gpu-regression.test.js
ok 1 - /home/x/deco/worktrees/doppler-runtime-contract-coherence/tests/inference/fused-matmul-q4-metal-simd16-gpu-regression.test.js
  ---
  duration_ms: 173.041808
  type: 'test'
  ...
1..1
# tests 1
# suites 0
# pass 1
# fail 0
# cancelled 0
# skipped 0
# todo 0
# duration_ms 179.297677
[node-tests] ok: tests/inference/fused-matmul-q4-metal-simd16-gpu-regression.test.js
TAP version 13
# Warning: maxDynamicUniformBuffersPerPipelineLayout artificially reduced from 500000 to 16 to fit dynamic offset allocation limit.
# Warning: maxDynamicStorageBuffersPerPipelineLayout artificially reduced from 500000 to 16 to fit dynamic offset allocation limit.
# [GPU] amd rdna-3, f16/subgroups, 4.0GB, submit probe: 0.4ms
# fused-normed-ffn-gpu-regression.test: ok
# Subtest: test module initialization completed
ok 1 - test module initialization completed
  ---
  duration_ms: 1.152079
  type: 'test'
  ...
1..1
# tests 1
# suites 0
# pass 1
# fail 0
# cancelled 0
# skipped 0
# todo 0
# duration_ms 254.040919
[node-tests] ok: tests/inference/fused-normed-ffn-gpu-regression.test.js
TAP version 13
# Warning: maxDynamicUniformBuffersPerPipelineLayout artificially reduced from 500000 to 16 to fit dynamic offset allocation limit.
# Warning: maxDynamicStorageBuffersPerPipelineLayout artificially reduced from 500000 to 16 to fit dynamic offset allocation limit.
# [GPU] amd rdna-3, f16/subgroups, 4.0GB, submit probe: 0.5ms
# gelu-erf-gpu-regression.test: ok (f32/f16, erf/tanh, plain/gated)
# Subtest: test module initialization completed
ok 1 - test module initialization completed
  ---
  duration_ms: 1.132292
  type: 'test'
  ...
1..1
# tests 1
# suites 0
# pass 1
# fail 0
# cancelled 0
# skipped 0
# todo 0
# duration_ms 246.335469
[node-tests] ok: tests/inference/gelu-erf-gpu-regression.test.js
TAP version 13
# [95.7ms][KernelSelect] attention variant=prefill_head256_f16kv reason=path_override:tiled_small
# gemma3-1b-head256-prefill-path.test: ok
# Subtest: test module initialization completed
ok 1 - test module initialization completed
  ---
  duration_ms: 1.115831
  type: 'test'
  ...
1..1
# tests 1
# suites 0
# pass 1
# fail 0
# cancelled 0
# skipped 0
# todo 0
# duration_ms 133.78094
[node-tests] ok: tests/inference/gemma3-1b-head256-prefill-path.test.js
TAP version 13
# [101.5ms][KernelSelect] attention variant=prefill_streaming_f16kv reason=path_override:streaming
# gemma3-1b-streaming-prefill-path.test: ok
# Subtest: test module initialization completed
ok 1 - test module initialization completed
  ---
  duration_ms: 1.139015
  type: 'test'
  ...
1..1
# tests 1
# suites 0
# pass 1
# fail 0
# cancelled 0
# skipped 0
# todo 0
# duration_ms 136.723159
[node-tests] ok: tests/inference/gemma3-1b-streaming-prefill-path.test.js
TAP version 13
# [110.1ms][KernelSelect] attention variant=decode_online_head256_f16kv reason=path_override:subgroup
# gemma3-270m-head256-decode-path.test: ok
# Subtest: test module initialization completed
ok 1 - test module initialization completed
  ---
  duration_ms: 1.184059
  type: 'test'
  ...
1..1
# tests 1
# suites 0
# pass 1
# fail 0
# cancelled 0
# skipped 0
# todo 0
# duration_ms 148.852328
[node-tests] ok: tests/inference/gemma3-270m-head256-decode-path.test.js
TAP version 13
# [NaN Regression] skipped: local fixture missing at /home/x/deco/worktrees/doppler-runtime-contract-coherence/models/local/gemma-3-1b-it-f16-af32/manifest.json
# Subtest: test module initialization completed
ok 1 - test module initialization completed
  ---
  duration_ms: 1.133595
  type: 'test'
  ...
1..1
# tests 1
# suites 0
# pass 1
# fail 0
# cancelled 0
# skipped 0
# todo 0
# duration_ms 177.825965
[node-tests] ok: tests/inference/gemma3-nan-regression.test.js
TAP version 13
# gemma4-12b-encoder-free-contract.test: ok
# Subtest: test module initialization completed
ok 1 - test module initialization completed
  ---
  duration_ms: 1.069644
  type: 'test'
  ...
1..1
# tests 1
# suites 0
# pass 1
# fail 0
# cancelled 0
# skipped 0
# todo 0
# duration_ms 123.43091
[node-tests] ok: tests/inference/gemma4-12b-encoder-free.test.js
TAP version 13
# gemma4-double-wide-mlp-runtime.test: ok
# Subtest: test module initialization completed
ok 1 - test module initialization completed
  ---
  duration_ms: 1.020191
  type: 'test'
  ...
1..1
# tests 1
# suites 0
# pass 1
# fail 0
# cancelled 0
# skipped 0
# todo 0
# duration_ms 137.708004
[node-tests] ok: tests/inference/gemma4-double-wide-mlp-runtime.test.js
TAP version 13
# [112.7ms][KernelSelect] attention variant=decode_online_f16kv reason=path_override:subgroup
# gemma4-e2b-head512-decode-path.test: ok
# Subtest: test module initialization completed
ok 1 - test module initialization completed
  ---
  duration_ms: 1.143573
  type: 'test'
  ...
1..1
# tests 1
# suites 0
# pass 1
# fail 0
# cancelled 0
# skipped 0
# todo 0
# duration_ms 147.357743
[node-tests] ok: tests/inference/gemma4-e2b-head512-decode-path.test.js
TAP version 13
# Warning: maxDynamicUniformBuffersPerPipelineLayout artificially reduced from 500000 to 16 to fit dynamic offset allocation limit.
# Warning: maxDynamicStorageBuffersPerPipelineLayout artificially reduced from 500000 to 16 to fit dynamic offset allocation limit.
# [GPU] amd rdna-3, f16/subgroups, 4.0GB, submit probe: 0.4ms
# gemma4-e2b-q4k-apple-retain-regression.test: skipped (vendor=amd not apple)
# Subtest: /home/x/deco/worktrees/doppler-runtime-contract-coherence/tests/inference/gemma4-e2b-q4k-apple-retain-regression.test.js
ok 1 - /home/x/deco/worktrees/doppler-runtime-contract-coherence/tests/inference/gemma4-e2b-q4k-apple-retain-regression.test.js
  ---
  duration_ms: 335.767237
  type: 'test'
  ...
1..1
# tests 1
# suites 0
# pass 1
# fail 0
# cancelled 0
# skipped 0
# todo 0
# duration_ms 342.287435
[node-tests] ok: tests/inference/gemma4-e2b-q4k-apple-retain-regression.test.js
TAP version 13
# gemma4-finiteness-fallback-kvcache-contract.test: ok
# Subtest: test module initialization completed
ok 1 - test module initialization completed
  ---
  duration_ms: 0.916647
  type: 'test'
  ...
1..1
# tests 1
# suites 0
# pass 1
# fail 0
# cancelled 0
# skipped 0
# todo 0
# duration_ms 95.308435
[node-tests] ok: tests/inference/gemma4-finiteness-fallback-kvcache-contract.test.js
TAP version 13
# gemma4-hot-vocab-ple-contract.test: ok
# Subtest: test module initialization completed
ok 1 - test module initialization completed
  ---
  duration_ms: 1.080725
  type: 'test'
  ...
1..1
# tests 1
# suites 0
# pass 1
# fail 0
# cancelled 0
# skipped 0
# todo 0
# duration_ms 201.33422
[node-tests] ok: tests/inference/gemma4-hot-vocab-ple-contract.test.js
TAP version 13
# gemma4-multimodal-f16-override-contract.test: ok
# Subtest: test module initialization completed
ok 1 - test module initialization completed
  ---
  duration_ms: 1.182606
  type: 'test'
  ...
1..1
# tests 1
# suites 0
# pass 1
# fail 0
# cancelled 0
# skipped 0
# todo 0
# duration_ms 100.948625
[node-tests] ok: tests/inference/gemma4-multimodal-f16-override-contract.test.js
TAP version 13
# gemma4-multimodal-prefill-contract.test: ok
# Subtest: test module initialization completed
ok 1 - test module initialization completed
  ---
  duration_ms: 1.252568
  type: 'test'
  ...
1..1
# tests 1
# suites 0
# pass 1
# fail 0
# cancelled 0
# skipped 0
# todo 0
# duration_ms 254.337104
[node-tests] ok: tests/inference/gemma4-multimodal-prefill-contract.test.js
TAP version 13
# gemma4-per-layer-prefix-override-contract.test: ok
# Subtest: test module initialization completed
ok 1 - test module initialization completed
  ---
  duration_ms: 0.935481
  type: 'test'
  ...
1..1
# tests 1
# suites 0
# pass 1
# fail 0
# cancelled 0
# skipped 0
# todo 0
# duration_ms 97.599439
[node-tests] ok: tests/inference/gemma4-per-layer-prefix-override-contract.test.js
TAP version 13
# gemma4-pipeline-registration.test: ok
# Subtest: test module initialization completed
ok 1 - test module initialization completed
  ---
  duration_ms: 1.028146
  type: 'test'
  ...
1..1
# tests 1
# suites 0
# pass 1
# fail 0
# cancelled 0
# skipped 0
# todo 0
# duration_ms 266.020343
[node-tests] ok: tests/inference/gemma4-pipeline-registration.test.js
TAP version 13
# gemma4-ple-projection-norm-cache.test: ok
# Subtest: test module initialization completed
ok 1 - test module initialization completed
  ---
  duration_ms: 1.115911
  type: 'test'
  ...
1..1
# tests 1
# suites 0
# pass 1
# fail 0
# cancelled 0
# skipped 0
# todo 0
# duration_ms 206.598703
[node-tests] ok: tests/inference/gemma4-ple-projection-norm-cache.test.js
TAP version 13
# gemma4-vision-cleanup.test: ok
# Subtest: test module initialization completed
ok 1 - test module initialization completed
  ---
  duration_ms: 1.441665
  type: 'test'
  ...
1..1
# tests 1
# suites 0
# pass 1
# fail 0
# cancelled 0
# skipped 0
# todo 0
# duration_ms 204.774859
[node-tests] ok: tests/inference/gemma4-vision-cleanup.test.js
TAP version 13
# [219.3ms][Pipeline] Vision weights loaded (0 Gemma 4 encoder layers)
# gemma4-vision-weight-contract.test: ok
# Subtest: test module initialization completed
ok 1 - test module initialization completed
  ---
  duration_ms: 1.179972
  type: 'test'
  ...
1..1
# tests 1
# suites 0
# pass 1
# fail 0
# cancelled 0
# skipped 0
# todo 0
# duration_ms 259.27404
[node-tests] ok: tests/inference/gemma4-vision-weight-contract.test.js
TAP version 13
#   ok: generateTokenIds diagnostics
# [211.7ms][Perf] TTFT: 0ms | Prefill: 0ms | Decode: 0ms (2 tokens @ 35437.7 tok/s)
#   ok: EOS stop parity
# [212.4ms][Perf] TTFT: 0ms | Prefill: 0ms | Decode: 0ms (0 tokens @ 0.0 tok/s)
#   ok: immediate EOS first-token parity
# [213.6ms][Perf] TTFT: 0ms | Prefill: 0ms | Decode: 0ms (4 tokens @ 53290.0 tok/s)
#   ok: maxTokens cap parity
# [214.8ms][Perf] TTFT: 0ms | Prefill: 0ms | Decode: 0ms (3 tokens @ 17365.6 tok/s)
#   ok: abort signal parity
# [215.6ms][Perf] TTFT: 0ms | Prefill: 0ms | Decode: 0ms (2 tokens @ 40157.4 tok/s)
#   ok: stop sequence parity
#   ok: stats fields
#   ok: self-speculation burst honors configured tokens
#   ok: cleanup on success and throw
#   ok: double-generation guard
# generate-token-ids-behavioral-parity.test: ok
# Subtest: test module initialization completed
ok 1 - test module initialization completed
  ---
  duration_ms: 0.828399
  type: 'test'
  ...
1..1
# tests 1
# suites 0
# pass 1
# fail 0
# cancelled 0
# skipped 0
# todo 0
# duration_ms 259.963468
[node-tests] ok: tests/inference/generate-token-ids-behavioral-parity.test.js
TAP version 13
# generate-token-ids-contract.test: ok
# Subtest: test module initialization completed
ok 1 - test module initialization completed
  ---
  duration_ms: 1.157119
  type: 'test'
  ...
1..1
# tests 1
# suites 0
# pass 1
# fail 0
# cancelled 0
# skipped 0
# todo 0
# duration_ms 99.126493
[node-tests] ok: tests/inference/generate-token-ids-contract.test.js
TAP version 13
# generation-constraints.test: ok
# generation-constraints decode dispatch: ok
# Subtest: test module initialization completed
ok 1 - test module initialization completed
  ---
  duration_ms: 1.333621
  type: 'test'
  ...
1..1
# tests 1
# suites 0
# pass 1
# fail 0
# cancelled 0
# skipped 0
# todo 0
# duration_ms 265.840354
[node-tests] ok: tests/inference/generation-constraints.test.js
TAP version 13
# generation-prompt-state-reset.test: ok
# Subtest: test module initialization completed
ok 1 - test module initialization completed
  ---
  duration_ms: 1.096695
  type: 'test'
  ...
1..1
# tests 1
# suites 0
# pass 1
# fail 0
# cancelled 0
# skipped 0
# todo 0
# duration_ms 282.693968
[node-tests] ok: tests/inference/generation-prompt-state-reset.test.js
TAP version 13
# generator-finiteness-fallback.test: ok
# Subtest: test module initialization completed
ok 1 - test module initialization completed
  ---
  duration_ms: 1.083881
  type: 'test'
  ...
1..1
# tests 1
# suites 0
# pass 1
# fail 0
# cancelled 0
# skipped 0
# todo 0
# duration_ms 200.300713
[node-tests] ok: tests/inference/generator-finiteness-fallback.test.js
TAP version 13
# Subtest: test module initialization completed
ok 1 - test module initialization completed
  ---
  duration_ms: 1.326377
  type: 'test'
  ...
1..1
# tests 1
# suites 0
# pass 1
# fail 0
# cancelled 0
# skipped 0
# todo 0
# duration_ms 160.683614
[node-tests] ok: tests/inference/generator-helpers.test.js
TAP version 13
# generator-hot-vocab-batch-continuation.test: ok
# Subtest: test module initialization completed
ok 1 - test module initialization completed
  ---
  duration_ms: 1.079022
  type: 'test'
  ...
1..1
# tests 1
# suites 0
# pass 1
# fail 0
# cancelled 0
# skipped 0
# todo 0
# duration_ms 203.264754
[node-tests] ok: tests/inference/generator-hot-vocab-batch-continuation.test.js
TAP version 13
# generator-prefill-submit-mode.test: ok
# Subtest: test module initialization completed
ok 1 - test module initialization completed
  ---
  duration_ms: 1.072048
  type: 'test'
  ...
1..1
# tests 1
# suites 0
# pass 1
# fail 0
# cancelled 0
# skipped 0
# todo 0
# duration_ms 248.093285
[node-tests] ok: tests/inference/generator-prefill-submit-mode.test.js
TAP version 13
# generator-runtime.test: ok
# Subtest: test module initialization completed
ok 1 - test module initialization completed
  ---
  duration_ms: 1.007858
  type: 'test'
  ...
1..1
# tests 1
# suites 0
# pass 1
# fail 0
# cancelled 0
# skipped 0
# todo 0
# duration_ms 137.445988
[node-tests] ok: tests/inference/generator-runtime.test.js
TAP version 13
# generator-steps-cleanup.test: ok
# Subtest: test module initialization completed
ok 1 - test module initialization completed
  ---
  duration_ms: 1.00364
  type: 'test'
  ...
1..1
# tests 1
# suites 0
# pass 1
# fail 0
# cancelled 0
# skipped 0
# todo 0
# duration_ms 249.474726
[node-tests] ok: tests/inference/generator-steps-cleanup.test.js
TAP version 13
# generator-stop-token-parity.test: ok
# Subtest: test module initialization completed
ok 1 - test module initialization completed
  ---
  duration_ms: 1.100823
  type: 'test'
  ...
1..1
# tests 1
# suites 0
# pass 1
# fail 0
# cancelled 0
# skipped 0
# todo 0
# duration_ms 253.359782
[node-tests] ok: tests/inference/generator-stop-token-parity.test.js
TAP version 13
# generator-token-id-hint-contract.test: ok
# Subtest: test module initialization completed
ok 1 - test module initialization completed
  ---
  duration_ms: 0.890808
  type: 'test'
  ...
1..1
# tests 1
# suites 0
# pass 1
# fail 0
# cancelled 0
# skipped 0
# todo 0
# duration_ms 95.073391
[node-tests] ok: tests/inference/generator-token-id-hint-contract.test.js
TAP version 13
# glmocr-chat-format-contract.test: ok
# Subtest: test module initialization completed
ok 1 - test module initialization completed
  ---
  duration_ms: 1.365621
  type: 'test'
  ...
1..1
# tests 1
# suites 0
# pass 1
# fail 0
# cancelled 0
# skipped 0
# todo 0
# duration_ms 108.755464
[node-tests] ok: tests/inference/glmocr-chat-format-contract.test.js
TAP version 13
# glmocr-image-preprocess-contract.test: ok
# Subtest: test module initialization completed
ok 1 - test module initialization completed
  ---
  duration_ms: 1.084222
  type: 'test'
  ...
1..1
# tests 1
# suites 0
# pass 1
# fail 0
# cancelled 0
# skipped 0
# todo 0
# duration_ms 182.852818
[node-tests] ok: tests/inference/glmocr-image-preprocess-contract.test.js
TAP version 13
# glmocr-mrope-contract.test: ok
# Subtest: test module initialization completed
ok 1 - test module initialization completed
  ---
  duration_ms: 0.988071
  type: 'test'
  ...
1..1
# tests 1
# suites 0
# pass 1
# fail 0
# cancelled 0
# skipped 0
# todo 0
# duration_ms 121.347915
[node-tests] ok: tests/inference/glmocr-mrope-contract.test.js
TAP version 13
# glmocr-vision-config-contract.test: ok
# Subtest: test module initialization completed
ok 1 - test module initialization completed
  ---
  duration_ms: 1.330425
  type: 'test'
  ...
1..1
# tests 1
# suites 0
# pass 1
# fail 0
# cancelled 0
# skipped 0
# todo 0
# duration_ms 136.879851
[node-tests] ok: tests/inference/glmocr-vision-config-contract.test.js
TAP version 13
# [230.4ms][Pipeline] Vision weights loaded (2 GLM-OCR encoder layers)
# glmocr-vision-weight-contract.test: ok
# Subtest: test module initialization completed
ok 1 - test module initialization completed
  ---
  duration_ms: 1.134797
  type: 'test'
  ...
1..1
# tests 1
# suites 0
# pass 1
# fail 0
# cancelled 0
# skipped 0
# todo 0
# duration_ms 268.384963
[node-tests] ok: tests/inference/glmocr-vision-weight-contract.test.js
TAP version 13
# heterogeneous-attention-contract.test: ok
# Subtest: test module initialization completed
ok 1 - test module initialization completed
  ---
  duration_ms: 1.123345
  type: 'test'
  ...
1..1
# tests 1
# suites 0
# pass 1
# fail 0
# cancelled 0
# skipped 0
# todo 0
# duration_ms 187.037868
[node-tests] ok: tests/inference/heterogeneous-attention-contract.test.js
TAP version 13
# image-transcription-node-url.test: ok
# Subtest: test module initialization completed
ok 1 - test module initialization completed
  ---
  duration_ms: 0.972071
  type: 'test'
  ...
1..1
# tests 1
# suites 0
# pass 1
# fail 0
# cancelled 0
# skipped 0
# todo 0
# duration_ms 359.482827
[node-tests] ok: tests/inference/image-transcription-node-url.test.js
TAP version 13
# image-transcription-resource-scope.test: ok
# Subtest: test module initialization completed
ok 1 - test module initialization completed
  ---
  duration_ms: 1.205841
  type: 'test'
  ...
1..1
# tests 1
# suites 0
# pass 1
# fail 0
# cancelled 0
# skipped 0
# todo 0
# duration_ms 126.942109
[node-tests] ok: tests/inference/image-transcription-resource-scope.test.js
TAP version 13
# json-grammar-mask.test: ok
# Subtest: test module initialization completed
ok 1 - test module initialization completed
  ---
  duration_ms: 0.960198
  type: 'test'
  ...
1..1
# tests 1
# suites 0
# pass 1
# fail 0
# cancelled 0
# skipped 0
# todo 0
# duration_ms 104.646286
[node-tests] ok: tests/inference/json-grammar-mask.test.js
TAP version 13
# kv-cache-direct-write.test: ok
# Subtest: test module initialization completed
ok 1 - test module initialization completed
  ---
  duration_ms: 1.011976
  type: 'test'
  ...
1..1
# tests 1
# suites 0
# pass 1
# fail 0
# cancelled 0
# skipped 0
# todo 0
# duration_ms 187.901554
[node-tests] ok: tests/inference/kv-cache-direct-write.test.js
TAP version 13
# [126.8ms][KVCache] Migrating 1 positions to GPU...
# [127.6ms][KVCache] Migrating 1 positions to GPU (paged)...
# kv-cache-sync.test: ok
# Subtest: test module initialization completed
ok 1 - test module initialization completed
  ---
  duration_ms: 1.025671
  type: 'test'
  ...
1..1
# tests 1
# suites 0
# pass 1
# fail 0
# cancelled 0
# skipped 0
# todo 0
# duration_ms 164.743868
[node-tests] ok: tests/inference/kv-cache-sync.test.js
TAP version 13
# [162.1ms][Pipeline] KV cache kvDtype mismatch: requested=f16, actual=f32 (rule-based resolution may have changed the dtype due to GPU capabilities or softcap policy)
# [162.8ms][Pipeline] KV cache kvDtype mismatch: requested=f16, actual=f32 (rule-based resolution may have changed the dtype due to GPU capabilities or softcap policy)
# [162.9ms][Pipeline] KV cache kvDtype mismatch: requested=f16, actual=f32 (rule-based resolution may have changed the dtype due to GPU capabilities or softcap policy)
# [163.0ms][Pipeline] KV cache kvDtype mismatch: requested=f16, actual=f32 (rule-based resolution may have changed the dtype due to GPU capabilities or softcap policy)
# [163.0ms][Pipeline] KV cache kvDtype mismatch: requested=f16, actual=f32 (rule-based resolution may have changed the dtype due to GPU capabilities or softcap policy)
# [163.5ms][Pipeline] KV cache kvDtype mismatch: requested=f16, actual=f32 (rule-based resolution may have changed the dtype due to GPU capabilities or softcap policy)
# [163.6ms][Pipeline] KV cache kvDtype mismatch: requested=f16, actual=f32 (rule-based resolution may have changed the dtype due to GPU capabilities or softcap policy)
# [163.7ms][Pipeline] KV cache kvDtype mismatch: requested=f16, actual=f32 (rule-based resolution may have changed the dtype due to GPU capabilities or softcap policy)
# [162.6ms][Pipeline] KV cache allocated: kvDtype=f32, maxSeqLen=8192, layout=contiguous, modelMaxSeqLen=8192, requestedKvDtype=f16, requestedMaxSeqLen=8192
# [162.8ms][Pipeline] KV cache allocated: kvDtype=f32, maxSeqLen=8192, layout=paged, modelMaxSeqLen=8192, requestedKvDtype=f16, requestedMaxSeqLen=8192
# [162.9ms][Pipeline] KV cache allocated: kvDtype=f32, maxSeqLen=8192, layout=paged, modelMaxSeqLen=8192, requestedKvDtype=f16, requestedMaxSeqLen=8192
# [163.0ms][Pipeline] KV cache allocated: kvDtype=f32, maxSeqLen=8192, layout=contiguous, modelMaxSeqLen=8192, requestedKvDtype=f16, requestedMaxSeqLen=8192
# [163.1ms][Pipeline] KV cache allocated: kvDtype=f32, maxSeqLen=8192, layout=paged, modelMaxSeqLen=8192, requestedKvDtype=f16, requestedMaxSeqLen=8192
# [163.5ms][Pipeline] KV cache allocated: kvDtype=f32, maxSeqLen=8191, layout=contiguous, modelMaxSeqLen=8191, requestedKvDtype=f16, requestedMaxSeqLen=8191
# [163.6ms][Pipeline] KV cache allocated: kvDtype=f32, maxSeqLen=8192, layout=paged, modelMaxSeqLen=8192, requestedKvDtype=f16, requestedMaxSeqLen=8192
# [163.7ms][Pipeline] KV cache allocated: kvDtype=f32, maxSeqLen=1024, layout=contiguous, modelMaxSeqLen=8192, requestedKvDtype=f16, requestedMaxSeqLen=1024
# [163.9ms][Pipeline] KV cache allocated: kvDtype=f32, maxSeqLen=512, layout=contiguous, modelMaxSeqLen=2048, requestedKvDtype=f16, requestedMaxSeqLen=2048
# [164.0ms][Pipeline] KV cache allocated: kvDtype=f32, maxSeqLen=2048, layout=contiguous, modelMaxSeqLen=2048, requestedKvDtype=f16, requestedMaxSeqLen=2048
# [164.2ms][Pipeline] KV cache allocated: kvDtype=f32, maxSeqLen=8192, layout=paged, modelMaxSeqLen=8192, requestedKvDtype=f16, requestedMaxSeqLen=8192
# [164.2ms][Pipeline] KV cache allocated: kvDtype=f32, maxSeqLen=8192, layout=paged, modelMaxSeqLen=8192, requestedKvDtype=f16, requestedMaxSeqLen=8192
# [164.2ms][Pipeline] KV cache allocated: kvDtype=f32, maxSeqLen=8192, layout=paged, modelMaxSeqLen=8192, requestedKvDtype=f16, requestedMaxSeqLen=8192
# [164.2ms][Pipeline] KV cache allocated: kvDtype=f32, maxSeqLen=8192, layout=paged, modelMaxSeqLen=8192, requestedKvDtype=f16, requestedMaxSeqLen=8192
# [164.3ms][Pipeline] KV cache allocated: kvDtype=f32, maxSeqLen=8192, layout=contiguous, modelMaxSeqLen=8192, requestedKvDtype=f16, requestedMaxSeqLen=8192
# [164.3ms][Pipeline] KV cache allocated: kvDtype=f32, maxSeqLen=8192, layout=contiguous, modelMaxSeqLen=8192, requestedKvDtype=f16, requestedMaxSeqLen=8192
# [164.4ms][Pipeline] KV cache allocated: kvDtype=f32, maxSeqLen=8192, layout=contiguous, modelMaxSeqLen=8192, requestedKvDtype=f16, requestedMaxSeqLen=8192
# [164.4ms][Pipeline] KV cache allocated: kvDtype=f32, maxSeqLen=8192, layout=contiguous, modelMaxSeqLen=8192, requestedKvDtype=f16, requestedMaxSeqLen=8192
# kvcache-layout-policy.test: ok
# [163.8ms][Pipeline] KV cache kvDtype mismatch: requested=f16, actual=f32 (rule-based resolution may have changed the dtype due to GPU capabilities or softcap policy)
# [164.0ms][Pipeline] KV cache kvDtype mismatch: requested=f16, actual=f32 (rule-based resolution may have changed the dtype due to GPU capabilities or softcap policy)
# [164.2ms][Pipeline] KV cache kvDtype mismatch: requested=f16, actual=f32 (rule-based resolution may have changed the dtype due to GPU capabilities or softcap policy)
# [164.2ms][Pipeline] KV cache kvDtype mismatch: requested=f16, actual=f32 (rule-based resolution may have changed the dtype due to GPU capabilities or softcap policy)
# [164.2ms][Pipeline] KV cache kvDtype mismatch: requested=f16, actual=f32 (rule-based resolution may have changed the dtype due to GPU capabilities or softcap policy)
# [164.2ms][Pipeline] KV cache kvDtype mismatch: requested=f16, actual=f32 (rule-based resolution may have changed the dtype due to GPU capabilities or softcap policy)
# [164.3ms][Pipeline] KV cache kvDtype mismatch: requested=f16, actual=f32 (rule-based resolution may have changed the dtype due to GPU capabilities or softcap policy)
# [164.3ms][Pipeline] KV cache kvDtype mismatch: requested=f16, actual=f32 (rule-based resolution may have changed the dtype due to GPU capabilities or softcap policy)
# [164.4ms][Pipeline] KV cache kvDtype mismatch: requested=f16, actual=f32 (rule-based resolution may have changed the dtype due to GPU capabilities or softcap policy)
# [164.4ms][Pipeline] KV cache kvDtype mismatch: requested=f16, actual=f32 (rule-based resolution may have changed the dtype due to GPU capabilities or softcap policy)
# Subtest: test module initialization completed
ok 1 - test module initialization completed
  ---
  duration_ms: 1.0144
  type: 'test'
  ...
1..1
# tests 1
# suites 0
# pass 1
# fail 0
# cancelled 0
# skipped 0
# todo 0
# duration_ms 199.549215
[node-tests] ok: tests/inference/kvcache-layout-policy.test.js
TAP version 13
# layer-dispatch-routing.test: ok
# Subtest: test module initialization completed
ok 1 - test module initialization completed
  ---
  duration_ms: 1.101104
  type: 'test'
  ...
1..1
# tests 1
# suites 0
# pass 1
# fail 0
# cancelled 0
# skipped 0
# todo 0
# duration_ms 223.13658
[node-tests] ok: tests/inference/layer-dispatch-routing.test.js
TAP version 13
# layer-scalar-contract.test: ok
# Subtest: test module initialization completed
ok 1 - test module initialization completed
  ---
  duration_ms: 1.106233
  type: 'test'
  ...
1..1
# tests 1
# suites 0
# pass 1
# fail 0
# cancelled 0
# skipped 0
# todo 0
# duration_ms 220.467304
[node-tests] ok: tests/inference/layer-scalar-contract.test.js
TAP version 13
# layernorm-bias-contract.test: ok
# Subtest: test module initialization completed
ok 1 - test module initialization completed
  ---
  duration_ms: 0.916206
  type: 'test'
  ...
1..1
# tests 1
# suites 0
# pass 1
# fail 0
# cancelled 0
# skipped 0
# todo 0
# duration_ms 119.740778
[node-tests] ok: tests/inference/layernorm-bias-contract.test.js
TAP version 13
# Warning: maxDynamicUniformBuffersPerPipelineLayout artificially reduced from 500000 to 16 to fit dynamic offset allocation limit.
# Warning: maxDynamicStorageBuffersPerPipelineLayout artificially reduced from 500000 to 16 to fit dynamic offset allocation limit.
# [GPU] amd rdna-3, f16/subgroups, 4.0GB, submit probe: 0.6ms
# lfm2-conv-kernel-init.test: ok
# Subtest: test module initialization completed
ok 1 - test module initialization completed
  ---
  duration_ms: 1.467303
  type: 'test'
  ...
1..1
# tests 1
# suites 0
# pass 1
# fail 0
# cancelled 0
# skipped 0
# todo 0
# duration_ms 260.024699
[node-tests] ok: tests/inference/lfm2-conv-kernel-init.test.js
TAP version 13
# Warning: maxDynamicUniformBuffersPerPipelineLayout artificially reduced from 500000 to 16 to fit dynamic offset allocation limit.
# Warning: maxDynamicStorageBuffersPerPipelineLayout artificially reduced from 500000 to 16 to fit dynamic offset allocation limit.
# [GPU] amd rdna-3, f16/subgroups, 4.0GB, submit probe: 0.5ms
# [224.1ms][KernelSelect] matmul variant=f32 reason=default
# lfm2-layer-plan-conv-state.test: ok
# Subtest: test module initialization completed
ok 1 - test module initialization completed
  ---
  duration_ms: 1.593831
  type: 'test'
  ...
1..1
# tests 1
# suites 0
# pass 1
# fail 0
# cancelled 0
# skipped 0
# todo 0
# duration_ms 299.989551
[node-tests] ok: tests/inference/lfm2-layer-plan-conv-state.test.js
TAP version 13
# linear-attention-contract.test: ok
# Subtest: test module initialization completed
ok 1 - test module initialization completed
  ---
  duration_ms: 1.045999
  type: 'test'
  ...
1..1
# tests 1
# suites 0
# pass 1
# fail 0
# cancelled 0
# skipped 0
# todo 0
# duration_ms 166.330225
[node-tests] ok: tests/inference/linear-attention-contract.test.js
TAP version 13
# Warning: maxDynamicUniformBuffersPerPipelineLayout artificially reduced from 500000 to 16 to fit dynamic offset allocation limit.
# Warning: maxDynamicStorageBuffersPerPipelineLayout artificially reduced from 500000 to 16 to fit dynamic offset allocation limit.
# [GPU] amd rdna-3, f16/subgroups, 4.0GB, submit probe: 0.4ms
# linear-attention-core-gpu-regression.test: ok
# Subtest: test module initialization completed
ok 1 - test module initialization completed
  ---
  duration_ms: 1.158511
  type: 'test'
  ...
1..1
# tests 1
# suites 0
# pass 1
# fail 0
# cancelled 0
# skipped 0
# todo 0
# duration_ms 246.056867
[node-tests] ok: tests/inference/linear-attention-core-gpu-regression.test.js
TAP version 13
# linear-attention-lora-contract.test: ok
# Subtest: test module initialization completed
ok 1 - test module initialization completed
  ---
  duration_ms: 0.978873
  type: 'test'
  ...
1..1
# tests 1
# suites 0
# pass 1
# fail 0
# cancelled 0
# skipped 0
# todo 0
# duration_ms 91.324491
[node-tests] ok: tests/inference/linear-attention-lora-contract.test.js
TAP version 13
# linear-attention-norm-mode.test: ok
# Subtest: test module initialization completed
ok 1 - test module initialization completed
  ---
  duration_ms: 1.041361
  type: 'test'
  ...
1..1
# tests 1
# suites 0
# pass 1
# fail 0
# cancelled 0
# skipped 0
# todo 0
# duration_ms 182.32959
[node-tests] ok: tests/inference/linear-attention-norm-mode.test.js
TAP version 13
# linear-attention-state-probes.test: ok
# Subtest: test module initialization completed
ok 1 - test module initialization completed
  ---
  duration_ms: 0.965108
  type: 'test'
  ...
1..1
# tests 1
# suites 0
# pass 1
# fail 0
# cancelled 0
# skipped 0
# todo 0
# duration_ms 103.495219
[node-tests] ok: tests/inference/linear-attention-state-probes.test.js
TAP version 13
# Subtest: rewriteWeightLoadError preserves unrelated errors
ok 1 - rewriteWeightLoadError preserves unrelated errors
  ---
  duration_ms: 1.033546
  type: 'test'
  ...
# Subtest: annotateWeightLoadError records the failing tensor context
ok 2 - annotateWeightLoadError records the failing tensor context
  ---
  duration_ms: 0.959466
  type: 'test'
  ...
# Subtest: rewriteWeightLoadError rewrites device lifecycle failures with explicit guidance
ok 3 - rewriteWeightLoadError rewrites device lifecycle failures with explicit guidance
  ---
  duration_ms: 0.358295
  type: 'test'
  ...
# Subtest: test module initialization completed
ok 4 - test module initialization completed
  ---
  duration_ms: 0.064591
  type: 'test'
  ...
1..4
# tests 4
# suites 0
# pass 4
# fail 0
# cancelled 0
# skipped 0
# todo 0
# duration_ms 131.449385
[node-tests] ok: tests/inference/load-errors.test.js
TAP version 13
# local-multimodal-manifest-contract.test: ok
# Subtest: test module initialization completed
ok 1 - test module initialization completed
  ---
  duration_ms: 0.941332
  type: 'test'
  ...
1..1
# tests 1
# suites 0
# pass 1
# fail 0
# cancelled 0
# skipped 0
# todo 0
# duration_ms 100.625464
[node-tests] ok: tests/inference/local-multimodal-manifest-contract.test.js
TAP version 13
# logit-output-probes.test: ok
# Subtest: test module initialization completed
ok 1 - test module initialization completed
  ---
  duration_ms: 0.996105
  type: 'test'
  ...
1..1
# tests 1
# suites 0
# pass 1
# fail 0
# cancelled 0
# skipped 0
# todo 0
# duration_ms 96.601958
[node-tests] ok: tests/inference/logit-output-probes.test.js
TAP version 13
# logit-output-transform.test: ok
# Subtest: test module initialization completed
ok 1 - test module initialization completed
  ---
  duration_ms: 1.010593
  type: 'test'
  ...
1..1
# tests 1
# suites 0
# pass 1
# fail 0
# cancelled 0
# skipped 0
# todo 0
# duration_ms 117.74482
[node-tests] ok: tests/inference/logit-output-transform.test.js
TAP version 13
# Warning: maxDynamicUniformBuffersPerPipelineLayout artificially reduced from 500000 to 16 to fit dynamic offset allocation limit.
# Warning: maxDynamicStorageBuffersPerPipelineLayout artificially reduced from 500000 to 16 to fit dynamic offset allocation limit.
# [GPU] amd rdna-3, f16/subgroups, 4.0GB, submit probe: 0.4ms
# logits-bias.test: ok
# Subtest: test module initialization completed
ok 1 - test module initialization completed
  ---
  duration_ms: 2.323655
  type: 'test'
  ...
1..1
# tests 1
# suites 0
# pass 1
# fail 0
# cancelled 0
# skipped 0
# todo 0
# duration_ms 201.675988
[node-tests] ok: tests/inference/logits-bias.test.js
TAP version 13
# logits-large-weight-config-contract.test: ok
# Subtest: test module initialization completed
ok 1 - test module initialization completed
  ---
  duration_ms: 1.009951
  type: 'test'
  ...
1..1
# tests 1
# suites 0
# pass 1
# fail 0
# cancelled 0
# skipped 0
# todo 0
# duration_ms 179.093667
[node-tests] ok: tests/inference/logits-large-weight-config-contract.test.js
TAP version 13
# logits-last-position-phase-contract.test: ok
# Subtest: test module initialization completed
ok 1 - test module initialization completed
  ---
  duration_ms: 1.037052
  type: 'test'
  ...
1..1
# tests 1
# suites 0
# pass 1
# fail 0
# cancelled 0
# skipped 0
# todo 0
# duration_ms 185.095127
[node-tests] ok: tests/inference/logits-last-position-phase-contract.test.js
TAP version 13
# logits-softcap-f32-tail-contract.test: ok
# Subtest: test module initialization completed
ok 1 - test module initialization completed
  ---
  duration_ms: 0.966771
  type: 'test'
  ...
1..1
# tests 1
# suites 0
# pass 1
# fail 0
# cancelled 0
# skipped 0
# todo 0
# duration_ms 105.584001
[node-tests] ok: tests/inference/logits-softcap-f32-tail-contract.test.js
TAP version 13
# logits-utils-cleanup.test: ok
# Subtest: test module initialization completed
ok 1 - test module initialization completed
  ---
  duration_ms: 1.275632
  type: 'test'
  ...
1..1
# tests 1
# suites 0
# pass 1
# fail 0
# cancelled 0
# skipped 0
# todo 0
# duration_ms 134.597542
[node-tests] ok: tests/inference/logits-utils-cleanup.test.js
TAP version 13
# logits-weight-buffer-final-norm.test: ok
# Subtest: test module initialization completed
ok 1 - test module initialization completed
  ---
  duration_ms: 1.009481
  type: 'test'
  ...
1..1
# tests 1
# suites 0
# pass 1
# fail 0
# cancelled 0
# skipped 0
# todo 0
# duration_ms 132.442424
[node-tests] ok: tests/inference/logits-weight-buffer-final-norm.test.js
TAP version 13
# lora-runtime-matmul-layout-contract.test: ok
# Subtest: test module initialization completed
ok 1 - test module initialization completed
  ---
  duration_ms: 1.815018
  type: 'test'
  ...
1..1
# tests 1
# suites 0
# pass 1
# fail 0
# cancelled 0
# skipped 0
# todo 0
# duration_ms 174.649108
[node-tests] ok: tests/inference/lora-runtime-matmul-layout-contract.test.js
TAP version 13
# manifest-compute-lane-binding.test: ok
# Subtest: test module initialization completed
ok 1 - test module initialization completed
  ---
  duration_ms: 1.00904
  type: 'test'
  ...
1..1
# tests 1
# suites 0
# pass 1
# fail 0
# cancelled 0
# skipped 0
# todo 0
# duration_ms 197.237501
[node-tests] ok: tests/inference/manifest-compute-lane-binding.test.js
TAP version 13
# manifest-unsupported-contract.test: ok
# Subtest: test module initialization completed
ok 1 - test module initialization completed
  ---
  duration_ms: 1.070265
  type: 'test'
  ...
1..1
# tests 1
# suites 0
# pass 1
# fail 0
# cancelled 0
# skipped 0
# todo 0
# duration_ms 146.153902
[node-tests] ok: tests/inference/manifest-unsupported-contract.test.js
TAP version 13
# [90.8ms][KernelSelect] matmul variant=f16w_f32a reason=path_override
# [91.3ms][KernelSelect] matmul variant=q4_fused_widetile reason=path_override_f16_fallthrough
# [91.5ms][KernelSelect] matmul variant=q4_fused_gemv reason=path_override_f16_fallthrough
# [91.6ms][KernelSelect] matmul variant=gemv_subgroup_vec4 reason=gemv
# [91.8ms][KernelSelect] matmul variant=q4_fused_batched reason=q4k_fused
# [91.8ms][KernelSelect] matmul variant=q4_fused_multicol reason=q4k_fused
# [92.0ms][KernelSelect] matmul variant=q4_fused_widetile_residual reason=q4k_fused
# [92.1ms][KernelSelect] matmul variant=f32 reason=path_override_quantized_fallthrough
# [92.2ms][KernelSelect] matmul variant=litert_int4_multicol_f32a_f32out reason=path_override
# [92.5ms][KernelSelect] matmul variant=gemv_subgroup_multicol reason=path_override
# matmul-kernel-path-weight-dtype-contract.test: ok
# Subtest: test module initialization completed
ok 1 - test module initialization completed
  ---
  duration_ms: 0.998601
  type: 'test'
  ...
1..1
# tests 1
# suites 0
# pass 1
# fail 0
# cancelled 0
# skipped 0
# todo 0
# duration_ms 129.03096
[node-tests] ok: tests/inference/matmul-kernel-path-weight-dtype-contract.test.js
TAP version 13
# [183.0ms][Pipeline] KV cache allocated: kvDtype=f32, maxSeqLen=1024, layout=contiguous, modelMaxSeqLen=131072, requestedKvDtype=f32, requestedMaxSeqLen=1024
# [188.0ms][Pipeline] KV cache allocated: kvDtype=f32, maxSeqLen=1024, layout=contiguous, modelMaxSeqLen=131072, requestedKvDtype=f32, requestedMaxSeqLen=1024
# [202.3ms][Pipeline] KV cache allocated: kvDtype=f32, maxSeqLen=1024, layout=contiguous, modelMaxSeqLen=131072, requestedKvDtype=f32, requestedMaxSeqLen=1024
# mixed-geometry-kvcache.test: ok
# Subtest: test module initialization completed
ok 1 - test module initialization completed
  ---
  duration_ms: 2.107979
  type: 'test'
  ...
1..1
# tests 1
# suites 0
# pass 1
# fail 0
# cancelled 0
# skipped 0
# todo 0
# duration_ms 245.271026
[node-tests] ok: tests/inference/mixed-geometry-kvcache.test.js
TAP version 13
# [220.5ms][Pipeline] KV cache allocated: kvDtype=f32, maxSeqLen=32, layout=contiguous, modelMaxSeqLen=131072, requestedKvDtype=f32, requestedMaxSeqLen=32
# mixed-geometry-prefill-with-embedding.test: ok
# Subtest: test module initialization completed
ok 1 - test module initialization completed
  ---
  duration_ms: 1.128114
  type: 'test'
  ...
1..1
# tests 1
# suites 0
# pass 1
# fail 0
# cancelled 0
# skipped 0
# todo 0
# duration_ms 276.822736
[node-tests] ok: tests/inference/mixed-geometry-prefill-with-embedding.test.js
TAP version 13
# Subtest: builds complete full-model checkpoint evidence across prefill and decode
ok 1 - builds complete full-model checkpoint evidence across prefill and decode
  ---
  duration_ms: 5.505737
  type: 'test'
  ...
# Subtest: fails closed when a tensor class, KV proof, or decode floor is missing
ok 2 - fails closed when a tensor class, KV proof, or decode floor is missing
  ---
  duration_ms: 0.825624
  type: 'test'
  ...
# Subtest: test module initialization completed
ok 3 - test module initialization completed
  ---
  duration_ms: 0.105078
  type: 'test'
  ...
1..3
# tests 3
# suites 0
# pass 3
# fail 0
# cancelled 0
# skipped 0
# todo 0
# duration_ms 106.77882
[node-tests] ok: tests/inference/model-checkpoint-evidence.test.js
TAP version 13
# [175.9ms][Pipeline] Resolved session applied (lfm2-manifest-session-test): batchSize=16, stopCheckMode=batch, readbackInterval=4, disableCommandBatching=false
# [178.0ms][Pipeline] Resolved session applied (manifest-session-kvtype-preserved-test): batchSize=16, stopCheckMode=batch, readbackInterval=4, disableCommandBatching=false
# [178.1ms][Pipeline] Resolved session applied (qwen3-runtime-session-override-test): batchSize=4, stopCheckMode=batch, readbackInterval=1, disableCommandBatching=true
# [178.2ms][Pipeline] Resolved session applied (lfm2-manifest-ring-defaults-test): batchSize=8, stopCheckMode=batch, readbackInterval=8, disableCommandBatching=false
# [178.2ms][Pipeline] Resolved session applied (lfm2-manifest-ring-disable-test): batchSize=8, stopCheckMode=batch, readbackInterval=8, disableCommandBatching=false
# [178.3ms][Pipeline] Resolved session applied (lfm2-runtime-override-wins-test): batchSize=16, stopCheckMode=batch, readbackInterval=2, disableCommandBatching=false
# [178.3ms][Pipeline] Resolved session applied (lfm2-null-runtime-overrides-do-not-mask-session-test): batchSize=32, stopCheckMode=batch, readbackInterval=64, disableCommandBatching=false
# [178.5ms][Pipeline] Resolved session applied (lfm2-disable-command-batching-override-test): batchSize=8, stopCheckMode=batch, readbackInterval=8, disableCommandBatching=true
# [179.0ms][Pipeline] Resolved session applied (lfm2-full-runtime-override-test): batchSize=8, stopCheckMode=batch, readbackInterval=4, disableCommandBatching=true
# model-load-batching-defaults.test: ok
# Subtest: test module initialization completed
ok 1 - test module initialization completed
  ---
  duration_ms: 1.012537
  type: 'test'
  ...
1..1
# tests 1
# suites 0
# pass 1
# fail 0
# cancelled 0
# skipped 0
# todo 0
# duration_ms 218.763312
[node-tests] ok: tests/inference/model-load-batching-defaults.test.js
TAP version 13
# [170.0ms][Pipeline] KernelPath: inline-f32 (1 decode steps, 1 kernels, source=model)
# [170.9ms][Pipeline] KernelPath: inline-f32 (1 decode steps, 1 kernels, source=model)
# model-load-kernel-path-dtype-contract.test: ok
# Subtest: test module initialization completed
ok 1 - test module initialization completed
  ---
  duration_ms: 1.034378
  type: 'test'
  ...
1..1
# tests 1
# suites 0
# pass 1
# fail 0
# cancelled 0
# skipped 0
# todo 0
# duration_ms 207.00443
[node-tests] ok: tests/inference/model-load-kernel-path-dtype-contract.test.js
TAP version 13
# [171.2ms][Pipeline] Resolved session applied (large-weights-runtime-override-fixture): batchSize=1, stopCheckMode=batch, readbackInterval=1, disableCommandBatching=false
# [172.4ms][Pipeline] Resolved session applied (large-weights-runtime-override-fixture): batchSize=1, stopCheckMode=batch, readbackInterval=1, disableCommandBatching=false
# model-load-large-weights-runtime-override.test: ok
# Subtest: test module initialization completed
ok 1 - test module initialization completed
  ---
  duration_ms: 1.055447
  type: 'test'
  ...
1..1
# tests 1
# suites 0
# pass 1
# fail 0
# cancelled 0
# skipped 0
# todo 0
# duration_ms 210.813182
[node-tests] ok: tests/inference/model-load-large-weights-runtime-override.test.js
TAP version 13
# moe-active-expert-schedule.test: ok
# Subtest: test module initialization completed
ok 1 - test module initialization completed
  ---
  duration_ms: 1.029128
  type: 'test'
  ...
1..1
# tests 1
# suites 0
# pass 1
# fail 0
# cancelled 0
# skipped 0
# todo 0
# duration_ms 165.773214
[node-tests] ok: tests/inference/moe-active-expert-schedule.test.js
TAP version 13
# moe-cache-cleanup.test: ok
# Subtest: test module initialization completed
ok 1 - test module initialization completed
  ---
  duration_ms: 1.066478
  type: 'test'
  ...
1..1
# tests 1
# suites 0
# pass 1
# fail 0
# cancelled 0
# skipped 0
# todo 0
# duration_ms 123.145608
[node-tests] ok: tests/inference/moe-cache-cleanup.test.js
TAP version 13
# moe-dtype-contract-source.test: ok
# Subtest: test module initialization completed
ok 1 - test module initialization completed
  ---
  duration_ms: 0.902519
  type: 'test'
  ...
1..1
# tests 1
# suites 0
# pass 1
# fail 0
# cancelled 0
# skipped 0
# todo 0
# duration_ms 93.421208
[node-tests] ok: tests/inference/moe-dtype-contract-source.test.js
TAP version 13
# moe-mixtral-runtime-wiring.test: ok
# Subtest: test module initialization completed
ok 1 - test module initialization completed
  ---
  duration_ms: 1.064735
  type: 'test'
  ...
1..1
# tests 1
# suites 0
# pass 1
# fail 0
# cancelled 0
# skipped 0
# todo 0
# duration_ms 140.86362
[node-tests] ok: tests/inference/moe-mixtral-runtime-wiring.test.js
TAP version 13
# [186.0ms][KernelSelect] matmul variant=f32 reason=default
# moe-ops-cleanup.test: ok
# Subtest: test module initialization completed
ok 1 - test module initialization completed
  ---
  duration_ms: 1.46074
  type: 'test'
  ...
1..1
# tests 1
# suites 0
# pass 1
# fail 0
# cancelled 0
# skipped 0
# todo 0
# duration_ms 233.294172
[node-tests] ok: tests/inference/moe-ops-cleanup.test.js
TAP version 13
# [250.3ms][Pipeline] Unloaded
# moe-router-cleanup.test: ok
# Subtest: test module initialization completed
ok 1 - test module initialization completed
  ---
  duration_ms: 1.031132
  type: 'test'
  ...
1..1
# tests 1
# suites 0
# pass 1
# fail 0
# cancelled 0
# skipped 0
# todo 0
# duration_ms 292.090232
[node-tests] ok: tests/inference/moe-router-cleanup.test.js
TAP version 13
# moe-routing-contract.test: ok
# Subtest: test module initialization completed
ok 1 - test module initialization completed
  ---
  duration_ms: 0.974345
  type: 'test'
  ...
1..1
# tests 1
# suites 0
# pass 1
# fail 0
# cancelled 0
# skipped 0
# todo 0
# duration_ms 107.526017
[node-tests] ok: tests/inference/moe-routing-contract.test.js
TAP version 13
# multimodal-config-contract.test: ok
# Subtest: test module initialization completed
ok 1 - test module initialization completed
  ---
  duration_ms: 1.463926
  type: 'test'
  ...
1..1
# tests 1
# suites 0
# pass 1
# fail 0
# cancelled 0
# skipped 0
# todo 0
# duration_ms 136.168479
[node-tests] ok: tests/inference/multimodal-config-contract.test.js
TAP version 13
# multimodal-generation-options.test: ok
# Subtest: test module initialization completed
ok 1 - test module initialization completed
  ---
  duration_ms: 1.045969
  type: 'test'
  ...
1..1
# tests 1
# suites 0
# pass 1
# fail 0
# cancelled 0
# skipped 0
# todo 0
# duration_ms 273.234047
[node-tests] ok: tests/inference/multimodal-generation-options.test.js
TAP version 13
# [211.0ms][Pipeline] Loading vision weights on demand
# [212.2ms][Pipeline] Loading audio weights on demand
# multimodal-lazy-weight-load.test: ok
# Subtest: test module initialization completed
ok 1 - test module initialization completed
  ---
  duration_ms: 1.020241
  type: 'test'
  ...
1..1
# tests 1
# suites 0
# pass 1
# fail 0
# cancelled 0
# skipped 0
# todo 0
# duration_ms 244.653521
[node-tests] ok: tests/inference/multimodal-lazy-weight-load.test.js
TAP version 13
# multimodal-prefill-command-batching.test: ok
# Subtest: test module initialization completed
ok 1 - test module initialization completed
  ---
  duration_ms: 1.015733
  type: 'test'
  ...
1..1
# tests 1
# suites 0
# pass 1
# fail 0
# cancelled 0
# skipped 0
# todo 0
# duration_ms 199.952471
[node-tests] ok: tests/inference/multimodal-prefill-command-batching.test.js
TAP version 13
# multimodal-sequence-capacity-contract.test: ok
# Subtest: test module initialization completed
ok 1 - test module initialization completed
  ---
  duration_ms: 0.984173
  type: 'test'
  ...
1..1
# tests 1
# suites 0
# pass 1
# fail 0
# cancelled 0
# skipped 0
# todo 0
# duration_ms 105.143309
[node-tests] ok: tests/inference/multimodal-sequence-capacity-contract.test.js
TAP version 13
# node-file-shard-storage-context.test: ok
# Subtest: test module initialization completed
ok 1 - test module initialization completed
  ---
  duration_ms: 1.002658
  type: 'test'
  ...
1..1
# tests 1
# suites 0
# pass 1
# fail 0
# cancelled 0
# skipped 0
# todo 0
# duration_ms 207.218772
[node-tests] ok: tests/inference/node-file-shard-storage-context.test.js
TAP version 13
# operator-diagnostics-forwarding-contract.test: ok
# Subtest: test module initialization completed
ok 1 - test module initialization completed
  ---
  duration_ms: 0.946212
  type: 'test'
  ...
1..1
# tests 1
# suites 0
# pass 1
# fail 0
# cancelled 0
# skipped 0
# todo 0
# duration_ms 104.455765
[node-tests] ok: tests/inference/operator-diagnostics-forwarding-contract.test.js
TAP version 13
#   stage-names: ok
#   operator-identity: ok
#   operator-events: ok
#   drift-policy: ok
#   capture-policy: ok
#   failure-reduction: ok
# operator-diffing.test: ok
# Subtest: test module initialization completed
ok 1 - test module initialization completed
  ---
  duration_ms: 1.792284
  type: 'test'
  ...
1..1
# tests 1
# suites 0
# pass 1
# fail 0
# cancelled 0
# skipped 0
# todo 0
# duration_ms 116.085523
[node-tests] ok: tests/inference/operator-diffing.test.js
TAP version 13
# [169.3ms][EnergyRowHead] Loaded model "dream-energy-head-test" (dream_energy_head)
# [171.2ms][Energy] Loaded energy model "energy-test"
# [171.9ms][Energy] Quintel backend: GPU
# [172.0ms][Energy] GPU quintel path failed: writeBuffer failed at 1
# [172.1ms][Energy] Quintel backend: CPU
# pipeline-buffer-write-cleanup.test: ok
# Subtest: test module initialization completed
ok 1 - test module initialization completed
  ---
  duration_ms: 0.984283
  type: 'test'
  ...
1..1
# tests 1
# suites 0
# pass 1
# fail 0
# cancelled 0
# skipped 0
# todo 0
# duration_ms 216.772832
[node-tests] ok: tests/inference/pipeline-buffer-write-cleanup.test.js
TAP version 13
# [148.2ms][GPU] Device lost: Test loss, Reason: destroyed
# [150.9ms][GPU] Device lost: Test replacement, Reason: destroyed
# pipeline-context-restoration.test: ok
# Subtest: test module initialization completed
ok 1 - test module initialization completed
  ---
  duration_ms: 1.29559
  type: 'test'
  ...
1..1
# tests 1
# suites 0
# pass 1
# fail 0
# cancelled 0
# skipped 0
# todo 0
# duration_ms 195.344464
[node-tests] ok: tests/inference/pipeline-context-restoration.test.js
TAP version 13
# pipeline-embedding-fast-path.test: ok
# Subtest: test module initialization completed
ok 1 - test module initialization completed
  ---
  duration_ms: 1.049386
  type: 'test'
  ...
1..1
# tests 1
# suites 0
# pass 1
# fail 0
# cancelled 0
# skipped 0
# todo 0
# duration_ms 266.490808
[node-tests] ok: tests/inference/pipeline-embedding-fast-path.test.js
TAP version 13
# pipeline-shader-scope.test: ok (contract doubles)
# Subtest: test module initialization completed
ok 1 - test module initialization completed
  ---
  duration_ms: 0.870859
  type: 'test'
  ...
1..1
# tests 1
# suites 0
# pass 1
# fail 0
# cancelled 0
# skipped 0
# todo 0
# duration_ms 100.957237
[node-tests] ok: tests/inference/pipeline-shader-scope.test.js
TAP version 13
# postnorm-contract.test: ok
# Subtest: test module initialization completed
ok 1 - test module initialization completed
  ---
  duration_ms: 0.916436
  type: 'test'
  ...
1..1
# tests 1
# suites 0
# pass 1
# fail 0
# cancelled 0
# skipped 0
# todo 0
# duration_ms 96.209978
[node-tests] ok: tests/inference/postnorm-contract.test.js
TAP version 13
# presence-penalty.test: ok
# Subtest: test module initialization completed
ok 1 - test module initialization completed
  ---
  duration_ms: 1.000564
  type: 'test'
  ...
1..1
# tests 1
# suites 0
# pass 1
# fail 0
# cancelled 0
# skipped 0
# todo 0
# duration_ms 120.658874
[node-tests] ok: tests/inference/presence-penalty.test.js
TAP version 13
# [Doppler] Trace categories: embed
# [Doppler] Trace disabled
# probes-readback.test: ok
# Subtest: test module initialization completed
ok 1 - test module initialization completed
  ---
  duration_ms: 0.98822
  type: 'test'
  ...
1..1
# tests 1
# suites 0
# pass 1
# fail 0
# cancelled 0
# skipped 0
# todo 0
# duration_ms 130.693168
[node-tests] ok: tests/inference/probes-readback.test.js
TAP version 13
# q4k-loader-kernel-path-contract.test: ok
# Subtest: test module initialization completed
ok 1 - test module initialization completed
  ---
  duration_ms: 1.043946
  type: 'test'
  ...
1..1
# tests 1
# suites 0
# pass 1
# fail 0
# cancelled 0
# skipped 0
# todo 0
# duration_ms 208.521585
[node-tests] ok: tests/inference/q4k-loader-kernel-path-contract.test.js
TAP version 13
# qk-norm-buffer-cache-contract.test: ok
# Subtest: test module initialization completed
ok 1 - test module initialization completed
  ---
  duration_ms: 1.05714
  type: 'test'
  ...
1..1
# tests 1
# suites 0
# pass 1
# fail 0
# cancelled 0
# skipped 0
# todo 0
# duration_ms 111.37355
[node-tests] ok: tests/inference/qk-norm-buffer-cache-contract.test.js
TAP version 13
# qk-norm-weight-shape.test: ok
# Subtest: test module initialization completed
ok 1 - test module initialization completed
  ---
  duration_ms: 1.007297
  type: 'test'
  ...
1..1
# tests 1
# suites 0
# pass 1
# fail 0
# cancelled 0
# skipped 0
# todo 0
# duration_ms 170.125056
[node-tests] ok: tests/inference/qk-norm-weight-shape.test.js
TAP version 13
# qwen-linear-norm-offset.test: ok
# Subtest: test module initialization completed
ok 1 - test module initialization completed
  ---
  duration_ms: 0.997287
  type: 'test'
  ...
1..1
# tests 1
# suites 0
# pass 1
# fail 0
# cancelled 0
# skipped 0
# todo 0
# duration_ms 181.39721
[node-tests] ok: tests/inference/qwen-linear-norm-offset.test.js
TAP version 13
# qwen-manifest-completeness.test: ok
# Subtest: test module initialization completed
ok 1 - test module initialization completed
  ---
  duration_ms: 1.201983
  type: 'test'
  ...
1..1
# tests 1
# suites 0
# pass 1
# fail 0
# cancelled 0
# skipped 0
# todo 0
# duration_ms 182.881355
[node-tests] ok: tests/inference/qwen-manifest-completeness.test.js
TAP version 13
# qwen-output-gate-recorder-contract.test: ok
# Subtest: test module initialization completed
ok 1 - test module initialization completed
  ---
  duration_ms: 0.947494
  type: 'test'
  ...
1..1
# tests 1
# suites 0
# pass 1
# fail 0
# cancelled 0
# skipped 0
# todo 0
# duration_ms 92.382671
[node-tests] ok: tests/inference/qwen-output-gate-recorder-contract.test.js
TAP version 13
# qwen-q4k-eos-contract.test: ok
# Subtest: test module initialization completed
ok 1 - test module initialization completed
  ---
  duration_ms: 1.080595
  type: 'test'
  ...
1..1
# tests 1
# suites 0
# pass 1
# fail 0
# cancelled 0
# skipped 0
# todo 0
# duration_ms 95.670041
[node-tests] ok: tests/inference/qwen-q4k-eos-contract.test.js
TAP version 13
# qwen-rmsnorm-offset-contract.test: ok
# Subtest: test module initialization completed
ok 1 - test module initialization completed
  ---
  duration_ms: 1.039948
  type: 'test'
  ...
1..1
# tests 1
# suites 0
# pass 1
# fail 0
# cancelled 0
# skipped 0
# todo 0
# duration_ms 96.745717
[node-tests] ok: tests/inference/qwen-rmsnorm-offset-contract.test.js
TAP version 13
# Warning: maxDynamicUniformBuffersPerPipelineLayout artificially reduced from 500000 to 16 to fit dynamic offset allocation limit.
# Warning: maxDynamicStorageBuffersPerPipelineLayout artificially reduced from 500000 to 16 to fit dynamic offset allocation limit.
# [GPU] amd rdna-3, f16/subgroups, 4.0GB, submit probe: 1.0ms
# qwen-rope-runtime-config.test: ok
# Subtest: test module initialization completed
ok 1 - test module initialization completed
  ---
  duration_ms: 1.466832
  type: 'test'
  ...
1..1
# tests 1
# suites 0
# pass 1
# fail 0
# cancelled 0
# skipped 0
# todo 0
# duration_ms 306.444337
[node-tests] ok: tests/inference/qwen-rope-runtime-config.test.js
TAP version 13
# [94.2ms][Config] Experimental: Overriding 18 allowlisted model param(s) via runtime: vision_config.vision_architecture, vision_config.depth, vision_config.hidden_size, vision_config.intermediate_size, vision_config.num_heads, vision_config.num_key_value_heads, vision_config.head_dim, vision_config.out_hidden_size, vision_config.patch_size, vision_config.pooling_kernel_size, vision_config.spatial_merge_size, vision_config.temporal_patch_size, vision_config.eps, vision_config.hidden_activation, vision_config.min_pixels, vision_config.max_pixels, vision_config.normalization.mean, vision_config.normalization.std. Manifest values are recommended.
# qwen-vision-config-runtime-override.test: ok
# Subtest: test module initialization completed
ok 1 - test module initialization completed
  ---
  duration_ms: 1.129677
  type: 'test'
  ...
1..1
# tests 1
# suites 0
# pass 1
# fail 0
# cancelled 0
# skipped 0
# todo 0
# duration_ms 129.404982
[node-tests] ok: tests/inference/qwen-vision-config-runtime-override.test.js
TAP version 13
# refactor-receipt.test: ok
# Subtest: test module initialization completed
ok 1 - test module initialization completed
  ---
  duration_ms: 1.045438
  type: 'test'
  ...
1..1
# tests 1
# suites 0
# pass 1
# fail 0
# cancelled 0
# skipped 0
# todo 0
# duration_ms 115.955357
[node-tests] ok: tests/inference/refactor-receipt.test.js
TAP version 13
# rerank-scoring-details.test: ok
# Subtest: test module initialization completed
ok 1 - test module initialization completed
  ---
  duration_ms: 0.883805
  type: 'test'
  ...
1..1
# tests 1
# suites 0
# pass 1
# fail 0
# cancelled 0
# skipped 0
# todo 0
# duration_ms 219.400928
[node-tests] ok: tests/inference/rerank-scoring-details.test.js
TAP version 13
# Subtest: resolved runtime session is immutable and detached from mutable inputs
ok 1 - resolved runtime session is immutable and detached from mutable inputs
  ---
  duration_ms: 3.908159
  type: 'test'
  ...
# Subtest: attention accepts only the resolved session boundary
ok 2 - attention accepts only the resolved session boundary
  ---
  duration_ms: 1.185562
  type: 'test'
  ...
# Subtest: observation context keeps command intent out of numeric runtime policy
ok 3 - observation context keeps command intent out of numeric runtime policy
  ---
  duration_ms: 0.240142
  type: 'test'
  ...
# Subtest: test module initialization completed
ok 4 - test module initialization completed
  ---
  duration_ms: 0.05856
  type: 'test'
  ...
1..4
# tests 4
# suites 0
# pass 4
# fail 0
# cancelled 0
# skipped 0
# todo 0
# duration_ms 114.206373
[node-tests] ok: tests/inference/resolved-runtime-session.test.js
TAP version 13
# Subtest: immediate failure cleanup releases every acquired stage exactly once
ok 1 - immediate failure cleanup releases every acquired stage exactly once
  ---
  duration_ms: 1.909806
  type: 'test'
  ...
# Subtest: aliasing, transfer, retention, and output replacement are explicit
ok 2 - aliasing, transfer, retention, and output replacement are explicit
  ---
  duration_ms: 0.389213
  type: 'test'
  ...
# Subtest: recorded scope retains submit-owned buffers and prevents duplicate tracking
ok 3 - recorded scope retains submit-owned buffers and prevents duplicate tracking
  ---
  duration_ms: 0.155774
  type: 'test'
  ...
# Subtest: early return closes owned temporaries while preserving borrowed resources
ok 4 - early return closes owned temporaries while preserving borrowed resources
  ---
  duration_ms: 0.096462
  type: 'test'
  ...
# Subtest: pooled resource reacquisition starts a new ownership lifetime
ok 5 - pooled resource reacquisition starts a new ownership lifetime
  ---
  duration_ms: 0.168948
  type: 'test'
  ...
# Subtest: test module initialization completed
ok 6 - test module initialization completed
  ---
  duration_ms: 0.051877
  type: 'test'
  ...
1..6
# tests 6
# suites 0
# pass 6
# fail 0
# cancelled 0
# skipped 0
# todo 0
# duration_ms 108.148617
[node-tests] ok: tests/inference/resource-scope.test.js
TAP version 13
# rmsnorm-cache-bypass.test: ok
# Subtest: test module initialization completed
ok 1 - test module initialization completed
  ---
  duration_ms: 1.073752
  type: 'test'
  ...
1..1
# tests 1
# suites 0
# pass 1
# fail 0
# cancelled 0
# skipped 0
# todo 0
# duration_ms 136.296347
[node-tests] ok: tests/inference/rmsnorm-cache-bypass.test.js
TAP version 13
# rmsnorm-fusion-gate.test: ok
# Subtest: test module initialization completed
ok 1 - test module initialization completed
  ---
  duration_ms: 0.892029
  type: 'test'
  ...
1..1
# tests 1
# suites 0
# pass 1
# fail 0
# cancelled 0
# skipped 0
# todo 0
# duration_ms 110.29064
[node-tests] ok: tests/inference/rmsnorm-fusion-gate.test.js
TAP version 13
# rope-frequency-cache-contract.test: ok
# Subtest: test module initialization completed
ok 1 - test module initialization completed
  ---
  duration_ms: 1.047482
  type: 'test'
  ...
1..1
# tests 1
# suites 0
# pass 1
# fail 0
# cancelled 0
# skipped 0
# todo 0
# duration_ms 251.703521
[node-tests] ok: tests/inference/rope-frequency-cache-contract.test.js
TAP version 13
# [237.8ms][Pipeline] KV cache kvDtype mismatch: requested=f16, actual=f32 (rule-based resolution may have changed the dtype due to GPU capabilities or softcap policy)
# [238.5ms][Pipeline] KV cache kvDtype mismatch: requested=f16, actual=f32 (rule-based resolution may have changed the dtype due to GPU capabilities or softcap policy)
# [238.3ms][Pipeline] KV cache allocated: kvDtype=f32, maxSeqLen=8192, layout=paged, modelMaxSeqLen=8192, requestedKvDtype=f16, requestedMaxSeqLen=8192
# [238.6ms][Pipeline] KV cache allocated: kvDtype=f32, maxSeqLen=8192, layout=contiguous, modelMaxSeqLen=8192, requestedKvDtype=f16, requestedMaxSeqLen=8192
# runtime-contract-regressions.test: ok
# Subtest: test module initialization completed
ok 1 - test module initialization completed
  ---
  duration_ms: 1.110802
  type: 'test'
  ...
1..1
# tests 1
# suites 0
# pass 1
# fail 0
# cancelled 0
# skipped 0
# todo 0
# duration_ms 279.619425
[node-tests] ok: tests/inference/runtime-contract-regressions.test.js
TAP version 13
# sampling-config.test: ok
# Subtest: test module initialization completed
ok 1 - test module initialization completed
  ---
  duration_ms: 0.905255
  type: 'test'
  ...
1..1
# tests 1
# suites 0
# pass 1
# fail 0
# cancelled 0
# skipped 0
# todo 0
# duration_ms 111.821964
[node-tests] ok: tests/inference/sampling-config.test.js
TAP version 13
# sampling-nan-guard.test: ok
# Subtest: test module initialization completed
ok 1 - test module initialization completed
  ---
  duration_ms: 1.178168
  type: 'test'
  ...
1..1
# tests 1
# suites 0
# pass 1
# fail 0
# cancelled 0
# skipped 0
# todo 0
# duration_ms 126.070692
[node-tests] ok: tests/inference/sampling-nan-guard.test.js
TAP version 13
# sampling-topk-fast-path.test: ok
# Subtest: test module initialization completed
ok 1 - test module initialization completed
  ---
  duration_ms: 1.035891
  type: 'test'
  ...
1..1
# tests 1
# suites 0
# pass 1
# fail 0
# cancelled 0
# skipped 0
# todo 0
# duration_ms 132.124602
[node-tests] ok: tests/inference/sampling-topk-fast-path.test.js
TAP version 13
# Subtest: SD3 transformer plan is immutable and derives geometry without GPU state
ok 1 - SD3 transformer plan is immutable and derives geometry without GPU state
  ---
  duration_ms: 1.769381
  type: 'test'
  ...
# Subtest: SD3 position and modulation plans remain JSON-safe
ok 2 - SD3 position and modulation plans remain JSON-safe
  ---
  duration_ms: 0.623875
  type: 'test'
  ...
# Subtest: test module initialization completed
ok 3 - test module initialization completed
  ---
  duration_ms: 0.065504
  type: 'test'
  ...
1..3
# tests 3
# suites 0
# pass 3
# fail 0
# cancelled 0
# skipped 0
# todo 0
# duration_ms 119.252124
[node-tests] ok: tests/inference/sd3-transformer-plan.test.js
TAP version 13
# selected-logits-diagnostics.test: ok (synthetic execution; no physical inference claim)
# Subtest: test module initialization completed
ok 1 - test module initialization completed
  ---
  duration_ms: 1.147561
  type: 'test'
  ...
1..1
# tests 1
# suites 0
# pass 1
# fail 0
# cancelled 0
# skipped 0
# todo 0
# duration_ms 265.492595
[node-tests] ok: tests/inference/selected-logits-diagnostics.test.js
TAP version 13
# sequence-encoding-contract.test: ok
# Subtest: test module initialization completed
ok 1 - test module initialization completed
  ---
  duration_ms: 1.224476
  type: 'test'
  ...
1..1
# tests 1
# suites 0
# pass 1
# fail 0
# cancelled 0
# skipped 0
# todo 0
# duration_ms 268.503524
[node-tests] ok: tests/inference/sequence-encoding-contract.test.js
TAP version 13
# soft-embedding-split-contract.test: ok
# Subtest: test module initialization completed
ok 1 - test module initialization completed
  ---
  duration_ms: 1.138383
  type: 'test'
  ...
1..1
# tests 1
# suites 0
# pass 1
# fail 0
# cancelled 0
# skipped 0
# todo 0
# duration_ms 136.879896
[node-tests] ok: tests/inference/soft-embedding-split-contract.test.js
TAP version 13
# speculative-decoding.test: ok
# Subtest: test module initialization completed
ok 1 - test module initialization completed
  ---
  duration_ms: 0.960468
  type: 'test'
  ...
1..1
# tests 1
# suites 0
# pass 1
# fail 0
# cancelled 0
# skipped 0
# todo 0
# duration_ms 105.83465
[node-tests] ok: tests/inference/speculative-decoding.test.js
TAP version 13
# test-harness-storage-context.test: ok
# Subtest: test module initialization completed
ok 1 - test module initialization completed
  ---
  duration_ms: 1.10443
  type: 'test'
  ...
1..1
# tests 1
# suites 0
# pass 1
# fail 0
# cancelled 0
# skipped 0
# todo 0
# duration_ms 276.790597
[node-tests] ok: tests/inference/test-harness-storage-context.test.js
TAP version 13
# [138.2ms][TurboQuant] Computed rotation matrix: d=64, seed=1414616389
# [320.6ms][TurboQuant] Computed codebook: d=64, b=4, centroids=16
# [322.0ms][TurboQuant] Computed QJL matrix: d=64, seed=1363823696
# tiered-turboquant-clone.test: ok
# Subtest: test module initialization completed
ok 1 - test module initialization completed
  ---
  duration_ms: 1.308133
  type: 'test'
  ...
1..1
# tests 1
# suites 0
# pass 1
# fail 0
# cancelled 0
# skipped 0
# todo 0
# duration_ms 363.872788
[node-tests] ok: tests/inference/tiered-turboquant-clone.test.js
TAP version 13
# token-sampling-contract: canonical validation, penalty window and filter order passed
# Subtest: test module initialization completed
ok 1 - test module initialization completed
  ---
  duration_ms: 0.9348
  type: 'test'
  ...
1..1
# tests 1
# suites 0
# pass 1
# fail 0
# cancelled 0
# skipped 0
# todo 0
# duration_ms 96.201841
[node-tests] ok: tests/inference/token-sampling-contract.test.js
TAP version 13
# [76.2ms][Tokenizer] Loaded 13 tokens (bpe)
# [78.7ms][Tokenizer] HuggingFace model.type="BPE", using type="bpe"
# [78.8ms][Tokenizer] Loaded HuggingFace 13 tokens (bpe), 3 special patterns, 0 merges
# tokenizer-bundled-added-tokens.test: ok
# Subtest: test module initialization completed
ok 1 - test module initialization completed
  ---
  duration_ms: 0.973763
  type: 'test'
  ...
1..1
# tests 1
# suites 0
# pass 1
# fail 0
# cancelled 0
# skipped 0
# todo 0
# duration_ms 113.831647
[node-tests] ok: tests/inference/tokenizer-bundled-added-tokens.test.js
TAP version 13
# [94.3ms][Tokenizer] Loaded 3 tokens (bpe)
# [95.8ms][Tokenizer] HuggingFace model.type="BPE", using type="bpe"
# [95.9ms][Tokenizer] Loaded HuggingFace 3 tokens (bpe), 0 special patterns, 0 merges
# [95.9ms][Tokenizer] HuggingFace model.type="BPE", using type="bpe"
# [96.1ms][Tokenizer] Loaded HuggingFace 4 tokens (bpe), 3 special patterns, 0 merges
# [96.2ms][Tokenizer] HuggingFace model.type="BPE", using type="bpe"
# [96.2ms][Tokenizer] Loaded HuggingFace 200002 tokens (bpe), 3 special patterns, 0 merges
# tokenizer-bundled-flags.test: ok
# Subtest: test module initialization completed
ok 1 - test module initialization completed
  ---
  duration_ms: 0.966129
  type: 'test'
  ...
1..1
# tests 1
# suites 0
# pass 1
# fail 0
# cancelled 0
# skipped 0
# todo 0
# duration_ms 129.918277
[node-tests] ok: tests/inference/tokenizer-bundled-flags.test.js
TAP version 13
# [85.0ms][Tokenizer] HuggingFace model.type="BPE", using type="bpe"
# [85.7ms][Tokenizer] Loaded HuggingFace 7413 tokens (bpe), 0 special patterns, 0 merges
# tokenizer-bundled-hot-token-ranking.test: ok
# Subtest: test module initialization completed
ok 1 - test module initialization completed
  ---
  duration_ms: 0.99271
  type: 'test'
  ...
1..1
# tests 1
# suites 0
# pass 1
# fail 0
# cancelled 0
# skipped 0
# todo 0
# duration_ms 117.153582
[node-tests] ok: tests/inference/tokenizer-bundled-hot-token-ranking.test.js
TAP version 13
# [101.5ms][Tokenizer] HuggingFace model.type="BPE", using type="bpe"
# [102.9ms][Tokenizer] Loaded HuggingFace 94 tokens (bpe), 4 special patterns, 6 merges
# tokenizer-bundled-split-pretokenizer.test: ok
# Subtest: test module initialization completed
ok 1 - test module initialization completed
  ---
  duration_ms: 1.030009
  type: 'test'
  ...
1..1
# tests 1
# suites 0
# pass 1
# fail 0
# cancelled 0
# skipped 0
# todo 0
# duration_ms 139.399509
[node-tests] ok: tests/inference/tokenizer-bundled-split-pretokenizer.test.js
TAP version 13
# [79.7ms][Tokenizer] HuggingFace model.type="BPE", using type="bpe"
# [80.5ms][Tokenizer] Loaded HuggingFace 6 tokens (bpe), 0 special patterns, 0 merges
# [81.0ms][Tokenizer] Loaded 3 tokens (bpe)
# tokenizer-bundled-unicode-decode.test: ok
# Subtest: test module initialization completed
ok 1 - test module initialization completed
  ---
  duration_ms: 1.086916
  type: 'test'
  ...
1..1
# tests 1
# suites 0
# pass 1
# fail 0
# cancelled 0
# skipped 0
# todo 0
# duration_ms 117.339813
[node-tests] ok: tests/inference/tokenizer-bundled-unicode-decode.test.js
TAP version 13
# [77.8ms][Tokenizer] HuggingFace model.type="WordPiece", using type="wordpiece"
# [78.7ms][Tokenizer] Loaded HuggingFace 8 tokens (wordpiece), 5 special patterns, 0 merges
# [80.0ms][Tokenizer] HuggingFace model.type="WordPiece", using type="wordpiece"
# [80.1ms][Tokenizer] Loaded HuggingFace 5 tokens (wordpiece), 2 special patterns, 0 merges
# [81.2ms][Tokenizer] HuggingFace model.type="BPE", using type="bpe"
# [81.3ms][Tokenizer] Loaded HuggingFace 6 tokens (bpe), 4 special patterns, 0 merges
# [81.6ms][Tokenizer] HuggingFace model.type="BPE", using type="bpe"
# [81.7ms][Tokenizer] Loaded HuggingFace 9 tokens (bpe), 4 special patterns, 0 merges
# tokenizer-bundled-wordpiece.test: ok
# Subtest: test module initialization completed
ok 1 - test module initialization completed
  ---
  duration_ms: 1.035881
  type: 'test'
  ...
1..1
# tests 1
# suites 0
# pass 1
# fail 0
# cancelled 0
# skipped 0
# todo 0
# duration_ms 113.644505
[node-tests] ok: tests/inference/tokenizer-bundled-wordpiece.test.js
TAP version 13
# [76.3ms][Tokenizer] HuggingFace model.type="BPE", using type="bpe"
# [77.5ms][Tokenizer] Loaded HuggingFace 261 tokens (bpe), 1 special patterns, 0 merges
# [134.9ms][Tokenizer] HuggingFace model.type="BPE", using type="bpe"
# [135.2ms][Tokenizer] Loaded HuggingFace 261 tokens (bpe), 1 special patterns, 0 merges
# [192.1ms][Tokenizer] HuggingFace model.type="WordPiece", using type="wordpiece"
# [192.2ms][Tokenizer] Loaded HuggingFace 261 tokens (wordpiece), 1 special patterns, 0 merges
# tokenizer-incremental-decode.test: ok
# Subtest: test module initialization completed
ok 1 - test module initialization completed
  ---
  duration_ms: 1.196173
  type: 'test'
  ...
1..1
# tests 1
# suites 0
# pass 1
# fail 0
# cancelled 0
# skipped 0
# todo 0
# duration_ms 230.800571
[node-tests] ok: tests/inference/tokenizer-incremental-decode.test.js
TAP version 13
# [91.6ms][Tokenizer] Loading bundled tokenizer from tokenizer.json
# [92.7ms][Tokenizer] Loaded 3 tokens (bpe)
# [93.7ms][Tokenizer] Loading bundled tokenizer from tokenizer.json
# [93.8ms][Tokenizer] Bundled tokenizer cache hit: tokenizer.json
# tokenizer-load-timing.test: ok
# Subtest: test module initialization completed
ok 1 - test module initialization completed
  ---
  duration_ms: 1.004331
  type: 'test'
  ...
1..1
# tests 1
# suites 0
# pass 1
# fail 0
# cancelled 0
# skipped 0
# todo 0
# duration_ms 125.030363
[node-tests] ok: tests/inference/tokenizer-load-timing.test.js
TAP version 13
# [100.9ms][Tokenizer] Loaded 3 tokens (bpe)
# [101.4ms][Tokenizer] Loaded 3 tokens (bpe)
# [102.7ms][Tokenizer] Loaded 16 pieces (bpe)
# [101.8ms][Tokenizer] Failed to parse model, using byte fallback: Unexpected end of buffer
# tokenizer-reload-cleanup.test: ok
# Subtest: test module initialization completed
ok 1 - test module initialization completed
  ---
  duration_ms: 1.029619
  type: 'test'
  ...
1..1
# tests 1
# suites 0
# pass 1
# fail 0
# cancelled 0
# skipped 0
# todo 0
# duration_ms 141.236398
[node-tests] ok: tests/inference/tokenizer-reload-cleanup.test.js
TAP version 13
# tokenizer.test: ok
# Subtest: test module initialization completed
ok 1 - test module initialization completed
  ---
  duration_ms: 1.066659
  type: 'test'
  ...
1..1
# tests 1
# suites 0
# pass 1
# fail 0
# cancelled 0
# skipped 0
# todo 0
# duration_ms 141.218925
[node-tests] ok: tests/inference/tokenizer.test.js
TAP version 13
# tsir-fixture-writer.test: ok
# Subtest: test module initialization completed
ok 1 - test module initialization completed
  ---
  duration_ms: 1.08358
  type: 'test'
  ...
1..1
# tests 1
# suites 0
# pass 1
# fail 0
# cancelled 0
# skipped 0
# todo 0
# duration_ms 125.322263
[node-tests] ok: tests/inference/tsir-fixture-writer.test.js
TAP version 13
# Subtest: createTsvGrammarMask
    # Subtest: blocks newline before any tabs are emitted (line cannot end without fields)
    ok 1 - blocks newline before any tabs are emitted (line cannot end without fields)
      ---
      duration_ms: 1.092988
      type: 'test'
      ...
    # Subtest: blocks newline mid-line (after some but not all field separators)
    ok 2 - blocks newline mid-line (after some but not all field separators)
      ---
      duration_ms: 0.139573
      type: 'test'
      ...
    # Subtest: allows newline once all 3 tabs are emitted
    ok 3 - allows newline once all 3 tabs are emitted
      ---
      duration_ms: 0.142138
      type: 'test'
      ...
    # Subtest: blocks a 4th tab on the same line (would push past the schema)
    ok 4 - blocks a 4th tab on the same line (would push past the schema)
      ---
      duration_ms: 0.126849
      type: 'test'
      ...
    # Subtest: resets per-line tab counter on newline
    ok 5 - resets per-line tab counter on newline
      ---
      duration_ms: 0.086694
      type: 'test'
      ...
    # Subtest: does NOT enforce category content (any string token allowed at line start)
    ok 6 - does NOT enforce category content (any string token allowed at line start)
      ---
      duration_ms: 0.061706
      type: 'test'
      ...
    # Subtest: handles a multi-character token piece containing tab + newline together
    ok 7 - handles a multi-character token piece containing tab + newline together
      ---
      duration_ms: 0.098565
      type: 'test'
      ...
    # Subtest: blocks a multi-character piece that would over-fill the tab budget
    ok 8 - blocks a multi-character piece that would over-fill the tab budget
      ---
      duration_ms: 0.129694
      type: 'test'
      ...
    # Subtest: returns a no-op when no tokenizer is provided
    ok 9 - returns a no-op when no tokenizer is provided
      ---
      duration_ms: 0.161024
      type: 'test'
      ...
    1..9
ok 1 - createTsvGrammarMask
  ---
  duration_ms: 3.015528
  type: 'suite'
  ...
# Subtest: test module initialization completed
ok 2 - test module initialization completed
  ---
  duration_ms: 0.171002
  type: 'test'
  ...
1..2
# tests 10
# suites 1
# pass 10
# fail 0
# cancelled 0
# skipped 0
# todo 0
# duration_ms 114.686326
[node-tests] ok: tests/inference/tsv-grammar-mask.test.js
TAP version 13
# turboquant-config-merge: merge tests passed
# [187.8ms][TurboQuant] Computed rotation matrix: d=8, seed=1414616389
# [366.6ms][TurboQuant] Computed codebook: d=8, b=4, centroids=16
# [367.1ms][Pipeline] KV cache allocated: kvDtype=f16, maxSeqLen=1024, layout=contiguous_quantized, modelMaxSeqLen=1024, requestedKvDtype=f16, requestedMaxSeqLen=1024
# [367.5ms][Pipeline] KV cache allocated: kvDtype=f16, maxSeqLen=1024, layout=contiguous_quantized, modelMaxSeqLen=1024, requestedKvDtype=f16, requestedMaxSeqLen=1024
# [367.6ms][Pipeline] KV cache allocated: kvDtype=f16, maxSeqLen=1024, layout=contiguous_quantized, modelMaxSeqLen=1024, requestedKvDtype=f16, requestedMaxSeqLen=1024
# [367.8ms][Pipeline] KV cache allocated: kvDtype=f16, maxSeqLen=1024, layout=contiguous_quantized, modelMaxSeqLen=1024, requestedKvDtype=f16, requestedMaxSeqLen=1024
# [367.9ms][Pipeline] KV cache allocated: kvDtype=f16, maxSeqLen=1024, layout=contiguous_quantized, modelMaxSeqLen=1024, requestedKvDtype=f16, requestedMaxSeqLen=1024
# [368.2ms][TurboQuant] Computed QJL matrix: d=8, seed=1363823696
# [368.3ms][Pipeline] KV cache allocated: kvDtype=f16, maxSeqLen=1024, layout=contiguous_quantized, modelMaxSeqLen=1024, requestedKvDtype=f16, requestedMaxSeqLen=1024
# [368.5ms][Pipeline] KV cache allocated: kvDtype=f16, maxSeqLen=1024, layout=contiguous_quantized, modelMaxSeqLen=1024, requestedKvDtype=f16, requestedMaxSeqLen=1024
# [368.5ms][Pipeline] KV cache allocated: kvDtype=f16, maxSeqLen=1024, layout=contiguous_quantized, modelMaxSeqLen=1024, requestedKvDtype=f16, requestedMaxSeqLen=1024
# [368.8ms][Pipeline] KV cache kvDtype mismatch: requested=f16, actual=f32 (rule-based resolution may have changed the dtype due to GPU capabilities or softcap policy)
# [369.3ms][Pipeline] KV cache kvDtype mismatch: requested=f16, actual=f32 (rule-based resolution may have changed the dtype due to GPU capabilities or softcap policy)
# [368.9ms][Pipeline] KV cache allocated: kvDtype=f32, maxSeqLen=1024, layout=contiguous, modelMaxSeqLen=1024, requestedKvDtype=f16, requestedMaxSeqLen=1024
# [369.2ms][Pipeline] KV cache allocated: kvDtype=f16, maxSeqLen=1024, layout=contiguous_quantized, modelMaxSeqLen=1024, requestedKvDtype=f16, requestedMaxSeqLen=1024
# [369.3ms][Pipeline] KV cache allocated: kvDtype=f32, maxSeqLen=512, layout=contiguous, modelMaxSeqLen=1024, requestedKvDtype=f16, requestedMaxSeqLen=1024
# turboquant-config-merge: layout resolution tests passed
# turboquant-config-merge.test: ok
# Subtest: test module initialization completed
ok 1 - test module initialization completed
  ---
  duration_ms: 1.185883
  type: 'test'
  ...
1..1
# tests 1
# suites 0
# pass 1
# fail 0
# cancelled 0
# skipped 0
# todo 0
# duration_ms 412.599012
[node-tests] ok: tests/inference/turboquant-config-merge.test.js
TAP version 13
# vision-pipeline-capability.test: ok
# Subtest: test module initialization completed
ok 1 - test module initialization completed
  ---
  duration_ms: 1.160686
  type: 'test'
  ...
1..1
# tests 1
# suites 0
# pass 1
# fail 0
# cancelled 0
# skipped 0
# todo 0
# duration_ms 271.855092
[node-tests] ok: tests/inference/vision-pipeline-capability.test.js
TAP version 13
# weight-buffer-runtime-dtype.test: ok
# Subtest: test module initialization completed
ok 1 - test module initialization completed
  ---
  duration_ms: 1.049245
  type: 'test'
  ...
1..1
# tests 1
# suites 0
# pass 1
# fail 0
# cancelled 0
# skipped 0
# todo 0
# duration_ms 208.728129
[node-tests] ok: tests/inference/weight-buffer-runtime-dtype.test.js
TAP version 13
# adapter artifact contract tests passed
# Subtest: test module initialization completed
ok 1 - test module initialization completed
  ---
  duration_ms: 0.954667
  type: 'test'
  ...
1..1
# tests 1
# suites 0
# pass 1
# fail 0
# cancelled 0
# skipped 0
# todo 0
# duration_ms 95.016599
[node-tests] ok: tests/integration/adapter-artifact-contract.test.js
TAP version 13
# adapter-registry-browser-contract.test: ok
# Subtest: test module initialization completed
ok 1 - test module initialization completed
  ---
  duration_ms: 0.956922
  type: 'test'
  ...
1..1
# tests 1
# suites 0
# pass 1
# fail 0
# cancelled 0
# skipped 0
# todo 0
# duration_ms 132.567824
[node-tests] ok: tests/integration/adapter-registry-browser-contract.test.js
TAP version 13
# [81.6ms][ExtensionBridge] Disconnected: unknown
# bridge-extension-client-contract.test: ok
# Subtest: test module initialization completed
ok 1 - test module initialization completed
  ---
  duration_ms: 1.08317
  type: 'test'
  ...
1..1
# tests 1
# suites 0
# pass 1
# fail 0
# cancelled 0
# skipped 0
# todo 0
# duration_ms 115.460253
[node-tests] ok: tests/integration/bridge-extension-client-contract.test.js
TAP version 13
# [335.8ms][DopplerProvider] Bridge source runtime ready: bridge-source-test (safetensors, 2 tensors)
# [339.9ms][DopplerProvider] Bridge source runtime ready: bridge-source-tflite (tflite, 2 tensors)
# [346.3ms][DopplerProvider] Mixed litert-task tensor dtypes detected (F16, F32). Using F32 source quantization for direct-source parity.
# [542.7ms][DopplerProvider] Bridge source runtime ready: bridge-source-litert-task (litert-task, 12 tensors)
# [549.4ms][DopplerProvider] Mixed litertlm tensor dtypes detected (F16, F32). Using F32 source quantization for direct-source parity.
# [756.8ms][DopplerProvider] Bridge source runtime ready: bridge-source-litertlm (litertlm, 12 tensors)
# bridge-source-runtime.test: ok
# Subtest: test module initialization completed
ok 1 - test module initialization completed
  ---
  duration_ms: 1.283006
  type: 'test'
  ...
1..1
# tests 1
# suites 0
# pass 1
# fail 0
# cancelled 0
# skipped 0
# todo 0
# duration_ms 826.038504
[node-tests] ok: tests/integration/bridge-source-runtime.test.js
TAP version 13
# browser-convert-command-surface.test: ok
# Subtest: test module initialization completed
ok 1 - test module initialization completed
  ---
  duration_ms: 1.061709
  type: 'test'
  ...
1..1
# tests 1
# suites 0
# pass 1
# fail 0
# cancelled 0
# skipped 0
# todo 0
# duration_ms 272.958959
[node-tests] ok: tests/integration/browser-convert-command-surface.test.js
TAP version 13
# browser-converter-file-picker-contract.test: ok
# Subtest: test module initialization completed
ok 1 - test module initialization completed
  ---
  duration_ms: 1.04632
  type: 'test'
  ...
1..1
# tests 1
# suites 0
# pass 1
# fail 0
# cancelled 0
# skipped 0
# todo 0
# duration_ms 152.308224
[node-tests] ok: tests/integration/browser-converter-file-picker-contract.test.js
TAP version 13
# browser-file-picker-contract.test: ok
# Subtest: test module initialization completed
ok 1 - test module initialization completed
  ---
  duration_ms: 0.955479
  type: 'test'
  ...
1..1
# tests 1
# suites 0
# pass 1
# fail 0
# cancelled 0
# skipped 0
# todo 0
# duration_ms 95.86707
[node-tests] ok: tests/integration/browser-file-picker-contract.test.js
TAP version 13
# browser-harness-batching-metrics.test: ok
# Subtest: test module initialization completed
ok 1 - test module initialization completed
  ---
  duration_ms: 1.621744
  type: 'test'
  ...
1..1
# tests 1
# suites 0
# pass 1
# fail 0
# cancelled 0
# skipped 0
# todo 0
# duration_ms 334.923063
[node-tests] ok: tests/integration/browser-harness-batching-metrics.test.js
TAP version 13
# [238.3ms][HarnessOverride] DEBUG_SNAPSHOT_MARKER:first
# [245.5ms][HarnessOverride] DEBUG_SNAPSHOT_MARKER:second
# browser-harness-debug-snapshot.test: ok
# Subtest: test module initialization completed
ok 1 - test module initialization completed
  ---
  duration_ms: 1.094982
  type: 'test'
  ...
1..1
# tests 1
# suites 0
# pass 1
# fail 0
# cancelled 0
# skipped 0
# todo 0
# duration_ms 288.457581
[node-tests] ok: tests/integration/browser-harness-debug-snapshot.test.js
TAP version 13
# browser-harness-dispatch-map.test: ok
# Subtest: test module initialization completed
ok 1 - test module initialization completed
  ---
  duration_ms: 1.041131
  type: 'test'
  ...
1..1
# tests 1
# suites 0
# pass 1
# fail 0
# cancelled 0
# skipped 0
# todo 0
# duration_ms 337.983635
[node-tests] ok: tests/integration/browser-harness-dispatch-map.test.js
TAP version 13
# browser-harness-generation-diagnostics.test: ok
# Subtest: test module initialization completed
ok 1 - test module initialization completed
  ---
  duration_ms: 1.150136
  type: 'test'
  ...
1..1
# tests 1
# suites 0
# pass 1
# fail 0
# cancelled 0
# skipped 0
# todo 0
# duration_ms 295.320103
[node-tests] ok: tests/integration/browser-harness-generation-diagnostics.test.js
TAP version 13
# browser-harness-image-transcription.test: ok
# Subtest: test module initialization completed
ok 1 - test module initialization completed
  ---
  duration_ms: 1.582881
  type: 'test'
  ...
1..1
# tests 1
# suites 0
# pass 1
# fail 0
# cancelled 0
# skipped 0
# todo 0
# duration_ms 303.427128
[node-tests] ok: tests/integration/browser-harness-image-transcription.test.js
TAP version 13
# browser-harness-local-source-model-url.test: ok
# Subtest: test module initialization completed
ok 1 - test module initialization completed
  ---
  duration_ms: 1.042062
  type: 'test'
  ...
1..1
# tests 1
# suites 0
# pass 1
# fail 0
# cancelled 0
# skipped 0
# todo 0
# duration_ms 254.601322
[node-tests] ok: tests/integration/browser-harness-local-source-model-url.test.js
TAP version 13
# browser-harness-reference-transcript.test: ok
# Subtest: test module initialization completed
ok 1 - test module initialization completed
  ---
  duration_ms: 1.089933
  type: 'test'
  ...
1..1
# tests 1
# suites 0
# pass 1
# fail 0
# cancelled 0
# skipped 0
# todo 0
# duration_ms 224.116953
[node-tests] ok: tests/integration/browser-harness-reference-transcript.test.js
TAP version 13
# browser-harness-runtime-input-composition.test: ok
# Subtest: test module initialization completed
ok 1 - test module initialization completed
  ---
  duration_ms: 1.313654
  type: 'test'
  ...
1..1
# tests 1
# suites 0
# pass 1
# fail 0
# cancelled 0
# skipped 0
# todo 0
# duration_ms 313.555557
[node-tests] ok: tests/integration/browser-harness-runtime-input-composition.test.js
TAP version 13
# browser-harness-suite-routing.test: ok
# Subtest: test module initialization completed
ok 1 - test module initialization completed
  ---
  duration_ms: 1.097827
  type: 'test'
  ...
1..1
# tests 1
# suites 0
# pass 1
# fail 0
# cancelled 0
# skipped 0
# todo 0
# duration_ms 297.402493
[node-tests] ok: tests/integration/browser-harness-suite-routing.test.js
TAP version 13
# browser-remote-tensor-source-contract.test: ok
# Subtest: test module initialization completed
ok 1 - test module initialization completed
  ---
  duration_ms: 1.128535
  type: 'test'
  ...
1..1
# tests 1
# suites 0
# pass 1
# fail 0
# cancelled 0
# skipped 0
# todo 0
# duration_ms 153.291464
[node-tests] ok: tests/integration/browser-remote-tensor-source-contract.test.js
TAP version 13
# browser-shard-io-contract.test: ok
# Subtest: test module initialization completed
ok 1 - test module initialization completed
  ---
  duration_ms: 1.063793
  type: 'test'
  ...
1..1
# tests 1
# suites 0
# pass 1
# fail 0
# cancelled 0
# skipped 0
# todo 0
# duration_ms 145.175072
[node-tests] ok: tests/integration/browser-shard-io-contract.test.js
TAP version 13
# capsule-serve.test: ok
# Subtest: test module initialization completed
ok 1 - test module initialization completed
  ---
  duration_ms: 0.675051
  type: 'test'
  ...
1..1
# tests 1
# suites 0
# pass 1
# fail 0
# cancelled 0
# skipped 0
# todo 0
# duration_ms 516.854581
[node-tests] ok: tests/integration/capsule-serve.test.js
TAP version 13
# Subtest: test module initialization completed
ok 1 - test module initialization completed
  ---
  duration_ms: 1.169382
  type: 'test'
  ...
1..1
# tests 1
# suites 0
# pass 1
# fail 0
# cancelled 0
# skipped 0
# todo 0
# duration_ms 904.609697
[node-tests] ok: tests/integration/cli-runtime-profiles.test.js
TAP version 13
# cli-surface-contract.test: ok
# Subtest: test module initialization completed
ok 1 - test module initialization completed
  ---
  duration_ms: 0.943567
  type: 'test'
  ...
1..1
# tests 1
# suites 0
# pass 1
# fail 0
# cancelled 0
# skipped 0
# todo 0
# duration_ms 9053.465491
[node-tests] ok: tests/integration/cli-surface-contract.test.js
TAP version 13
# command-api.test: ok
# Subtest: test module initialization completed
ok 1 - test module initialization completed
  ---
  duration_ms: 0.870028
  type: 'test'
  ...
1..1
# tests 1
# suites 0
# pass 1
# fail 0
# cancelled 0
# skipped 0
# todo 0
# duration_ms 102.031765
[node-tests] ok: tests/integration/command-api.test.js
TAP version 13
# command-envelope.test: ok
# Subtest: test module initialization completed
ok 1 - test module initialization completed
  ---
  duration_ms: 0.860159
  type: 'test'
  ...
1..1
# tests 1
# suites 0
# pass 1
# fail 0
# cancelled 0
# skipped 0
# todo 0
# duration_ms 96.62251
[node-tests] ok: tests/integration/command-envelope.test.js
TAP version 13
# command-runner-shared.test: ok
# Subtest: test module initialization completed
ok 1 - test module initialization completed
  ---
  duration_ms: 0.925693
  type: 'test'
  ...
1..1
# tests 1
# suites 0
# pass 1
# fail 0
# cancelled 0
# skipped 0
# todo 0
# duration_ms 122.496989
[node-tests] ok: tests/integration/command-runner-shared.test.js
TAP version 13
# [Doppler] Log level set to: WARN
# [Doppler] Trace categories: perf,kv
# [Doppler] Trace disabled
# [Doppler] Silent mode enabled - logging silenced
# [Doppler] Silent mode disabled - logging restored
# debug-config-contract.test: ok
# Subtest: test module initialization completed
ok 1 - test module initialization completed
  ---
  duration_ms: 0.936794
  type: 'test'
  ...
1..1
# tests 1
# suites 0
# pass 1
# fail 0
# cancelled 0
# skipped 0
# todo 0
# duration_ms 117.325712
[node-tests] ok: tests/integration/debug-config-contract.test.js
TAP version 13
# debug-signals-contract.test: ok
# Subtest: test module initialization completed
ok 1 - test module initialization completed
  ---
  duration_ms: 0.949698
  type: 'test'
  ...
1..1
# tests 1
# suites 0
# pass 1
# fail 0
# cancelled 0
# skipped 0
# todo 0
# duration_ms 117.077324
[node-tests] ok: tests/integration/debug-signals-contract.test.js
TAP version 13
# debug-tensor-contract.test: ok
# Subtest: test module initialization completed
ok 1 - test module initialization completed
  ---
  duration_ms: 0.948686
  type: 'test'
  ...
1..1
# tests 1
# suites 0
# pass 1
# fail 0
# cancelled 0
# skipped 0
# todo 0
# duration_ms 112.433731
[node-tests] ok: tests/integration/debug-tensor-contract.test.js
TAP version 13
# demo-surface-contract.test: ok
# Subtest: test module initialization completed
ok 1 - test module initialization completed
  ---
  duration_ms: 0.915573
  type: 'test'
  ...
1..1
# tests 1
# suites 0
# pass 1
# fail 0
# cancelled 0
# skipped 0
# todo 0
# duration_ms 94.76904
[node-tests] ok: tests/integration/demo-surface-contract.test.js
TAP version 13
# descriptor-transport-contract.test: ok
# Subtest: test module initialization completed
ok 1 - test module initialization completed
  ---
  duration_ms: 0.961881
  type: 'test'
  ...
1..1
# tests 1
# suites 0
# pass 1
# fail 0
# cancelled 0
# skipped 0
# todo 0
# duration_ms 108.791612
[node-tests] ok: tests/integration/descriptor-transport-contract.test.js
TAP version 13
# diagnostics-controller-contract.test: ok
# Subtest: test module initialization completed
ok 1 - test module initialization completed
  ---
  duration_ms: 1.295709
  type: 'test'
  ...
1..1
# tests 1
# suites 0
# pass 1
# fail 0
# cancelled 0
# skipped 0
# todo 0
# duration_ms 108.361573
[node-tests] ok: tests/integration/diagnostics-controller-contract.test.js
TAP version 13
# diffusion-command-smoke.test: ok
# Subtest: test module initialization completed
ok 1 - test module initialization completed
  ---
  duration_ms: 1.265993
  type: 'test'
  ...
1..1
# tests 1
# suites 0
# pass 1
# fail 0
# cancelled 0
# skipped 0
# todo 0
# duration_ms 309.224475
[node-tests] ok: tests/integration/diffusion-command-smoke.test.js
TAP version 13
# diffusion-image-regression.test: ok
# Subtest: test module initialization completed
ok 1 - test module initialization completed
  ---
  duration_ms: 0.963715
  type: 'test'
  ...
1..1
# tests 1
# suites 0
# pass 1
# fail 0
# cancelled 0
# skipped 0
# todo 0
# duration_ms 100.713472
[node-tests] ok: tests/integration/diffusion-image-regression.test.js
TAP version 13
# diffusion-runtime-contract.test: ok
# Subtest: test module initialization completed
ok 1 - test module initialization completed
  ---
  duration_ms: 1.112896
  type: 'test'
  ...
1..1
# tests 1
# suites 0
# pass 1
# fail 0
# cancelled 0
# skipped 0
# todo 0
# duration_ms 182.09257
[node-tests] ok: tests/integration/diffusion-runtime-contract.test.js
TAP version 13
# [132.5ms][Tokenizer] HuggingFace model.type="Unigram", using type="unigram"
# [133.3ms][Tokenizer] Loaded HuggingFace 4 tokens (unigram), 0 special patterns, 0 merges
# diffusion-tokenizer-loader.test: ok
# Subtest: test module initialization completed
ok 1 - test module initialization completed
  ---
  duration_ms: 1.109449
  type: 'test'
  ...
1..1
# tests 1
# suites 0
# pass 1
# fail 0
# cancelled 0
# skipped 0
# todo 0
# duration_ms 173.246745
[node-tests] ok: tests/integration/diffusion-tokenizer-loader.test.js
TAP version 13
# [141.5ms][Downloader] IndexedDB unavailable, download resume will not work
# [143.2ms][Downloader] IndexedDB unavailable, download resume will not work
# [244.8ms][Downloader] IndexedDB unavailable, download resume will not work
# [249.6ms][OPFSCache] Cache hit: "gemma-3-direct-source-opfs-test"
# [251.2ms][OPFSCache] Cache manifest refreshed: "gemma-3-direct-source-opfs-test" (cached bytes verified)
# [252.1ms][OPFSCache] Cache stale: "gemma-3-direct-source-opfs-test" direct-source assets are incomplete (tokenizer.json)
# [252.2ms][OPFSCache] Cache stale: "gemma-3-direct-source-opfs-test" manifest/shards changed; deleting old version and re-importing
# [252.3ms][OPFSCache] Deleted stale OPFS cache for "gemma-3-direct-source-opfs-test"
# [252.9ms][Downloader] IndexedDB unavailable, download resume will not work
# [253.8ms][Downloader] IndexedDB unavailable, download resume will not work
# [356.0ms][Downloader] IndexedDB unavailable, download resume will not work
# [356.1ms][OPFSCache] Import complete: "gemma-3-direct-source-opfs-test"
# direct-source-opfs-cache-contract.test: ok
# Subtest: test module initialization completed
ok 1 - test module initialization completed
  ---
  duration_ms: 1.328031
  type: 'test'
  ...
1..1
# tests 1
# suites 0
# pass 1
# fail 0
# cancelled 0
# skipped 0
# todo 0
# duration_ms 393.96415
[node-tests] ok: tests/integration/direct-source-opfs-cache-contract.test.js
TAP version 13
# distill-command-threading-parity.test: ok
# Subtest: test module initialization completed
ok 1 - test module initialization completed
  ---
  duration_ms: 1.015913
  type: 'test'
  ...
1..1
# tests 1
# suites 0
# pass 1
# fail 0
# cancelled 0
# skipped 0
# todo 0
# duration_ms 283.550494
[node-tests] ok: tests/integration/distill-command-threading-parity.test.js
TAP version 13
# [125.0ms][ShardManager] No persistent storage available (OPFS/IndexedDB); falling back to in-memory storage. Model data will not persist across reloads.
# [126.8ms][Distribution] All shard delivery sources failed for shard 0: Shard 0 HTTP stream read failed on attempt 1/1 received=2 expected=4: socket dropped
# [138.8ms][Distribution] All shard delivery sources failed for shard 16: [DOPPLER_DISTRIBUTION_SHARD_HASH_MISMATCH] Hash mismatch for shard 16: expected 9f64a747e1b97f131fabb6b447296c9b6f0201e79fb3c5356e6c77e89b6a806a, got 1571902abec0a45661de965dbe90cb0177b98c49fc58a5aabfa1edb6c678d972
# [139.2ms][Distribution] All shard delivery sources failed for shard 100: [DOPPLER_DISTRIBUTION_SHARD_SIZE_MISMATCH] Shard 100 content-length mismatch: expected 10, received 4.
# [139.5ms][Distribution] All shard delivery sources failed for shard 101: [DOPPLER_DISTRIBUTION_SHARD_SIZE_MISMATCH] Shard 101 returned HTTP 206 without content-range header.
# [139.7ms][Distribution] All shard delivery sources failed for shard 102: [DOPPLER_DISTRIBUTION_SHARD_SIZE_MISMATCH] Shard 102 content-range total mismatch: expected 4, got 5.
# [147.7ms][Distribution] All shard delivery sources failed for shard 13: [DOPPLER_DISTRIBUTION_SHARD_MANIFEST_VERSION_SET_MISMATCH] Shard 13 source "p2p" manifestVersionSet mismatch: expected manifest:v1:sha256:abc123, got manifest:v0:sha256:deadbeef
# distribution-shard-delivery.test: ok
# Subtest: test module initialization completed
ok 1 - test module initialization completed
  ---
  duration_ms: 1.096455
  type: 'test'
  ...
1..1
# tests 1
# suites 0
# pass 1
# fail 0
# cancelled 0
# skipped 0
# todo 0
# duration_ms 292.815548
[node-tests] ok: tests/integration/distribution-shard-delivery.test.js
TAP version 13
# doppler-browser-api-parity.test: ok
# Subtest: test module initialization completed
ok 1 - test module initialization completed
  ---
  duration_ms: 1.566329
  type: 'test'
  ...
1..1
# tests 1
# suites 0
# pass 1
# fail 0
# cancelled 0
# skipped 0
# todo 0
# duration_ms 274.738591
[node-tests] ok: tests/integration/doppler-browser-api-parity.test.js
TAP version 13
# Warning: maxDynamicUniformBuffersPerPipelineLayout artificially reduced from 500000 to 16 to fit dynamic offset allocation limit.
# Warning: maxDynamicStorageBuffersPerPipelineLayout artificially reduced from 500000 to 16 to fit dynamic offset allocation limit.
# doppler-bundle-capture-precondition.test: ok
# Subtest: test module initialization completed
ok 1 - test module initialization completed
  ---
  duration_ms: 1.118867
  type: 'test'
  ...
1..1
# tests 1
# suites 0
# pass 1
# fail 0
# cancelled 0
# skipped 0
# todo 0
# duration_ms 553.618609
[node-tests] ok: tests/integration/doppler-bundle-capture-precondition.test.js
TAP version 13
# doppler-bundle-cli: ok
# Subtest: test module initialization completed
ok 1 - test module initialization completed
  ---
  duration_ms: 1.638145
  type: 'test'
  ...
1..1
# tests 1
# suites 0
# pass 1
# fail 0
# cancelled 0
# skipped 0
# todo 0
# duration_ms 2222.984376
[node-tests] ok: tests/integration/doppler-bundle-cli.test.js
TAP version 13
# doppler-bundle-parity-emit.test: ok
# Subtest: test module initialization completed
ok 1 - test module initialization completed
  ---
  duration_ms: 2.170487
  type: 'test'
  ...
1..1
# tests 1
# suites 0
# pass 1
# fail 0
# cancelled 0
# skipped 0
# todo 0
# duration_ms 318.198439
[node-tests] ok: tests/integration/doppler-bundle-parity-emit.test.js
TAP version 13
# doppler-cli-external-model-resolution.test: ok
# Subtest: test module initialization completed
ok 1 - test module initialization completed
  ---
  duration_ms: 0.964055
  type: 'test'
  ...
1..1
# tests 1
# suites 0
# pass 1
# fail 0
# cancelled 0
# skipped 0
# todo 0
# duration_ms 114.168004
[node-tests] ok: tests/integration/doppler-cli-external-model-resolution.test.js
TAP version 13
# doppler-generation-evidence.test: ok
# doppler-generation-evidence constraints: ok
# doppler-generation-evidence inspection streaming: ok
# Subtest: test module initialization completed
ok 1 - test module initialization completed
  ---
  duration_ms: 0.947614
  type: 'test'
  ...
1..1
# tests 1
# suites 0
# pass 1
# fail 0
# cancelled 0
# skipped 0
# todo 0
# duration_ms 226.245664
[node-tests] ok: tests/integration/doppler-generation-evidence.test.js
TAP version 13
# doppler-model-session-reset.test: ok
# Subtest: test module initialization completed
ok 1 - test module initialization completed
  ---
  duration_ms: 1.014881
  type: 'test'
  ...
1..1
# tests 1
# suites 0
# pass 1
# fail 0
# cancelled 0
# skipped 0
# todo 0
# duration_ms 176.344185
[node-tests] ok: tests/integration/doppler-model-session-reset.test.js
TAP version 13
# doppler-provider-contract.test: ok
# Subtest: test module initialization completed
ok 1 - test module initialization completed
  ---
  duration_ms: 1.085695
  type: 'test'
  ...
1..1
# tests 1
# suites 0
# pass 1
# fail 0
# cancelled 0
# skipped 0
# todo 0
# duration_ms 276.92182
[node-tests] ok: tests/integration/doppler-provider-contract.test.js
TAP version 13
# doppler-generation-contract.test: ok
# Subtest: test module initialization completed
ok 1 - test module initialization completed
  ---
  duration_ms: 1.007698
  type: 'test'
  ...
1..1
# tests 1
# suites 0
# pass 1
# fail 0
# cancelled 0
# skipped 0
# todo 0
# duration_ms 205.846373
[node-tests] ok: tests/integration/doppler-provider-generation-contract.test.js
TAP version 13
# [233.3ms][doppler] Resolving model
# doppler-quickstart-api.test: ok
# Subtest: test module initialization completed
ok 1 - test module initialization completed
  ---
  duration_ms: 1.103428
  type: 'test'
  ...
1..1
# tests 1
# suites 0
# pass 1
# fail 0
# cancelled 0
# skipped 0
# todo 0
# duration_ms 278.430741
[node-tests] ok: tests/integration/doppler-quickstart-api.test.js
TAP version 13
# doppler-quickstart-cli.test: ok
# Subtest: test module initialization completed
ok 1 - test module initialization completed
  ---
  duration_ms: 1.208987
  type: 'test'
  ...
1..1
# tests 1
# suites 0
# pass 1
# fail 0
# cancelled 0
# skipped 0
# todo 0
# duration_ms 715.805712
[node-tests] ok: tests/integration/doppler-quickstart-cli.test.js
TAP version 13
# doppler-rerank-evidence.test: ok
# Subtest: test module initialization completed
ok 1 - test module initialization completed
  ---
  duration_ms: 1.013789
  type: 'test'
  ...
1..1
# tests 1
# suites 0
# pass 1
# fail 0
# cancelled 0
# skipped 0
# todo 0
# duration_ms 202.200789
[node-tests] ok: tests/integration/doppler-rerank-evidence.test.js
TAP version 13
# Subtest: test module initialization completed
ok 1 - test module initialization completed
  ---
  duration_ms: 0.979234
  type: 'test'
  ...
1..1
# tests 1
# suites 0
# pass 1
# fail 0
# cancelled 0
# skipped 0
# todo 0
# duration_ms 224.055658
[node-tests] ok: tests/integration/doppler-resolution-policy.test.js
TAP version 13
# Subtest: scoped session exposes explicit capabilities and stable results
ok 1 - scoped session exposes explicit capabilities and stable results
  ---
  duration_ms: 1.81648
  type: 'test'
  ...
# Subtest: stream emits semantic events instead of return-dependent unions
ok 2 - stream emits semantic events instead of return-dependent unions
  ---
  duration_ms: 1.596697
  type: 'test'
  ...
# Subtest: specialized models reject generation and streaming capabilities
ok 3 - specialized models reject generation and streaming capabilities
  ---
  duration_ms: 0.787533
  type: 'test'
  ...
# Subtest: unsupported observation policies fail closed on a generation session
ok 4 - unsupported observation policies fail closed on a generation session
  ---
  duration_ms: 0.198144
  type: 'test'
  ...
# Subtest: close is idempotent and blocks later work
ok 5 - close is idempotent and blocks later work
  ---
  duration_ms: 0.197672
  type: 'test'
  ...
# Subtest: guided and deep inspection disclose non-representative execution
ok 6 - guided and deep inspection disclose non-representative execution
  ---
  duration_ms: 0.234722
  type: 'test'
  ...
# Subtest: test module initialization completed
ok 7 - test module initialization completed
  ---
  duration_ms: 0.155513
  type: 'test'
  ...
1..7
# tests 7
# suites 0
# pass 7
# fail 0
# cancelled 0
# skipped 0
# todo 0
# duration_ms 118.326153
[node-tests] ok: tests/integration/doppler-scoped-session.test.js
TAP version 13
# doppler-serve-args.test: ok
# Subtest: test module initialization completed
ok 1 - test module initialization completed
  ---
  duration_ms: 1.06715
  type: 'test'
  ...
1..1
# tests 1
# suites 0
# pass 1
# fail 0
# cancelled 0
# skipped 0
# todo 0
# duration_ms 307.07333
[node-tests] ok: tests/integration/doppler-serve-args.test.js
TAP version 13
# [doppler-serve] POST /v1/chat/completions: Request body is empty.
# [doppler-serve] POST /v1/chat/completions: "messages" must be a non-empty array.
# [doppler-serve] POST /v1/chat/completions: messages[0].role must be a non-empty string.
# [doppler-serve] POST /v1/chat/completions: Unknown model "nonexistent-model". Use GET /v1/models for supported chat models.
# [doppler-serve] POST /v1/chat/completions: Model "embeddinggemma-300m" is not text-generative. Use GET /v1/models for supported chat models.
# [doppler-serve] POST /v1/chat/completions: "include_receipt" is not supported with streaming responses.
# [doppler-serve] POST /v1/chat/completions: "include_receipt" and "doppler_receipt" must agree when both are provided.
# doppler-serve-handler.test: ok
# Subtest: test module initialization completed
ok 1 - test module initialization completed
  ---
  duration_ms: 1.105962
  type: 'test'
  ...
1..1
# tests 1
# suites 0
# pass 1
# fail 0
# cancelled 0
# skipped 0
# todo 0
# duration_ms 310.439017
[node-tests] ok: tests/integration/doppler-serve-handler.test.js
TAP version 13
# downloader-external-signal-contract.test: ok
# Subtest: test module initialization completed
ok 1 - test module initialization completed
  ---
  duration_ms: 0.862645
  type: 'test'
  ...
1..1
# tests 1
# suites 0
# pass 1
# fail 0
# cancelled 0
# skipped 0
# todo 0
# duration_ms 142.387788
[node-tests] ok: tests/integration/downloader-external-signal-contract.test.js
TAP version 13
# downloader-persistence-policy.test: ok
# Subtest: test module initialization completed
ok 1 - test module initialization completed
  ---
  duration_ms: 1.000013
  type: 'test'
  ...
1..1
# tests 1
# suites 0
# pass 1
# fail 0
# cancelled 0
# skipped 0
# todo 0
# duration_ms 136.178637
[node-tests] ok: tests/integration/downloader-persistence-policy.test.js
TAP version 13
# downloader-resume-admission-contract.test: ok
# Subtest: test module initialization completed
ok 1 - test module initialization completed
  ---
  duration_ms: 0.872502
  type: 'test'
  ...
1..1
# tests 1
# suites 0
# pass 1
# fail 0
# cancelled 0
# skipped 0
# todo 0
# duration_ms 283.917129
[node-tests] ok: tests/integration/downloader-resume-admission-contract.test.js
TAP version 13
# [234.7ms][Downloader] Manifest version-set changed for manifest-model-id, resetting cached shards
# [336.4ms][Downloader] Manifest version-set changed for manifest-model-id, resetting cached shards
# downloader-tokenizer-contract.test: ok
# Subtest: test module initialization completed
ok 1 - test module initialization completed
  ---
  duration_ms: 0.741606
  type: 'test'
  ...
1..1
# tests 1
# suites 0
# pass 1
# fail 0
# cancelled 0
# skipped 0
# todo 0
# duration_ms 476.018691
[node-tests] ok: tests/integration/downloader-tokenizer-contract.test.js
TAP version 13
# dream-provider-contract.test: ok
# Subtest: test module initialization completed
ok 1 - test module initialization completed
  ---
  duration_ms: 0.987089
  type: 'test'
  ...
1..1
# tests 1
# suites 0
# pass 1
# fail 0
# cancelled 0
# skipped 0
# todo 0
# duration_ms 287.353178
[node-tests] ok: tests/integration/dream-provider-contract.test.js
TAP version 13
# ecosystem-runtime-schema.test: ok
# Subtest: test module initialization completed
ok 1 - test module initialization completed
  ---
  duration_ms: 0.974114
  type: 'test'
  ...
1..1
# tests 1
# suites 0
# pass 1
# fail 0
# cancelled 0
# skipped 0
# todo 0
# duration_ms 100.332713
[node-tests] ok: tests/integration/ecosystem-runtime-schema.test.js
TAP version 13
# execution-graph-transforms.test: 373 assertions passed
# Subtest: test module initialization completed
ok 1 - test module initialization completed
  ---
  duration_ms: 0.972671
  type: 'test'
  ...
1..1
# tests 1
# suites 0
# pass 1
# fail 0
# cancelled 0
# skipped 0
# todo 0
# duration_ms 111.966809
[node-tests] ok: tests/integration/execution-graph-transforms.test.js
TAP version 13
# [177.6ms][ExecutionV1] Capability transforms applied: [removeSubgroups, widenToF32Activations] (GPU lacks subgroups and shader-f16.)
# [180.2ms][ExecutionV1] Capability transforms applied: [widenToF32CorrectnessFallback] (Runtime KV cache resolved f32.)
# [180.7ms][ExecutionV1] Capability transforms applied: [widenToF32Activations] (GPU lacks shader-f16.)
# [183.2ms][ExecutionV1] Capability transforms applied: [removeSubgroups, widenToF32Activations] (GPU lacks subgroups and shader-f16.)
# [184.7ms][ExecutionV1] Capability transforms applied: [widenToF32Activations] (GPU lacks shader-f16.)
# [185.8ms][Pipeline] Resolved session applied (qwen-3-5-0-8b-q4k-ehaf16): batchSize=4, stopCheckMode=batch, readbackInterval=8, disableCommandBatching=false
# [186.2ms][Pipeline] KernelPath: qwen-3-5-0-8b-q4k-ehaf16-execution-inline (15 decode steps, 10 kernels, source=execution-v1)
# [186.6ms][ExecutionV1] Capability transforms applied: [widenToF32Activations] (GPU lacks shader-f16.)
# [186.6ms][ExecutionRuntime] [Execution] Layer pipeline contains ops not in PIPELINE_COMPATIBLE_OPS: rms_norm. Pipeline will be degraded.
# [186.9ms][ExecutionRuntime] [Execution] Layer pipeline contains ops not in PIPELINE_COMPATIBLE_OPS: rms_norm. Pipeline will be degraded.
# [187.5ms][ExecutionV1] Capability transforms applied: [narrowToF16Activations] (Runtime requested f16 activations on a shader-f16 GPU.)
# execution-v1-capability-policy.test: ok
# Subtest: test module initialization completed
ok 1 - test module initialization completed
  ---
  duration_ms: 1.071908
  type: 'test'
  ...
1..1
# tests 1
# suites 0
# pass 1
# fail 0
# cancelled 0
# skipped 0
# todo 0
# duration_ms 228.449711
[node-tests] ok: tests/integration/execution-v1-capability-policy.test.js
TAP version 13
# Subtest: classifyProviderFailure — fine-grained classes
    # Subtest: classifies OOM as gpu_oom
    ok 1 - classifies OOM as gpu_oom
      ---
      duration_ms: 1.039547
      type: 'test'
      ...
    # Subtest: classifies device lost as gpu_device_lost
    ok 2 - classifies device lost as gpu_device_lost
      ---
      duration_ms: 0.182644
      type: 'test'
      ...
    # Subtest: classifies timeout as gpu_timeout
    ok 3 - classifies timeout as gpu_timeout
      ---
      duration_ms: 0.108605
      type: 'test'
      ...
    # Subtest: classifies unsupported adapter as gpu_unsupported
    ok 4 - classifies unsupported adapter as gpu_unsupported
      ---
      duration_ms: 0.1379
      type: 'test'
      ...
    # Subtest: classifies webgpu unavailable as gpu_unavailable
    ok 5 - classifies webgpu unavailable as gpu_unavailable
      ---
      duration_ms: 0.145835
      type: 'test'
      ...
    # Subtest: classifies model load errors as model_load_failed
    ok 6 - classifies model load errors as model_load_failed
      ---
      duration_ms: 0.123342
      type: 'test'
      ...
    # Subtest: classifies policy_denied from errors with a Doppler error code
    ok 7 - classifies policy_denied from errors with a Doppler error code
      ---
      duration_ms: 0.620208
      type: 'test'
      ...
    # Subtest: classifies fallback network errors as fallback_failed
    ok 8 - classifies fallback network errors as fallback_failed
      ---
      duration_ms: 0.286339
      type: 'test'
      ...
    # Subtest: classifies unclassifiable errors as unknown
    ok 9 - classifies unclassifiable errors as unknown
      ---
      duration_ms: 0.236826
      type: 'test'
      ...
    # Subtest: prefers errors with a Doppler error code over message regex
    ok 10 - prefers errors with a Doppler error code over message regex
      ---
      duration_ms: 0.241595
      type: 'test'
      ...
    # Subtest: detects simulated failures via __dopplerFaultInjected
    ok 11 - detects simulated failures via __dopplerFaultInjected
      ---
      duration_ms: 0.085321
      type: 'test'
      ...
    # Subtest: marks non-injected failures as not simulated
    ok 12 - marks non-injected failures as not simulated
      ---
      duration_ms: 0.048301
      type: 'test'
      ...
    # Subtest: infers stage from error message
    ok 13 - infers stage from error message
      ---
      duration_ms: 0.092675
      type: 'test'
      ...
    # Subtest: infers surface from error message
    ok 14 - infers surface from error message
      ---
      duration_ms: 0.067958
      type: 'test'
      ...
    # Subtest: accepts context overrides for every FailureRecord field
    ok 15 - accepts context overrides for every FailureRecord field
      ---
      duration_ms: 0.055003
      type: 'test'
      ...
    # Subtest: handles non-Error inputs
    ok 16 - handles non-Error inputs
      ---
      duration_ms: 0.034215
      type: 'test'
      ...
    # Subtest: returns every FailureRecord field including runtimeProfile and kernelPathId
    ok 17 - returns every FailureRecord field including runtimeProfile and kernelPathId
      ---
      duration_ms: 0.081423
      type: 'test'
      ...
    # Subtest: defaults runtimeProfile and kernelPathId to null when not provided
    ok 18 - defaults runtimeProfile and kernelPathId to null when not provided
      ---
      duration_ms: 0.037521
      type: 'test'
      ...
    1..18
ok 1 - classifyProviderFailure — fine-grained classes
  ---
  duration_ms: 4.825376
  type: 'suite'
  ...
# Subtest: test module initialization completed
ok 2 - test module initialization completed
  ---
  duration_ms: 0.030217
  type: 'test'
  ...
1..2
# tests 19
# suites 1
# pass 19
# fail 0
# cancelled 0
# skipped 0
# todo 0
# duration_ms 116.797063
[node-tests] ok: tests/integration/failure-taxonomy.test.js
TAP version 13
# Subtest: createFaultInjector
    # Subtest: does not inject when not enabled
    ok 1 - does not inject when not enabled
      ---
      duration_ms: 0.929941
      type: 'test'
      ...
    # Subtest: does not inject when enabled is false
    ok 2 - does not inject when enabled is false
      ---
      duration_ms: 0.094438
      type: 'test'
      ...
    # Subtest: injects when enabled with default probability
    ok 3 - injects when enabled with default probability
      ---
      duration_ms: 0.062778
      type: 'test'
      ...
    # Subtest: respects stage filtering
    ok 4 - respects stage filtering
      ---
      duration_ms: 0.055114
      type: 'test'
      ...
    # Subtest: wildcard stage matches any stage
    ok 5 - wildcard stage matches any stage
      ---
      duration_ms: 0.055575
      type: 'test'
      ...
    # Subtest: creates error with __dopplerFaultInjected flag
    ok 6 - creates error with __dopplerFaultInjected flag
      ---
      duration_ms: 0.116599
      type: 'test'
      ...
    # Subtest: uses default failureCode when not specified
    ok 7 - uses default failureCode when not specified
      ---
      duration_ms: 0.098866
      type: 'test'
      ...
    # Subtest: respects probability of 0
    ok 8 - respects probability of 0
      ---
      duration_ms: 0.133963
      type: 'test'
      ...
    # Subtest: clamps probability between 0 and 1
    ok 9 - clamps probability between 0 and 1
      ---
      duration_ms: 0.151245
      type: 'test'
      ...
    1..9
ok 1 - createFaultInjector
  ---
  duration_ms: 2.71436
  type: 'suite'
  ...
# Subtest: test module initialization completed
ok 2 - test module initialization completed
  ---
  duration_ms: 0.125086
  type: 'test'
  ...
1..2
# tests 10
# suites 1
# pass 10
# fail 0
# cancelled 0
# skipped 0
# todo 0
# duration_ms 95.380408
[node-tests] ok: tests/integration/fault-injection.test.js
TAP version 13
# Testing functional tensor artifacts...
# Subtest: test module initialization completed
ok 1 - test module initialization completed
  ---
  duration_ms: 0.890045
  type: 'test'
  ...
1..1
# tests 1
# suites 0
# pass 1
# fail 0
# cancelled 0
# skipped 0
# todo 0
# duration_ms 96.416339
[node-tests] ok: tests/integration/functional-tensor.test.js
TAP version 13
# [93.1ms][ExecutionV1] Capability transforms applied: [useGemma412BTextF16Activations] (af16 manifest variant on shader-f16 GPU - dispatch the Gemma 4 12B text f16-residual lane with stable f32-Q/f16-KV prefill/decode attention boundaries and stable post-layer tail.)
# gemma4-12b-f16-activations.test: ok
# Subtest: test module initialization completed
ok 1 - test module initialization completed
  ---
  duration_ms: 0.986047
  type: 'test'
  ...
1..1
# tests 1
# suites 0
# pass 1
# fail 0
# cancelled 0
# skipped 0
# todo 0
# duration_ms 131.712697
[node-tests] ok: tests/integration/gemma4-12b-f16-activations.test.js
TAP version 13
# [99.6ms][ExecutionV1] Capability transforms applied: [useGemma431BTextF16Activations] (af16 manifest variant on shader-f16 GPU - dispatch the all-f16 lane.)
# gemma4-31b-f16-activations.test: ok
# Subtest: test module initialization completed
ok 1 - test module initialization completed
  ---
  duration_ms: 0.991857
  type: 'test'
  ...
1..1
# tests 1
# suites 0
# pass 1
# fail 0
# cancelled 0
# skipped 0
# todo 0
# duration_ms 139.192311
[node-tests] ok: tests/integration/gemma4-31b-f16-activations.test.js
TAP version 13
# gemma4-chat-template.test: ok
# Subtest: test module initialization completed
ok 1 - test module initialization completed
  ---
  duration_ms: 0.988481
  type: 'test'
  ...
1..1
# tests 1
# suites 0
# pass 1
# fail 0
# cancelled 0
# skipped 0
# todo 0
# duration_ms 210.524349
[node-tests] ok: tests/integration/gemma4-chat-template.test.js
TAP version 13
# generation-surface-contract.test: ok
# Subtest: test module initialization completed
ok 1 - test module initialization completed
  ---
  duration_ms: 1.192575
  type: 'test'
  ...
1..1
# tests 1
# suites 0
# pass 1
# fail 0
# cancelled 0
# skipped 0
# todo 0
# duration_ms 257.476864
[node-tests] ok: tests/integration/generation-surface-contract.test.js
TAP version 13
# harness-page-contract.test: ok
# Subtest: test module initialization completed
ok 1 - test module initialization completed
  ---
  duration_ms: 0.874297
  type: 'test'
  ...
1..1
# tests 1
# suites 0
# pass 1
# fail 0
# cancelled 0
# skipped 0
# todo 0
# duration_ms 94.719884
[node-tests] ok: tests/integration/harness-page-contract.test.js
TAP version 13
# hotswap-intent-bundle-contract.test: ok
# Subtest: test module initialization completed
ok 1 - test module initialization completed
  ---
  duration_ms: 1.002458
  type: 'test'
  ...
1..1
# tests 1
# suites 0
# pass 1
# fail 0
# cancelled 0
# skipped 0
# todo 0
# duration_ms 97.219761
[node-tests] ok: tests/integration/hotswap-intent-bundle-contract.test.js
TAP version 13
# hotswap-manifest-contract.test: ok
# Subtest: test module initialization completed
ok 1 - test module initialization completed
  ---
  duration_ms: 0.883483
  type: 'test'
  ...
1..1
# tests 1
# suites 0
# pass 1
# fail 0
# cancelled 0
# skipped 0
# todo 0
# duration_ms 97.855208
[node-tests] ok: tests/integration/hotswap-manifest-contract.test.js
TAP version 13
# hotswap-rollout.test: ok
# Subtest: test module initialization completed
ok 1 - test module initialization completed
  ---
  duration_ms: 0.941933
  type: 'test'
  ...
1..1
# tests 1
# suites 0
# pass 1
# fail 0
# cancelled 0
# skipped 0
# todo 0
# duration_ms 95.349029
[node-tests] ok: tests/integration/hotswap-rollout.test.js
TAP version 13
# hybrid-linear-execution-v1-contract.test: ok
# Subtest: test module initialization completed
ok 1 - test module initialization completed
  ---
  duration_ms: 0.988972
  type: 'test'
  ...
1..1
# tests 1
# suites 0
# pass 1
# fail 0
# cancelled 0
# skipped 0
# todo 0
# duration_ms 135.369683
[node-tests] ok: tests/integration/hybrid-linear-execution-v1-contract.test.js
TAP version 13
# index-browser-export-surface.test: ok
# Subtest: test module initialization completed
ok 1 - test module initialization completed
  ---
  duration_ms: 1.097978
  type: 'test'
  ...
1..1
# tests 1
# suites 0
# pass 1
# fail 0
# cancelled 0
# skipped 0
# todo 0
# duration_ms 284.294618
[node-tests] ok: tests/integration/index-browser-export-surface.test.js
TAP version 13
# litert-gemma4-task-ple-scale.test: skipped (source artifact not available at /home/x/deco/worktrees/doppler-runtime-contract-coherence/models/source/litert/gemma-4-e2b-it/gemma-4-E2B-it-web.task)
# Subtest: /home/x/deco/worktrees/doppler-runtime-contract-coherence/tests/integration/litert-gemma4-task-ple-scale.test.js
ok 1 - /home/x/deco/worktrees/doppler-runtime-contract-coherence/tests/integration/litert-gemma4-task-ple-scale.test.js
  ---
  duration_ms: 79.160398
  type: 'test'
  ...
1..1
# tests 1
# suites 0
# pass 1
# fail 0
# cancelled 0
# skipped 0
# todo 0
# duration_ms 87.879484
[node-tests] ok: tests/integration/litert-gemma4-task-ple-scale.test.js
TAP version 13
# [292.0ms][doppler] LoRA adapter loaded: columbo-peft-demo
# [295.2ms][doppler] LoRA adapter loaded: qwen-linear-attention-lora
# lora-activation-contract.test: ok
# Subtest: test module initialization completed
ok 1 - test module initialization completed
  ---
  duration_ms: 1.053414
  type: 'test'
  ...
1..1
# tests 1
# suites 0
# pass 1
# fail 0
# cancelled 0
# skipped 0
# todo 0
# duration_ms 341.876366
[node-tests] ok: tests/integration/lora-activation-contract.test.js
TAP version 13
# lora-loader-contract.test: ok
# Subtest: test module initialization completed
ok 1 - test module initialization completed
  ---
  duration_ms: 1.123756
  type: 'test'
  ...
1..1
# tests 1
# suites 0
# pass 1
# fail 0
# cancelled 0
# skipped 0
# todo 0
# duration_ms 156.503274
[node-tests] ok: tests/integration/lora-loader-contract.test.js
TAP version 13
# model-manager-contract.test: ok
# Subtest: test module initialization completed
ok 1 - test module initialization completed
  ---
  duration_ms: 1.053744
  type: 'test'
  ...
1..1
# tests 1
# suites 0
# pass 1
# fail 0
# cancelled 0
# skipped 0
# todo 0
# duration_ms 273.098887
[node-tests] ok: tests/integration/model-manager-contract.test.js
TAP version 13
# node-browser-command-relay-contract.test: ok
# Subtest: test module initialization completed
ok 1 - test module initialization completed
  ---
  duration_ms: 0.987009
  type: 'test'
  ...
1..1
# tests 1
# suites 0
# pass 1
# fail 0
# cancelled 0
# skipped 0
# todo 0
# duration_ms 4473.45403
[node-tests] ok: tests/integration/node-browser-command-relay-contract.test.js
TAP version 13
# node-command-runtime-gating.test: ok
# Subtest: test module initialization completed
ok 1 - test module initialization completed
  ---
  duration_ms: 1.001255
  type: 'test'
  ...
1..1
# tests 1
# suites 0
# pass 1
# fail 0
# cancelled 0
# skipped 0
# todo 0
# duration_ms 273.469773
[node-tests] ok: tests/integration/node-command-runtime-gating.test.js
TAP version 13
# node-convert-command-surface.test: ok
# Subtest: test module initialization completed
ok 1 - test module initialization completed
  ---
  duration_ms: 1.017516
  type: 'test'
  ...
1..1
# tests 1
# suites 0
# pass 1
# fail 0
# cancelled 0
# skipped 0
# todo 0
# duration_ms 289.70379
[node-tests] ok: tests/integration/node-convert-command-surface.test.js
TAP version 13
# Subtest: test module initialization completed
ok 1 - test module initialization completed
  ---
  duration_ms: 0.788575
  type: 'test'
  ...
# Subtest: test module initialization completed
ok 2 - test module initialization completed
  ---
  duration_ms: 0.755443
  type: 'test'
  ...
1..2
# tests 2
# suites 0
# pass 2
# fail 0
# cancelled 0
# skipped 0
# todo 0
# duration_ms 236.331728
[node-tests] ok: tests/integration/node-convert-worker-pool.test.js
TAP version 13
# node-converter-atomicity.test: ok
# Subtest: test module initialization completed
ok 1 - test module initialization completed
  ---
  duration_ms: 1.05135
  type: 'test'
  ...
1..1
# tests 1
# suites 0
# pass 1
# fail 0
# cancelled 0
# skipped 0
# todo 0
# duration_ms 180.820658
[node-tests] ok: tests/integration/node-converter-atomicity.test.js
TAP version 13
# node-converter-large-tensor-batching.test: ok
# Subtest: test module initialization completed
ok 1 - test module initialization completed
  ---
  duration_ms: 1.085935
  type: 'test'
  ...
1..1
# tests 1
# suites 0
# pass 1
# fail 0
# cancelled 0
# skipped 0
# todo 0
# duration_ms 97.659989
[node-tests] ok: tests/integration/node-converter-large-tensor-batching.test.js
TAP version 13
# Subtest: test module initialization completed
ok 1 - test module initialization completed
  ---
  duration_ms: 0.776402
  type: 'test'
  ...
# Subtest: test module initialization completed
ok 2 - test module initialization completed
  ---
  duration_ms: 0.776201
  type: 'test'
  ...
1..2
# tests 2
# suites 0
# pass 2
# fail 0
# cancelled 0
# skipped 0
# todo 0
# duration_ms 274.221969
[node-tests] ok: tests/integration/node-converter-success-paths.test.js
TAP version 13
# [144.1ms][Convert] Tensor count (1) seems low for 1-layer architecture (expected at least ~4). Verify source checkpoint is complete.
# node-converter-surface-errors.test: ok
# Subtest: test module initialization completed
ok 1 - test module initialization completed
  ---
  duration_ms: 1.032033
  type: 'test'
  ...
1..1
# tests 1
# suites 0
# pass 1
# fail 0
# cancelled 0
# skipped 0
# todo 0
# duration_ms 230.193158
[node-tests] ok: tests/integration/node-converter-surface-errors.test.js
TAP version 13
# node-diagnose-command-surface.test: ok (synthetic provider contract)
# Subtest: test module initialization completed
ok 1 - test module initialization completed
  ---
  duration_ms: 0.996807
  type: 'test'
  ...
1..1
# tests 1
# suites 0
# pass 1
# fail 0
# cancelled 0
# skipped 0
# todo 0
# duration_ms 303.253291
[node-tests] ok: tests/integration/node-diagnose-command-surface.test.js
TAP version 13
# node-file-fetch-shim.test: ok
# Subtest: test module initialization completed
ok 1 - test module initialization completed
  ---
  duration_ms: 0.842827
  type: 'test'
  ...
1..1
# tests 1
# suites 0
# pass 1
# fail 0
# cancelled 0
# skipped 0
# todo 0
# duration_ms 125.653937
[node-tests] ok: tests/integration/node-file-fetch-shim.test.js
TAP version 13
# node-provider-standalone.test: ok (synthetic host lifecycle, no Doe required)
# Subtest: test module initialization completed
ok 1 - test module initialization completed
  ---
  duration_ms: 0.989212
  type: 'test'
  ...
1..1
# tests 1
# suites 0
# pass 1
# fail 0
# cancelled 0
# skipped 0
# todo 0
# duration_ms 110.348409
[node-tests] ok: tests/integration/node-provider-standalone.test.js
TAP version 13
# node-quickstart-cache.test: ok
# Subtest: test module initialization completed
ok 1 - test module initialization completed
  ---
  duration_ms: 1.015833
  type: 'test'
  ...
1..1
# tests 1
# suites 0
# pass 1
# fail 0
# cancelled 0
# skipped 0
# todo 0
# duration_ms 188.024472
[node-tests] ok: tests/integration/node-quickstart-cache.test.js
TAP version 13
# node-webgpu-bootstrap.test: ok
# Subtest: test module initialization completed
ok 1 - test module initialization completed
  ---
  duration_ms: 1.476009
  type: 'test'
  ...
1..1
# tests 1
# suites 0
# pass 1
# fail 0
# cancelled 0
# skipped 0
# todo 0
# duration_ms 123.777023
[node-tests] ok: tests/integration/node-webgpu-bootstrap.test.js
TAP version 13
# [114.6ms][OPFSCache] Cache validation failed (network unavailable); refusing cached model "opfs-cache-contract-model"
# [139.5ms][OPFSCache] Cache manifest refreshed: "opfs-cache-contract-model" (cached bytes verified)
# [140.6ms][OPFSCache] Cached manifest for "opfs-cache-contract-model" is not executable; source refresh required: Invalid manifest:
#   - Missing or invalid inference field
# [141.0ms][OPFSCache] Cache manifest refreshed: "opfs-cache-contract-model" (cached bytes verified)
# [141.6ms][OPFSCache] Cached manifest for "opfs-cache-contract-model" is not executable; source refresh required: Invalid manifest:
#   - Missing or invalid inference field
# [141.8ms][OPFSCache] Cache integrity failed for "opfs-cache-contract-model"; metadata-only refresh refused
# [142.0ms][OPFSCache] Cache stale: "opfs-cache-contract-model" manifest/shards changed; deleting old version and re-importing
# [142.1ms][OPFSCache] Deleted stale OPFS cache for "opfs-cache-contract-model"
# [143.3ms][Downloader] IndexedDB unavailable, download resume will not work
# [143.7ms][OPFSCache] Import failed: Insufficient storage: need 1 B, have 0 B
# opfs-cache-contract.test: ok
# Subtest: test module initialization completed
ok 1 - test module initialization completed
  ---
  duration_ms: 1.054456
  type: 'test'
  ...
1..1
# tests 1
# suites 0
# pass 1
# fail 0
# cancelled 0
# skipped 0
# todo 0
# duration_ms 181.311291
[node-tests] ok: tests/integration/opfs-cache-contract.test.js
TAP version 13
# [112.8ms][OPFSCache] Cache miss: "opfs-cached-source-contract". Triggering full model download from https://example.test/opfs-cached-source-contract
# [136.3ms][Downloader] IndexedDB unavailable, download resume will not work
# [144.3ms][Downloader] IndexedDB unavailable, download resume will not work
# [237.5ms][Downloader] IndexedDB unavailable, download resume will not work
# [237.7ms][OPFSCache] Import complete: "opfs-cached-source-contract"
# [242.4ms][OPFSCache] Cache incomplete: "opfs-cached-source-contract" is missing shards 0
# [242.4ms][OPFSCache] Cache stale: "opfs-cached-source-contract" manifest/shards changed; deleting old version and re-importing
# [242.5ms][OPFSCache] Deleted stale OPFS cache for "opfs-cached-source-contract"
# [242.8ms][Downloader] IndexedDB unavailable, download resume will not work
# [243.7ms][Downloader] IndexedDB unavailable, download resume will not work
# [343.2ms][Downloader] IndexedDB unavailable, download resume will not work
# [343.5ms][OPFSCache] Import complete: "opfs-cached-source-contract"
# [345.9ms][OPFSCache] Cache validation failed (Remote manifest hash mismatch for "opfs-cached-source-contract"; cached model left unchanged.); refusing cached model "opfs-cached-source-contract"
# opfs-cached-source-contract.test: ok
# Subtest: test module initialization completed
ok 1 - test module initialization completed
  ---
  duration_ms: 0.848537
  type: 'test'
  ...
1..1
# tests 1
# suites 0
# pass 1
# fail 0
# cancelled 0
# skipped 0
# todo 0
# duration_ms 381.280202
[node-tests] ok: tests/integration/opfs-cached-source-contract.test.js
TAP version 13
# opfs-store-contract.test: ok
# Subtest: test module initialization completed
ok 1 - test module initialization completed
  ---
  duration_ms: 1.181084
  type: 'test'
  ...
1..1
# tests 1
# suites 0
# pass 1
# fail 0
# cancelled 0
# skipped 0
# todo 0
# duration_ms 121.45401
[node-tests] ok: tests/integration/opfs-store-contract.test.js
TAP version 13
# p2p-control-plane-contract.test: ok
# Subtest: test module initialization completed
ok 1 - test module initialization completed
  ---
  duration_ms: 1.101023
  type: 'test'
  ...
1..1
# tests 1
# suites 0
# pass 1
# fail 0
# cancelled 0
# skipped 0
# todo 0
# duration_ms 96.953348
[node-tests] ok: tests/integration/p2p-control-plane-contract.test.js
TAP version 13
# p2p-control-plane.test: ok
# Subtest: test module initialization completed
ok 1 - test module initialization completed
  ---
  duration_ms: 1.074042
  type: 'test'
  ...
1..1
# tests 1
# suites 0
# pass 1
# fail 0
# cancelled 0
# skipped 0
# todo 0
# duration_ms 164.621216
[node-tests] ok: tests/integration/p2p-control-plane.test.js
TAP version 13
# {
#   "schemaVersion": 1,
#   "input": "/tmp/doppler-p2p-obsv-MLBTtr/metrics.json",
#   "summary": {
#     "schemaVersion": 1,
#     "generatedAtMs": 1789436920996,
#     "totals": {
#       "records": 2,
#       "successful": 2,
#       "failed": 0,
#       "p2pHits": 1,
#       "httpFallbacks": 1
#     },
#     "rates": {
#       "availability": 1,
#       "p2pHitRate": 0.5,
#       "httpFallbackRate": 0.5
#     },
#     "latencyMs": {
#       "p50": 100,
#       "p95": 400,
#       "p99": 400
#     },
#     "failureCodes": {
#       "DOPPLER_DISTRIBUTION_P2P_TRANSPORT_UNAVAILABLE": 1
#     },
#     "slo": {
#       "targets": {
#         "minAvailability": 0.995,
#         "minP2PHitRate": 0.5,
#         "maxHttpFallbackRate": 0.5,
#         "maxP95LatencyMs": 5000
#       },
#       "breaches": [],
#       "status": "pass"
#     }
#   },
#   "alerts": [],
#   "snapshot": {
#     "schemaVersion": 1,
#     "generatedAtMs": 1789436920996,
#     "summary": {
#       "schemaVersion": 1,
#       "generatedAtMs": 1789436920996,
#       "totals": {
#         "records": 2,
#         "successful": 2,
#         "failed": 0,
#         "p2pHits": 1,
#         "httpFallbacks": 1
#       },
#       "rates": {
#         "availability": 1,
#         "p2pHitRate": 0.5,
#         "httpFallbackRate": 0.5
#       },
#       "latencyMs": {
#         "p50": 100,
#         "p95": 400,
#         "p99": 400
#       },
#       "failureCodes": {
#         "DOPPLER_DISTRIBUTION_P2P_TRANSPORT_UNAVAILABLE": 1
#       },
#       "slo": {
#         "targets": {
#           "minAvailability": 0.995,
#           "minP2PHitRate": 0.5,
#           "maxHttpFallbackRate": 0.5,
#           "maxP95LatencyMs": 5000
#         },
#         "breaches": [],
#         "status": "pass"
#       }
#     },
#     "alerts": []
#   }
# }
# p2p-delivery-observability-script.test: ok
# Subtest: test module initialization completed
ok 1 - test module initialization completed
  ---
  duration_ms: 0.928859
  type: 'test'
  ...
1..1
# tests 1
# suites 0
# pass 1
# fail 0
# cancelled 0
# skipped 0
# todo 0
# duration_ms 109.22822
[node-tests] ok: tests/integration/p2p-delivery-observability-script.test.js
TAP version 13
# p2p-observability.test: ok
# Subtest: test module initialization completed
ok 1 - test module initialization completed
  ---
  duration_ms: 0.916385
  type: 'test'
  ...
1..1
# tests 1
# suites 0
# pass 1
# fail 0
# cancelled 0
# skipped 0
# todo 0
# duration_ms 91.966899
[node-tests] ok: tests/integration/p2p-observability.test.js
TAP version 13
# {
#   "schemaVersion": 1,
#   "generatedAtMs": 1789436921579,
#   "stage": "canary",
#   "summary": {
#     "total": 3,
#     "passed": 3,
#     "failed": 0
#   },
#   "scenarios": [
#     {
#       "id": "origin_outage_p2p_survives",
#       "description": "Origin outage with healthy peers should continue via P2P path.",
#       "status": "pass",
#       "expectedSource": "p2p",
#       "actualSource": "p2p",
#       "durationMs": 11,
#       "failureCodes": {},
#       "deliveryMetrics": {
#         "schemaVersion": 1,
#         "totalDurationMs": 7.700037999999992,
#         "sourceOrder": [
#           "p2p",
#           "http"
#         ],
#         "successSource": "p2p",
#         "attemptCount": 1,
#         "sourceAttempts": {
#           "cache": 0,
#           "p2p": 1,
#           "http": 0
#         },
#         "retries": {
#           "cache": 0,
#           "p2p": 0,
#           "http": 0
#         },
#         "failureCodes": {},
#         "p2pRttMs": {
#           "count": 1,
#           "min": 7.467790000000008,
#           "max": 7.467790000000008,
#           "avg": 7.467790000000008
#         },
#         "httpRttMs": {
#           "count": 0,
#           "min": null,
#           "max": null,
#           "avg": null
#         },
#         "storageWriteMs": null
#       },
#       "error": null
#     },
#     {
#       "id": "peer_collapse_http_fallback",
#       "description": "Peer collapse should degrade to HTTP with deterministic fallback policy.",
#       "status": "pass",
#       "expectedSource": "http",
#       "actualSource": "http",
#       "durationMs": 30,
#       "failureCodes": {
#         "DOPPLER_DISTRIBUTION_P2P_TRANSPORT_UNAVAILABLE": 1
#       },
#       "deliveryMetrics": {
#         "schemaVersion": 1,
#         "totalDurationMs": 30.344213999999994,
#         "sourceOrder": [
#           "p2p",
#           "http"
#         ],
#         "successSource": "http",
#         "attemptCount": 2,
#         "sourceAttempts": {
#           "cache": 0,
#           "p2p": 1,
#           "http": 1
#         },
#         "retries": {
#           "cache": 0,
#           "p2p": 0,
#           "http": 0
#         },
#         "failureCodes": {
#           "DOPPLER_DISTRIBUTION_P2P_TRANSPORT_UNAVAILABLE": 1
#         },
#         "p2pRttMs": {
#           "count": 1,
#           "min": 0.5870359999999977,
#           "max": 0.5870359999999977,
#           "avg": 0.5870359999999977
#         },
#         "httpRttMs": {
#           "count": 1,
#           "min": 29.68861899999999,
#           "max": 29.68861899999999,
#           "avg": 29.68861899999999
#         },
#         "storageWriteMs": null
#       },
#       "error": null
#     },
#     {
#       "id": "anti_rollback_incident_http_recovery",
#       "description": "Anti-rollback incident from P2P should be detected and recovered via HTTP.",
#       "status": "pass",
#       "expectedSource": "http",
#       "actualSource": "http",
#       "durationMs": 1,
#       "failureCodes": {
#         "manifest_version_set_mismatch": 1
#       },
#       "deliveryMetrics": {
#         "schemaVersion": 1,
#         "totalDurationMs": 0.6098079999999868,
#         "sourceOrder": [
#           "p2p",
#           "http"
#         ],
#         "successSource": "http",
#         "attemptCount": 2,
#         "sourceAttempts": {
#           "cache": 0,
#           "p2p": 1,
#           "http": 1
#         },
#         "retries": {
#           "cache": 0,
#           "p2p": 0,
#           "http": 0
#         },
#         "failureCodes": {
#           "manifest_version_set_mismatch": 1
#         },
#         "p2pRttMs": {
#           "count": 1,
#           "min": 0.24084400000000983,
#           "max": 0.24084400000000983,
#           "avg": 0.24084400000000983
#         },
#         "httpRttMs": {
#           "count": 1,
#           "min": 0.35564899999999966,
#           "max": 0.35564899999999966,
#           "avg": 0.35564899999999966
#         },
#         "storageWriteMs": null
#       },
#       "error": null
#     }
#   ]
# }
# p2p-resilience-drill.test: ok
# Subtest: test module initialization completed
ok 1 - test module initialization completed
  ---
  duration_ms: 1.193527
  type: 'test'
  ...
1..1
# tests 1
# suites 0
# pass 1
# fail 0
# cancelled 0
# skipped 0
# todo 0
# duration_ms 188.736752
[node-tests] ok: tests/integration/p2p-resilience-drill.test.js
TAP version 13
# p2p-transport-contract.test: ok
# Subtest: test module initialization completed
ok 1 - test module initialization completed
  ---
  duration_ms: 1.230877
  type: 'test'
  ...
1..1
# tests 1
# suites 0
# pass 1
# fail 0
# cancelled 0
# skipped 0
# todo 0
# duration_ms 117.426737
[node-tests] ok: tests/integration/p2p-transport-contract.test.js
TAP version 13
# p2p-webrtc-browser.test: ok
# Subtest: test module initialization completed
ok 1 - test module initialization completed
  ---
  duration_ms: 0.857564
  type: 'test'
  ...
1..1
# tests 1
# suites 0
# pass 1
# fail 0
# cancelled 0
# skipped 0
# todo 0
# duration_ms 97.158524
[node-tests] ok: tests/integration/p2p-webrtc-browser.test.js
TAP version 13
# Subtest: buildProviderReceiptV1
    # Subtest: returns a receipt with version and id
    ok 1 - returns a receipt with version and id
      ---
      duration_ms: 3.605669
      type: 'test'
      ...
    # Subtest: populates source and policyMode
    ok 2 - populates source and policyMode
      ---
      duration_ms: 0.113934
      type: 'test'
      ...
    # Subtest: includes policyId when provided
    ok 3 - includes policyId when provided
      ---
      duration_ms: 0.077886
      type: 'test'
      ...
    # Subtest: defaults policyId to null when not provided
    ok 4 - defaults policyId to null when not provided
      ---
      duration_ms: 0.070222
      type: 'test'
      ...
    # Subtest: populates model fields
    ok 5 - populates model fields
      ---
      duration_ms: 0.068269
      type: 'test'
      ...
    # Subtest: defaults model to empty strings and nulls
    ok 6 - defaults model to empty strings and nulls
      ---
      duration_ms: 0.105859
      type: 'test'
      ...
    # Subtest: builds device snapshot from kernelCapabilities
    ok 7 - builds device snapshot from kernelCapabilities
      ---
      duration_ms: 0.093446
      type: 'test'
      ...
    # Subtest: device is null when no device info provided
    ok 8 - device is null when no device info provided
      ---
      duration_ms: 0.117532
      type: 'test'
      ...
    # Subtest: includes failure info with fine-grained class and extended fields
    ok 9 - includes failure info with fine-grained class and extended fields
      ---
      duration_ms: 0.196009
      type: 'test'
      ...
    # Subtest: defaults new FailureRecord fields to null when unspecified
    ok 10 - defaults new FailureRecord fields to null when unspecified
      ---
      duration_ms: 0.264157
      type: 'test'
      ...
    # Subtest: failure is null when not provided
    ok 11 - failure is null when not provided
      ---
      duration_ms: 0.117381
      type: 'test'
      ...
    # Subtest: includes fallback decision
    ok 12 - includes fallback decision
      ---
      duration_ms: 0.10047
      type: 'test'
      ...
    # Subtest: includes timing fields
    ok 13 - includes timing fields
      ---
      duration_ms: 0.077887
      type: 'test'
      ...
    # Subtest: defaults timing nulls correctly
    ok 14 - defaults timing nulls correctly
      ---
      duration_ms: 0.053431
      type: 'test'
      ...
    # Subtest: includes timestamp
    ok 15 - includes timestamp
      ---
      duration_ms: 0.048531
      type: 'test'
      ...
    # Subtest: defaults diagnoseArtifactRef to null
    ok 16 - defaults diagnoseArtifactRef to null
      ---
      duration_ms: 0.041569
      type: 'test'
      ...
    # Subtest: binds and validates exact local resolution identities
    ok 17 - binds and validates exact local resolution identities
      ---
      duration_ms: 1.052071
      type: 'test'
      ...
    # Subtest: marks opaque provider resolution unavailable instead of inventing identity
    ok 18 - marks opaque provider resolution unavailable instead of inventing identity
      ---
      duration_ms: 0.077295
      type: 'test'
      ...
    1..18
ok 1 - buildProviderReceiptV1
  ---
  duration_ms: 7.383522
  type: 'suite'
  ...
# Subtest: test module initialization completed
ok 2 - test module initialization completed
  ---
  duration_ms: 0.035377
  type: 'test'
  ...
1..2
# tests 19
# suites 1
# pass 19
# fail 0
# cancelled 0
# skipped 0
# todo 0
# duration_ms 100.569146
[node-tests] ok: tests/integration/provider-receipt-v1.test.js
TAP version 13
# qwen-chat-template.test: ok
# Subtest: test module initialization completed
ok 1 - test module initialization completed
  ---
  duration_ms: 1.036522
  type: 'test'
  ...
1..1
# tests 1
# suites 0
# pass 1
# fail 0
# cancelled 0
# skipped 0
# todo 0
# duration_ms 210.061062
[node-tests] ok: tests/integration/qwen-chat-template.test.js
TAP version 13
# qwen-execution-v1-gemv-diagnostic-transforms.test: ok
# Subtest: test module initialization completed
ok 1 - test module initialization completed
  ---
  duration_ms: 1.026603
  type: 'test'
  ...
1..1
# tests 1
# suites 0
# pass 1
# fail 0
# cancelled 0
# skipped 0
# todo 0
# duration_ms 134.072036
[node-tests] ok: tests/integration/qwen-execution-v1-gemv-diagnostic-transforms.test.js
TAP version 13
# [90.3ms][ExecutionV1] Capability transforms applied: [useQwenF16PrimaryMatmuls] (Runtime explicitly requested the selective f16 probe lane for Qwen 3.5 small execution-v1 Q4K models with the shared linear/full attention graph. Promotion remains device- and evidence-specific.)
# [93.8ms][ExecutionV1] Capability transforms applied: [useQwenF16PrimaryMatmuls] (Runtime explicitly requested the selective f16 probe lane for Qwen 3.5 small execution-v1 Q4K models with the shared linear/full attention graph. Promotion remains device- and evidence-specific.)
# [95.0ms][ExecutionV1] Capability transforms applied: [useQwenF16PrimaryMatmuls] (Runtime explicitly requested the selective f16 probe lane for Qwen 3.5 small execution-v1 Q4K models with the shared linear/full attention graph. Promotion remains device- and evidence-specific.)
# qwen-execution-v1-linear-decode-f16.test: ok
# Subtest: test module initialization completed
ok 1 - test module initialization completed
  ---
  duration_ms: 1.021343
  type: 'test'
  ...
1..1
# tests 1
# suites 0
# pass 1
# fail 0
# cancelled 0
# skipped 0
# todo 0
# duration_ms 132.611977
[node-tests] ok: tests/integration/qwen-execution-v1-linear-decode-f16.test.js
TAP version 13
# qwen-harness-explicit-prompt.test: ok
# Subtest: test module initialization completed
ok 1 - test module initialization completed
  ---
  duration_ms: 1.051129
  type: 'test'
  ...
1..1
# tests 1
# suites 0
# pass 1
# fail 0
# cancelled 0
# skipped 0
# todo 0
# duration_ms 273.942089
[node-tests] ok: tests/integration/qwen-harness-explicit-prompt.test.js
TAP version 13
# qwen-linear-attention-regression.test: skipped (set DOPPLER_QWEN35_LINEAR_MODEL_DIR)
# qwen-linear-attention-regression.test: ok
# Subtest: test module initialization completed
ok 1 - test module initialization completed
  ---
  duration_ms: 1.013759
  type: 'test'
  ...
1..1
# tests 1
# suites 0
# pass 1
# fail 0
# cancelled 0
# skipped 0
# todo 0
# duration_ms 269.11485
[node-tests] ok: tests/integration/qwen-linear-attention-regression.test.js
TAP version 13
# Subtest: readbackMode contract
    # Subtest: throws when readbackMode is overlapped and ringStaging < 2
    ok 1 - throws when readbackMode is overlapped and ringStaging < 2
      ---
      duration_ms: 0.919552
      type: 'test'
      ...
    # Subtest: throws when readbackMode is auto and submitLatencyThresholdMs is null
    ok 2 - throws when readbackMode is auto and submitLatencyThresholdMs is null
      ---
      duration_ms: 0.161084
      type: 'test'
      ...
    # Subtest: resolves auto to overlapped when probe exceeds threshold
    ok 3 - resolves auto to overlapped when probe exceeds threshold
      ---
      duration_ms: 0.092754
      type: 'test'
      ...
    # Subtest: resolves auto to sequential when probe is below threshold
    ok 4 - resolves auto to sequential when probe is below threshold
      ---
      duration_ms: 0.054072
      type: 'test'
      ...
    # Subtest: resolved mode is never auto
    ok 5 - resolved mode is never auto
      ---
      duration_ms: 0.147858
      type: 'test'
      ...
    1..5
ok 1 - readbackMode contract
  ---
  duration_ms: 2.270896
  type: 'suite'
  ...
# Subtest: test module initialization completed
ok 2 - test module initialization completed
  ---
  duration_ms: 0.099087
  type: 'test'
  ...
1..2
# tests 6
# suites 1
# pass 6
# fail 0
# cancelled 0
# skipped 0
# todo 0
# duration_ms 98.733349
[node-tests] ok: tests/integration/readback-mode-contract.test.js
TAP version 13
# reports-indexeddb-contract.test: ok
# Subtest: test module initialization completed
ok 1 - test module initialization completed
  ---
  duration_ms: 1.04636
  type: 'test'
  ...
1..1
# tests 1
# suites 0
# pass 1
# fail 0
# cancelled 0
# skipped 0
# todo 0
# duration_ms 118.639709
[node-tests] ok: tests/integration/reports-indexeddb-contract.test.js
TAP version 13
# reports-node-fallback.test: ok
# Subtest: test module initialization completed
ok 1 - test module initialization completed
  ---
  duration_ms: 1.055327
  type: 'test'
  ...
1..1
# tests 1
# suites 0
# pass 1
# fail 0
# cancelled 0
# skipped 0
# todo 0
# duration_ms 115.553178
[node-tests] ok: tests/integration/reports-node-fallback.test.js
TAP version 13
# root-opfs-cache-contract.test: ok
# Subtest: test module initialization completed
ok 1 - test module initialization completed
  ---
  duration_ms: 1.037774
  type: 'test'
  ...
1..1
# tests 1
# suites 0
# pass 1
# fail 0
# cancelled 0
# skipped 0
# todo 0
# duration_ms 269.580987
[node-tests] ok: tests/integration/root-opfs-cache-contract.test.js
TAP version 13
# runtime-embedding-limit-preflight.test: ok
# Subtest: test module initialization completed
ok 1 - test module initialization completed
  ---
  duration_ms: 1.040038
  type: 'test'
  ...
1..1
# tests 1
# suites 0
# pass 1
# fail 0
# cancelled 0
# skipped 0
# todo 0
# duration_ms 284.036785
[node-tests] ok: tests/integration/runtime-embedding-limit-preflight.test.js
TAP version 13
# runtime-input-composition.test: ok
# Subtest: test module initialization completed
ok 1 - test module initialization completed
  ---
  duration_ms: 0.875408
  type: 'test'
  ...
1..1
# tests 1
# suites 0
# pass 1
# fail 0
# cancelled 0
# skipped 0
# todo 0
# duration_ms 103.34919
[node-tests] ok: tests/integration/runtime-input-composition.test.js
TAP version 13
# runtime-model-source-file-url.test: ok
# Subtest: test module initialization completed
ok 1 - test module initialization completed
  ---
  duration_ms: 1.174371
  type: 'test'
  ...
1..1
# tests 1
# suites 0
# pass 1
# fail 0
# cancelled 0
# skipped 0
# todo 0
# duration_ms 141.741797
[node-tests] ok: tests/integration/runtime-model-source-file-url.test.js
TAP version 13
# safetensors-parser-browser-contract.test: ok
# Subtest: test module initialization completed
ok 1 - test module initialization completed
  ---
  duration_ms: 1.15232
  type: 'test'
  ...
1..1
# tests 1
# suites 0
# pass 1
# fail 0
# cancelled 0
# skipped 0
# todo 0
# duration_ms 116.227888
[node-tests] ok: tests/integration/safetensors-parser-browser-contract.test.js
TAP version 13
# shader-cache-node-file-url.test: ok
# Subtest: test module initialization completed
ok 1 - test module initialization completed
  ---
  duration_ms: 0.989693
  type: 'test'
  ...
1..1
# tests 1
# suites 0
# pass 1
# fail 0
# cancelled 0
# skipped 0
# todo 0
# duration_ms 100.526715
[node-tests] ok: tests/integration/shader-cache-node-file-url.test.js
TAP version 13
# shard-manager-existence-check-contract.test: ok
# Subtest: test module initialization completed
ok 1 - test module initialization completed
  ---
  duration_ms: 1.007737
  type: 'test'
  ...
1..1
# tests 1
# suites 0
# pass 1
# fail 0
# cancelled 0
# skipped 0
# todo 0
# duration_ms 131.676305
[node-tests] ok: tests/integration/shard-manager-existence-check-contract.test.js
TAP version 13
# [285.0ms][NodeSourceRuntime] Source runtime ready: llama-3-source-parity-fixture (safetensors, 11 tensors)
# Warning: maxDynamicUniformBuffersPerPipelineLayout artificially reduced from 500000 to 16 to fit dynamic offset allocation limit.
# Warning: maxDynamicStorageBuffersPerPipelineLayout artificially reduced from 500000 to 16 to fit dynamic offset allocation limit.
# [GPU] amd rdna-3, f16/subgroups, 4.0GB, submit probe: 0.4ms
# [333.2ms][Pipeline] Execution v1 enabled (steps=4, kernelPathInline=no, pipelineInline=no)
# [333.3ms][Config] Using manifest-first config (source of truth)
# [336.1ms][Pipeline] Resolved session applied (llama-3-source-parity-fixture): batchSize=1, stopCheckMode=batch, readbackInterval=1, disableCommandBatching=false
# [336.4ms][Pipeline] KernelPath: none (execution graph transforms handle capability adaptation)
# [336.6ms][Pipeline] 1L/2H/1heads (2dim), kernelPath=none
# [337.0ms][Tokenizer] Loading bundled tokenizer from tokenizer.json
# [338.3ms][Tokenizer] HuggingFace model.type="BPE", using type="bpe"
# [338.7ms][Tokenizer] Loaded HuggingFace 5 tokens (bpe), 0 special patterns, 0 merges
# [339.4ms][Pipeline] KV cache allocated: kvDtype=f32, maxSeqLen=8, layout=contiguous, modelMaxSeqLen=8, requestedKvDtype=f32, requestedMaxSeqLen=4096
# [339.7ms][Pipeline] Execution plan: active=primary, dtype=f32, kernelPath=none
# [345.7ms][ShardCache] Custom shard loader configured
# [346.2ms][Loader] Initializing...
# [355.7ms][HeapManager] Allocated segment 0: 1024MB
# [355.8ms][HeapManager] Segmented heap: 1GB per segment
# [355.8ms][HeapManager] Initialized with strategy: SEGMENTED
# [355.9ms][Loader] Initialized (f16, subgroups)
# [356.2ms][Loader] Loading: llama-3-source-parity-fixture
# [356.7ms][Loader] [0.0s] Memory (start): | RSS=198.38 MB (heap=19.08 MB/62.02 MB, external=1.06 GB, arrayBuffers=1.06 GB) | GPU=0 B (0 active, 0 pooled, peak=0 B) | ShardCache=0 B (0 shards) | Layers=0, GPUBuffers=0
# [357.0ms][Loader] Dense model on discrete GPU - performance limited. Consider MoE model.
# [358.3ms][Loader] Embedding "model.embed_tokens.weight" GPU-resident: shouldStreamLargeWeight returned false.
# [362.5ms][Loader] Embeddings tensor loaded: name=model.embed_tokens.weight, hasShape=true, shape=[5,2], isWeightBuffer=true
# [362.8ms][Loader] Layers: 0-0
# [366.3ms][Loader] Layers: 1 complete (0.00s)
# [367.3ms][Loader] Complete: 208 B in 0.01s (20.31 KB/s)
# [367.5ms][Loader] [0.0s] Memory (complete): | RSS=198.63 MB (heap=20.81 MB/54.27 MB, external=1.00 GB, arrayBuffers=1.00 GB) | GPU=2.75 KB (11 active, 0 pooled, peak=2.75 KB) | ShardCache=0 B (0 shards) | Layers=1, GPUBuffers=11
# [372.9ms][Pipeline] Model loaded successfully (41ms)
# [392.3ms][KernelSelect] matmul variant=f32 reason=default
# [411.0ms][KernelSelect] attention variant=decode_subgroup reason=subgroup_capable
# [436.0ms][Pipeline] Unloaded
# [436.7ms][Pipeline] Execution v1 enabled (steps=4, kernelPathInline=no, pipelineInline=no)
# [436.8ms][Config] Using manifest-first config (source of truth)
# [437.1ms][Pipeline] Resolved session applied (llama-3-source-parity-fixture): batchSize=1, stopCheckMode=batch, readbackInterval=1, disableCommandBatching=false
# [437.2ms][Pipeline] KernelPath: none (execution graph transforms handle capability adaptation)
# [437.2ms][Pipeline] 1L/2H/1heads (2dim), kernelPath=none
# [437.2ms][Tokenizer] Loading bundled tokenizer from tokenizer.json
# [437.2ms][Tokenizer] Bundled tokenizer cache hit: tokenizer.json
# [437.3ms][Pipeline] KV cache allocated: kvDtype=f32, maxSeqLen=8, layout=contiguous, modelMaxSeqLen=8, requestedKvDtype=f32, requestedMaxSeqLen=4096
# [437.4ms][Pipeline] Execution plan: active=primary, dtype=f32, kernelPath=none
# [438.6ms][ShardCache] Custom shard loader configured
# [438.6ms][Loader] Initializing...
# [440.5ms][Loader] Initialized (f16, subgroups)
# [440.8ms][ExpertCache] Cache cleared
# [440.9ms][Loader] Loading: llama-3-source-parity-fixture
# [440.9ms][Loader] [0.0s] Memory (start): | RSS=208.87 MB (heap=29.65 MB/57.52 MB, external=2.00 GB, arrayBuffers=2.00 GB) | GPU=512 B (2 active, 0 pooled, peak=8.75 KB) | ShardCache=0 B (0 shards) | Layers=0, GPUBuffers=0
# [441.1ms][Loader] Dense model on discrete GPU - performance limited. Consider MoE model.
# [441.3ms][Loader] Embedding "model.embed_tokens.weight" GPU-resident: shouldStreamLargeWeight returned false.
# [443.7ms][Loader] Embeddings tensor loaded: name=model.embed_tokens.weight, hasShape=true, shape=[5,2], isWeightBuffer=true
# [443.7ms][Loader] Layers: 0-0
# [452.4ms][Loader] Layers: 1 complete (0.01s)
# [453.0ms][Loader] Complete: 208 B in 0.01s (18.47 KB/s)
# [453.1ms][Loader] [0.0s] Memory (complete): | RSS=211.12 MB (heap=20.72 MB/60.02 MB, external=1.00 GB, arrayBuffers=1.00 GB) | GPU=3.25 KB (13 active, 0 pooled, peak=8.75 KB) | ShardCache=0 B (0 shards) | Layers=1, GPUBuffers=11
# [453.5ms][Pipeline] Model loaded successfully (17ms)
# [462.0ms][Pipeline] Unloaded
# source-runtime-parity.test: ok
# Subtest: test module initialization completed
ok 1 - test module initialization completed
  ---
  duration_ms: 1.051209
  type: 'test'
  ...
1..1
# tests 1
# suites 0
# pass 1
# fail 0
# cancelled 0
# skipped 0
# todo 0
# duration_ms 511.182382
[node-tests] ok: tests/integration/source-runtime-parity.test.js
TAP version 13
# storage-registry-contract.test: ok
# Subtest: test module initialization completed
ok 1 - test module initialization completed
  ---
  duration_ms: 1.033316
  type: 'test'
  ...
1..1
# tests 1
# suites 0
# pass 1
# fail 0
# cancelled 0
# skipped 0
# todo 0
# duration_ms 123.216987
[node-tests] ok: tests/integration/storage-registry-contract.test.js
TAP version 13
# stored-source-artifact-synthesis-contract.test: ok
# Subtest: test module initialization completed
ok 1 - test module initialization completed
  ---
  duration_ms: 1.089411
  type: 'test'
  ...
1..1
# tests 1
# suites 0
# pass 1
# fail 0
# cancelled 0
# skipped 0
# todo 0
# duration_ms 152.609859
[node-tests] ok: tests/integration/stored-source-artifact-synthesis-contract.test.js
TAP version 13
# tensor-source-http-contract.test: ok
# Subtest: test module initialization completed
ok 1 - test module initialization completed
  ---
  duration_ms: 0.914091
  type: 'test'
  ...
1..1
# tests 1
# suites 0
# pass 1
# fail 0
# cancelled 0
# skipped 0
# todo 0
# duration_ms 94.776518
[node-tests] ok: tests/integration/tensor-source-http-contract.test.js
TAP version 13
# tooling-browser-export-surface.test: ok
# Subtest: test module initialization completed
ok 1 - test module initialization completed
  ---
  duration_ms: 1.093178
  type: 'test'
  ...
1..1
# tests 1
# suites 0
# pass 1
# fail 0
# cancelled 0
# skipped 0
# todo 0
# duration_ms 694.325218
[node-tests] ok: tests/integration/tooling-browser-export-surface.test.js
TAP version 13
# training-command-malformed-surface.test: ok
# Subtest: test module initialization completed
ok 1 - test module initialization completed
  ---
  duration_ms: 1.043354
  type: 'test'
  ...
1..1
# tests 1
# suites 0
# pass 1
# fail 0
# cancelled 0
# skipped 0
# todo 0
# duration_ms 275.617121
[node-tests] ok: tests/integration/training-command-malformed-surface.test.js
TAP version 13
# Warning: maxDynamicUniformBuffersPerPipelineLayout artificially reduced from 500000 to 16 to fit dynamic offset allocation limit.
# Warning: maxDynamicStorageBuffersPerPipelineLayout artificially reduced from 500000 to 16 to fit dynamic offset allocation limit.
# [GPU] amd rdna-3, f16/subgroups, 4.0GB, submit probe: 0.5ms
# [290.6ms][KernelSelect] matmul variant=f32 reason=default
# training-force-resume-lineage.test: ok
# Subtest: test module initialization completed
ok 1 - test module initialization completed
  ---
  duration_ms: 1.090262
  type: 'test'
  ...
1..1
# tests 1
# suites 0
# pass 1
# fail 0
# cancelled 0
# skipped 0
# todo 0
# duration_ms 391.317314
[node-tests] ok: tests/integration/training-force-resume-lineage.test.js
TAP version 13
# Warning: maxDynamicUniformBuffersPerPipelineLayout artificially reduced from 500000 to 16 to fit dynamic offset allocation limit.
# Warning: maxDynamicStorageBuffersPerPipelineLayout artificially reduced from 500000 to 16 to fit dynamic offset allocation limit.
# [GPU] amd rdna-3, f16/subgroups, 4.0GB, submit probe: 0.3ms
# [272.3ms][KernelSelect] matmul variant=f32 reason=default
# training-intent-split.test: ok
# Subtest: test module initialization completed
ok 1 - test module initialization completed
  ---
  duration_ms: 1.10476
  type: 'test'
  ...
1..1
# tests 1
# suites 0
# pass 1
# fail 0
# cancelled 0
# skipped 0
# todo 0
# duration_ms 360.728261
[node-tests] ok: tests/integration/training-intent-split.test.js
TAP version 13
# training-operator-command-api.test: ok
# Subtest: test module initialization completed
ok 1 - test module initialization completed
  ---
  duration_ms: 0.859368
  type: 'test'
  ...
1..1
# tests 1
# suites 0
# pass 1
# fail 0
# cancelled 0
# skipped 0
# todo 0
# duration_ms 122.519814
[node-tests] ok: tests/integration/training-operator-command-api.test.js
TAP version 13
# Warning: maxDynamicUniformBuffersPerPipelineLayout artificially reduced from 500000 to 16 to fit dynamic offset allocation limit.
# Warning: maxDynamicStorageBuffersPerPipelineLayout artificially reduced from 500000 to 16 to fit dynamic offset allocation limit.
# [GPU] amd rdna-3, f16/subgroups, 4.0GB, submit probe: 0.5ms
# [313.4ms][KernelSelect] matmul variant=f32 reason=default
# training-report-lineage.test: ok
# Subtest: test module initialization completed
ok 1 - test module initialization completed
  ---
  duration_ms: 1.102175
  type: 'test'
  ...
1..1
# tests 1
# suites 0
# pass 1
# fail 0
# cancelled 0
# skipped 0
# todo 0
# duration_ms 409.377618
[node-tests] ok: tests/integration/training-report-lineage.test.js
TAP version 13
# translategemma-harness-explicit-prompt.test: ok
# Subtest: test module initialization completed
ok 1 - test module initialization completed
  ---
  duration_ms: 1.058233
  type: 'test'
  ...
1..1
# tests 1
# suites 0
# pass 1
# fail 0
# cancelled 0
# skipped 0
# todo 0
# duration_ms 373.075147
[node-tests] ok: tests/integration/translategemma-harness-explicit-prompt.test.js
TAP version 13
# translategemma-q4k-regression.test: skipped (legacy TranslateGemma Q4K is outside the current Gemma 4/Qwen 3.5 release focus)
# translategemma-q4k-regression.test: ok
# Subtest: test module initialization completed
ok 1 - test module initialization completed
  ---
  duration_ms: 1.18416
  type: 'test'
  ...
1..1
# tests 1
# suites 0
# pass 1
# fail 0
# cancelled 0
# skipped 0
# todo 0
# duration_ms 267.478736
[node-tests] ok: tests/integration/translategemma-q4k-regression.test.js
TAP version 13
# ul-command-threading-parity.test: ok
# Subtest: test module initialization completed
ok 1 - test module initialization completed
  ---
  duration_ms: 1.036963
  type: 'test'
  ...
1..1
# tests 1
# suites 0
# pass 1
# fail 0
# cancelled 0
# skipped 0
# todo 0
# duration_ms 299.592882
[node-tests] ok: tests/integration/ul-command-threading-parity.test.js
TAP version 13
# Warning: maxDynamicUniformBuffersPerPipelineLayout artificially reduced from 500000 to 16 to fit dynamic offset allocation limit.
# Warning: maxDynamicStorageBuffersPerPipelineLayout artificially reduced from 500000 to 16 to fit dynamic offset allocation limit.
# [GPU] amd rdna-3, f16/subgroups, 4.0GB, submit probe: 0.8ms
# [297.7ms][KernelSelect] matmul variant=f32 reason=default
# ul-stage-workflow-regression.test: ok
# Subtest: test module initialization completed
ok 1 - test module initialization completed
  ---
  duration_ms: 1.176815
  type: 'test'
  ...
1..1
# tests 1
# suites 0
# pass 1
# fail 0
# cancelled 0
# skipped 0
# todo 0
# duration_ms 413.297708
[node-tests] ok: tests/integration/ul-stage-workflow-regression.test.js
TAP version 13
# doppler-loader-gpu-tensor-contract.test: ok
# Subtest: test module initialization completed
ok 1 - test module initialization completed
  ---
  duration_ms: 1.010142
  type: 'test'
  ...
1..1
# tests 1
# suites 0
# pass 1
# fail 0
# cancelled 0
# skipped 0
# todo 0
# duration_ms 168.299819
[node-tests] ok: tests/loader/doppler-loader-gpu-tensor-contract.test.js
TAP version 13
# dtype-utils.test: ok
# Subtest: test module initialization completed
ok 1 - test module initialization completed
  ---
  duration_ms: 0.96096
  type: 'test'
  ...
1..1
# tests 1
# suites 0
# pass 1
# fail 0
# cancelled 0
# skipped 0
# todo 0
# duration_ms 107.969828
[node-tests] ok: tests/loader/dtype-utils.test.js
TAP version 13
# [133.1ms][Loader] Embedding "model.language_model.embed_tokens.weight" GPU-resident: shouldStreamLargeWeight returned false.
# [134.9ms][Loader] Embedding "model.language_model.embed_tokens.weight" GPU-resident: shouldStreamLargeWeight returned false.
# [135.3ms][Loader] Embedding "model.language_model.embed_tokens.weight" stored as split GPU sections (7 sections, dtype=f16, layout=row).
# [135.6ms][Loader] Embeddings tensor loaded: name=model.language_model.embed_tokens.weight, hasShape=true, shape=[14,16], isWeightBuffer=false
# embedding-loader-limit.test: ok
# Subtest: test module initialization completed
ok 1 - test module initialization completed
  ---
  duration_ms: 1.018127
  type: 'test'
  ...
1..1
# tests 1
# suites 0
# pass 1
# fail 0
# cancelled 0
# skipped 0
# todo 0
# duration_ms 168.561482
[node-tests] ok: tests/loader/embedding-loader-limit.test.js
TAP version 13
# expert-loader-gemma4.test: ok
# Subtest: test module initialization completed
ok 1 - test module initialization completed
  ---
  duration_ms: 0.992399
  type: 'test'
  ...
1..1
# tests 1
# suites 0
# pass 1
# fail 0
# cancelled 0
# skipped 0
# todo 0
# duration_ms 160.235825
[node-tests] ok: tests/loader/expert-loader-gemma4.test.js
TAP version 13
# [126.9ms][Loader] [FinalNorm] Falling back to role-only final norm selection because tensor groups are missing in manifest.
# final-norm-selection.test: ok
# Subtest: test module initialization completed
ok 1 - test module initialization completed
  ---
  duration_ms: 1.06234
  type: 'test'
  ...
1..1
# tests 1
# suites 0
# pass 1
# fail 0
# cancelled 0
# skipped 0
# todo 0
# duration_ms 164.182828
[node-tests] ok: tests/loader/final-norm-selection.test.js
TAP version 13
# functional-descriptor-loader.test: ok
# Subtest: test module initialization completed
ok 1 - test module initialization completed
  ---
  duration_ms: 1.181745
  type: 'test'
  ...
1..1
# tests 1
# suites 0
# pass 1
# fail 0
# cancelled 0
# skipped 0
# todo 0
# duration_ms 186.862389
[node-tests] ok: tests/loader/functional-descriptor-loader.test.js
TAP version 13
# gguf-types-safe-int.test: ok
# Subtest: test module initialization completed
ok 1 - test module initialization completed
  ---
  duration_ms: 0.979064
  type: 'test'
  ...
1..1
# tests 1
# suites 0
# pass 1
# fail 0
# cancelled 0
# skipped 0
# todo 0
# duration_ms 105.474891
[node-tests] ok: tests/loader/gguf-types-safe-int.test.js
TAP version 13
# glmocr-layer-norm-aliases.test: ok
# Subtest: test module initialization completed
ok 1 - test module initialization completed
  ---
  duration_ms: 0.950159
  type: 'test'
  ...
1..1
# tests 1
# suites 0
# pass 1
# fail 0
# cancelled 0
# skipped 0
# todo 0
# duration_ms 155.432692
[node-tests] ok: tests/loader/glmocr-layer-norm-aliases.test.js
TAP version 13
# Warning: maxDynamicUniformBuffersPerPipelineLayout artificially reduced from 500000 to 16 to fit dynamic offset allocation limit.
# Warning: maxDynamicStorageBuffersPerPipelineLayout artificially reduced from 500000 to 16 to fit dynamic offset allocation limit.
# [GPU] amd rdna-3, f16/subgroups, 4.0GB, submit probe: 0.4ms
# layer-loader-conv-precision.test: ok
# Subtest: test module initialization completed
ok 1 - test module initialization completed
  ---
  duration_ms: 1.160535
  type: 'test'
  ...
1..1
# tests 1
# suites 0
# pass 1
# fail 0
# cancelled 0
# skipped 0
# todo 0
# duration_ms 252.490745
[node-tests] ok: tests/loader/layer-loader-conv-precision.test.js
TAP version 13
# Warning: maxDynamicUniformBuffersPerPipelineLayout artificially reduced from 500000 to 16 to fit dynamic offset allocation limit.
# Warning: maxDynamicStorageBuffersPerPipelineLayout artificially reduced from 500000 to 16 to fit dynamic offset allocation limit.
# [GPU] amd rdna-3, f16/subgroups, 4.0GB, submit probe: 0.3ms
# layer-loader-gemma4-ple-projection-stability.test: ok
# Subtest: test module initialization completed
ok 1 - test module initialization completed
  ---
  duration_ms: 1.089761
  type: 'test'
  ...
1..1
# tests 1
# suites 0
# pass 1
# fail 0
# cancelled 0
# skipped 0
# todo 0
# duration_ms 234.936143
[node-tests] ok: tests/loader/layer-loader-gemma4-ple-projection-stability.test.js
TAP version 13
# layer-loader-qk-norm-shape.test: ok
# Subtest: test module initialization completed
ok 1 - test module initialization completed
  ---
  duration_ms: 0.99859
  type: 'test'
  ...
1..1
# tests 1
# suites 0
# pass 1
# fail 0
# cancelled 0
# skipped 0
# todo 0
# duration_ms 159.423326
[node-tests] ok: tests/loader/layer-loader-qk-norm-shape.test.js
TAP version 13
# manifest-config.test: ok
# Subtest: test module initialization completed
ok 1 - test module initialization completed
  ---
  duration_ms: 0.996186
  type: 'test'
  ...
1..1
# tests 1
# suites 0
# pass 1
# fail 0
# cancelled 0
# skipped 0
# todo 0
# duration_ms 111.502589
[node-tests] ok: tests/loader/manifest-config.test.js
TAP version 13
# [78.0ms][Loader] [0.0s] Memory (start): | RSS=69.56 MB (heap=8.90 MB/15.27 MB, external=2.26 MB, arrayBuffers=86.57 KB) | GPU=0 B (0 active, 0 pooled, peak=0 B) | ShardCache=0 B (0 shards) | Layers=0, GPUBuffers=0
# [78.5ms][Loader] [0.0s] Memory (start): | RSS=69.56 MB (heap=8.93 MB/15.27 MB, external=2.26 MB, arrayBuffers=86.57 KB) | GPU=0 B (0 active, 0 pooled, peak=0 B) | ShardCache=0 B (0 shards) | Layers=0, GPUBuffers=0
# [78.6ms][Loader] [0.0s] Memory (done): | RSS=69.56 MB (heap=8.94 MB/15.27 MB, external=2.26 MB, arrayBuffers=86.57 KB) | GPU=0 B (0 active, 0 pooled, peak=0 B) | ShardCache=0 B (0 shards) | Layers=0, GPUBuffers=0
# memory-monitor.test: ok
# Subtest: test module initialization completed
ok 1 - test module initialization completed
  ---
  duration_ms: 0.978502
  type: 'test'
  ...
1..1
# tests 1
# suites 0
# pass 1
# fail 0
# cancelled 0
# skipped 0
# todo 0
# duration_ms 111.212373
[node-tests] ok: tests/loader/memory-monitor.test.js
TAP version 13
# multi-model-loader-lifecycle.test: ok
# Subtest: test module initialization completed
ok 1 - test module initialization completed
  ---
  duration_ms: 1.03574
  type: 'test'
  ...
1..1
# tests 1
# suites 0
# pass 1
# fail 0
# cancelled 0
# skipped 0
# todo 0
# duration_ms 234.797011
[node-tests] ok: tests/loader/multi-model-loader-lifecycle.test.js
TAP version 13
# [91.8ms][Loader] Per-layer input tensor loaded: perLayerProjectionNorm <- model.language_model.per_layer_projection_norm.weight
# [92.5ms][Loader] Per-layer input tensor loaded: perLayerModelProjection <- model.language_model.per_layer_model_projection.weight
# [92.6ms][Loader] Per-layer input tensor loaded: embedTokensPerLayer <- model.language_model.embed_tokens_per_layer.weight (cpu_resident)
# [97.9ms][Loader] Per-layer input tensor loaded: perLayerProjectionNorm <- model.language_model.per_layer_projection_norm.weight
# [97.9ms][Loader] Per-layer input tensor loaded: perLayerModelProjectionInputActivationStaticScale <- model.language_model.per_layer_model_projection.input_activation_static_scale (cpu scalar)
# [98.0ms][Loader] Per-layer input tensor loaded: perLayerModelProjectionOutputActivationStaticScale <- model.language_model.per_layer_model_projection.output_activation_static_scale (cpu scalar)
# [98.0ms][Loader] Per-layer input tensor loaded: perLayerModelProjection <- model.language_model.per_layer_model_projection.weight
# [98.0ms][Loader] Per-layer input tensor loaded: embedTokensPerLayer <- model.language_model.embed_tokens_per_layer.weight (cpu_resident)
# [98.3ms][Loader] Per-layer input tensor loaded: perLayerProjectionNorm <- model.language_model.per_layer_projection_norm.weight
# [98.4ms][Loader] Per-layer input tensor loaded: perLayerModelProjectionInputActivationStaticScale <- model.language_model.per_layer_model_projection.input_activation_static_scale (cpu scalar)
# [98.6ms][Loader] Per-layer input tensor loaded: perLayerModelProjection <- model.language_model.per_layer_model_projection.weight
# [98.6ms][Loader] Per-layer input tensor loaded: embedTokensPerLayer <- model.language_model.embed_tokens_per_layer.weight (cpu_resident)
# [99.0ms][Loader] Per-layer input tensor loaded: perLayerModelProjection <- model.language_model.per_layer_model_projection.weight (range-backed CPU source)
# [99.1ms][Loader] Per-layer input tensor loaded: perLayerProjectionNorm <- model.language_model.per_layer_projection_norm.weight
# [99.2ms][Loader] Per-layer input tensor loaded: embedTokensPerLayer <- model.language_model.embed_tokens_per_layer.weight (range-backed CPU source)
# [99.7ms][Loader] Per-layer input tensor loaded: perLayerProjectionNorm <- model.language_model.per_layer_projection_norm.weight
# [99.7ms][Loader] Per-layer input projection "model.language_model.per_layer_model_projection.weight" materialized to 2048 bytes, but its declared shape/dtype requires 4096 bytes. Falling back to range-backed CPU source to preserve manifest tensor contract.
# [99.8ms][Loader] Per-layer input tensor loaded: perLayerModelProjection <- model.language_model.per_layer_model_projection.weight (range-backed CPU source)
# [99.9ms][Loader] Per-layer input tensor loaded: embedTokensPerLayer <- model.language_model.embed_tokens_per_layer.weight (gpu_resident)
# [99.9ms][Loader] Per-layer input tensor loaded: perLayerProjectionNorm <- model.language_model.per_layer_projection_norm.weight
# [100.0ms][Loader] Per-layer input tensor loaded: perLayerModelProjection <- model.language_model.per_layer_model_projection.weight
# [100.0ms][Loader] Per-layer input tensor loaded: embedTokensPerLayer <- model.language_model.embed_tokens_per_layer.weight (gpu_resident)
# [101.3ms][Loader] Per-layer input tensor loaded: perLayerProjectionNorm <- model.language_model.per_layer_projection_norm.weight
# [101.3ms][Loader] Per-layer input tensor loaded: perLayerModelProjection <- model.language_model.per_layer_model_projection.weight (reference q4k -> f32)
# [101.4ms][Loader] Per-layer input tensor loaded: embedTokensPerLayer <- model.language_model.embed_tokens_per_layer.weight (gpu_resident)
# [101.5ms][Loader] Per-layer input tensor loaded: embedTokensPerLayer <- model.language_model.layers.0.embed_tokens_per_layer.weight (gpu_resident)
# [101.5ms][Loader] Per-layer input tensor loaded: embedTokensPerLayer <- model.language_model.layers.1.embed_tokens_per_layer.weight (gpu_resident)
# [101.5ms][Loader] Per-layer input tensor loaded: perLayerProjectionNorm <- model.language_model.per_layer_projection_norm.weight
# [101.6ms][Loader] Per-layer input tensor loaded: perLayerModelProjection <- model.language_model.per_layer_model_projection.weight
# per-layer-input-loader.test: ok
# Subtest: test module initialization completed
ok 1 - test module initialization completed
  ---
  duration_ms: 1.114859
  type: 'test'
  ...
1..1
# tests 1
# suites 0
# pass 1
# fail 0
# cancelled 0
# skipped 0
# todo 0
# duration_ms 139.012396
[node-tests] ok: tests/loader/per-layer-input-loader.test.js
TAP version 13
# rdrr-tensor-map-reader.test: ok
# Subtest: test module initialization completed
ok 1 - test module initialization completed
  ---
  duration_ms: 1.555499
  type: 'test'
  ...
1..1
# tests 1
# suites 0
# pass 1
# fail 0
# cancelled 0
# skipped 0
# todo 0
# duration_ms 130.136193
[node-tests] ok: tests/loader/rdrr-tensor-map-reader.test.js
TAP version 13
# [158.0ms][ExpertCache] Cache cleared
# loader-runtime-cleanup.test: ok
# Subtest: test module initialization completed
ok 1 - test module initialization completed
  ---
  duration_ms: 1.00913
  type: 'test'
  ...
1..1
# tests 1
# suites 0
# pass 1
# fail 0
# cancelled 0
# skipped 0
# todo 0
# duration_ms 194.299891
[node-tests] ok: tests/loader/runtime-cleanup.test.js
TAP version 13
# shard-cache-fallbacks.test: ok
# Subtest: test module initialization completed
ok 1 - test module initialization completed
  ---
  duration_ms: 1.547664
  type: 'test'
  ...
1..1
# tests 1
# suites 0
# pass 1
# fail 0
# cancelled 0
# skipped 0
# todo 0
# duration_ms 157.72651
[node-tests] ok: tests/loader/shard-cache-fallbacks.test.js
TAP version 13
# [93.7ms][Loader] Embedding weight "model.language_model.embed_tokens.weight" forced GPU-resident via inference.largeWeights.gpuResidentOverrides.
# should-stream-large-weight-overrides.test: ok
# Subtest: test module initialization completed
ok 1 - test module initialization completed
  ---
  duration_ms: 1.000333
  type: 'test'
  ...
1..1
# tests 1
# suites 0
# pass 1
# fail 0
# cancelled 0
# skipped 0
# todo 0
# duration_ms 130.194983
[node-tests] ok: tests/loader/should-stream-large-weight-overrides.test.js
TAP version 13
# source-transform-contract-matrix.test: ok
# Subtest: test module initialization completed
ok 1 - test module initialization completed
  ---
  duration_ms: 0.959656
  type: 'test'
  ...
1..1
# tests 1
# suites 0
# pass 1
# fail 0
# cancelled 0
# skipped 0
# todo 0
# duration_ms 119.987094
[node-tests] ok: tests/loader/source-transform-contract-matrix.test.js
TAP version 13
# [143.1ms][Loader] Embedding "embed.weight" GPU-resident: shouldStreamLargeWeight returned false.
# [143.9ms][Loader] Embeddings tensor loaded: name=embed.weight, hasShape=true, shape=[2,2], isWeightBuffer=false
# [144.0ms][Loader] Embedding "embed.weight" range-backed: F16 source on device without shader-f16 support.
# [144.0ms][Loader] Embeddings tensor loaded: name=embed.weight, hasShape=true, shape=[2,2], isWeightBuffer=false
# [144.8ms][Loader] Embedding "embed.weight" range-backed: sourceTransform.kind="litert_axis_blocked_dequant" defers full materialization.
# [144.9ms][Loader] Embeddings tensor loaded: name=embed.weight, hasShape=true, shape=[4,4], isWeightBuffer=false
# [144.1ms][Loader] Embeddings stored on CPU for chunked gather (layout=row)
# [144.9ms][Loader] Embeddings stored on CPU via range-backed source (layout=row)
# tensor-loader-cleanup.test: ok
# Subtest: test module initialization completed
ok 1 - test module initialization completed
  ---
  duration_ms: 0.991547
  type: 'test'
  ...
1..1
# tests 1
# suites 0
# pass 1
# fail 0
# cancelled 0
# skipped 0
# todo 0
# duration_ms 182.474676
[node-tests] ok: tests/loader/tensor-loader-cleanup.test.js
TAP version 13
# tensor-loader-q4k-parity-probe-contract.test: ok
# Subtest: test module initialization completed
ok 1 - test module initialization completed
  ---
  duration_ms: 0.856172
  type: 'test'
  ...
1..1
# tests 1
# suites 0
# pass 1
# fail 0
# cancelled 0
# skipped 0
# todo 0
# duration_ms 86.547423
[node-tests] ok: tests/loader/tensor-loader-q4k-parity-probe-contract.test.js
TAP version 13
# [145.5ms][Loader] Q4K dense materialization for "low_limit_q4k_down_proj" would require 2097152 bytes, exceeding maxStorageBufferBindingSize=1048576; retaining packed Q4K for fused matmul.
# tensor-loader-q4k-reference-path.test: ok
# Subtest: test module initialization completed
ok 1 - test module initialization completed
  ---
  duration_ms: 1.086796
  type: 'test'
  ...
1..1
# tests 1
# suites 0
# pass 1
# fail 0
# cancelled 0
# skipped 0
# todo 0
# duration_ms 184.289343
[node-tests] ok: tests/loader/tensor-loader-q4k-reference-path.test.js
TAP version 13
# tensor-loader-weight-ownership.test: ok
# Subtest: test module initialization completed
ok 1 - test module initialization completed
  ---
  duration_ms: 1.016474
  type: 'test'
  ...
1..1
# tests 1
# suites 0
# pass 1
# fail 0
# cancelled 0
# skipped 0
# todo 0
# duration_ms 172.318404
[node-tests] ok: tests/loader/tensor-loader-weight-ownership.test.js
TAP version 13
# tensor-source-transform.test: ok
# Subtest: test module initialization completed
ok 1 - test module initialization completed
  ---
  duration_ms: 1.011103
  type: 'test'
  ...
1..1
# tests 1
# suites 0
# pass 1
# fail 0
# cancelled 0
# skipped 0
# todo 0
# duration_ms 165.946376
[node-tests] ok: tests/loader/tensor-source-transform.test.js
TAP version 13
# [84.0ms][HeapManager] Allocated segment 0: 1024MB
# [84.5ms][HeapManager] Segmented heap: 1GB per segment
# [84.5ms][HeapManager] Initialized with strategy: SEGMENTED
# [86.1ms][HeapManager] Allocated segment 0: 1024MB
# [86.2ms][HeapManager] Segmented heap: 1GB per segment
# [86.2ms][HeapManager] Initialized with strategy: SEGMENTED
# [88.7ms][HeapManager] Allocated segment 0: 1024MB
# [88.7ms][HeapManager] Segmented heap: 1GB per segment
# [88.7ms][HeapManager] Initialized with strategy: SEGMENTED
# [90.7ms][HeapManager] Allocated segment 0: 1024MB
# [90.8ms][HeapManager] Segmented heap: 1GB per segment
# [90.8ms][HeapManager] Initialized with strategy: SEGMENTED
# [92.5ms][HeapManager] Allocated segment 0: 1024MB
# [92.6ms][HeapManager] Segmented heap: 1GB per segment
# [92.6ms][HeapManager] Initialized with strategy: SEGMENTED
# [94.2ms][HeapManager] Allocated segment 0: 1024MB
# [94.3ms][HeapManager] Segmented heap: 1GB per segment
# [94.3ms][HeapManager] Initialized with strategy: SEGMENTED
# [96.0ms][HeapManager] Allocated segment 0: 1024MB
# [96.1ms][HeapManager] Segmented heap: 1GB per segment
# [96.1ms][HeapManager] Initialized with strategy: SEGMENTED
# [97.6ms][HeapManager] Allocated segment 0: 1024MB
# [97.7ms][HeapManager] Segmented heap: 1GB per segment
# [97.7ms][HeapManager] Initialized with strategy: SEGMENTED
# [99.3ms][HeapManager] Allocated segment 0: 1024MB
# [100.5ms][HeapManager] Segmented heap: 1GB per segment
# [100.5ms][HeapManager] Initialized with strategy: SEGMENTED
# [101.0ms][HeapManager] Allocated segment 0: 1024MB
# [101.0ms][HeapManager] Segmented heap: 1GB per segment
# [101.1ms][HeapManager] Initialized with strategy: SEGMENTED
# [101.2ms][HeapManager] Allocated segment 0: 1024MB
# [102.5ms][HeapManager] Allocated segment 0: 1024MB
# [102.5ms][HeapManager] Segmented heap: 1GB per segment
# [102.5ms][HeapManager] Initialized with strategy: SEGMENTED
# [103.7ms][HeapManager] Allocated segment 0: 1024MB
# [103.8ms][HeapManager] Segmented heap: 1GB per segment
# [103.8ms][HeapManager] Initialized with strategy: SEGMENTED
# [106.3ms][HeapManager] Allocated segment 0: 1024MB
# [106.3ms][HeapManager] Segmented heap: 1GB per segment
# [106.3ms][HeapManager] Initialized with strategy: SEGMENTED
# heap-manager.test: ok
# Subtest: test module initialization completed
ok 1 - test module initialization completed
  ---
  duration_ms: 1.261545
  type: 'test'
  ...
1..1
# tests 1
# suites 0
# pass 1
# fail 0
# cancelled 0
# skipped 0
# todo 0
# duration_ms 142.215074
[node-tests] ok: tests/memory/heap-manager.test.js
TAP version 13
# unified-detect-node-safe.test: ok
# Subtest: test module initialization completed
ok 1 - test module initialization completed
  ---
  duration_ms: 0.950169
  type: 'test'
  ...
1..1
# tests 1
# suites 0
# pass 1
# fail 0
# cancelled 0
# skipped 0
# todo 0
# duration_ms 109.855988
[node-tests] ok: tests/memory/unified-detect-node-safe.test.js
TAP version 13
# {"schema":"doppler.application-gate-receipt/v1","receiptId":"electron-document-search-acceptance","releaseId":"electron-document-search-qwen-3-reranker-0-6b-q4k-ehf16-af32-release-4b67afb00f306460","applicationRevisionDigest":"sha256:3333333333333333333333333333333333333333333333333333333333333333","workload":{"id":"document-search-reranking","digest":"sha256:4444444444444444444444444444444444444444444444444444444444444444"},"oracle":{"id":"document-search-relevance-v1","digest":"sha256:5555555555555555555555555555555555555555555555555555555555555555"},"capsuleSemanticRoot":"sha256:2222222222222222222222222222222222222222222222222222222222222222","targetPlanId":"webgpu-f32-portable","resolvedExecutionId":"sha256:ffffffffffffffffffffffffffffffffffffffffffffffffffffffffffffffff","providerId":"doppler-webgpu","deviceTargetId":"windows-x64-amd-webgpu","evaluator":{"id":"electron-document-search-reference-evaluator","revisionDigest":"sha256:eeeeeeeeeeeeeeeeeeeeeeeeeeeeeeeeeeeeeeeeeeeeeeeeeeeeeeeeeeeeeeee"},"status":"passed","observations":{"quality":0.97,"coldLatencyMs":3200,"warmLatencyMs":1400,"peakMemoryBytes":1610612736,"failureRate":0,"startupPassed":true,"recoveryPassed":true},"failedSamples":[],"createdAtUtc":"2026-08-23T00:00:00.000Z","digest":"sha256:0948fcf8900fe769d690505ff0100412b2c33cc45dea43da9c686bca1db44f95"}
# Subtest: test module initialization completed
ok 1 - test module initialization completed
  ---
  duration_ms: 0.983441
  type: 'test'
  ...
1..1
# tests 1
# suites 0
# pass 1
# fail 0
# cancelled 0
# skipped 0
# todo 0
# duration_ms 95.901505
[node-tests] ok: tests/production-release/electron-document-search-acceptance.test.js
TAP version 13
# capsule-adapter-execution: identity, declared kernels, corruption, base mismatch, composition, cleanup, cancellation passed
# Subtest: test module initialization completed
ok 1 - test module initialization completed
  ---
  duration_ms: 0.657628
  type: 'test'
  ...
1..1
# tests 1
# suites 0
# pass 1
# fail 0
# cancelled 0
# skipped 0
# todo 0
# duration_ms 124.561767
[node-tests] ok: tests/runtime/capsule-adapter-execution.test.js
TAP version 13
# capsule-artifact-retention.test: passed
# Subtest: test module initialization completed
ok 1 - test module initialization completed
  ---
  duration_ms: 0.857234
  type: 'test'
  ...
1..1
# tests 1
# suites 0
# pass 1
# fail 0
# cancelled 0
# skipped 0
# todo 0
# duration_ms 100.596405
[node-tests] ok: tests/runtime/capsule-artifact-retention.test.js
TAP version 13
# ✔ capsule-artifact-source.test.js passed
# Subtest: test module initialization completed
ok 1 - test module initialization completed
  ---
  duration_ms: 1.149575
  type: 'test'
  ...
1..1
# tests 1
# suites 0
# pass 1
# fail 0
# cancelled 0
# skipped 0
# todo 0
# duration_ms 245.304032
[node-tests] ok: tests/runtime/capsule-artifact-source.test.js
TAP version 13
# capsule-embedding.test: passed (synthetic pipeline/device; actual session, adapter and evidence handle)
# Subtest: test module initialization completed
ok 1 - test module initialization completed
  ---
  duration_ms: 0.770561
  type: 'test'
  ...
1..1
# tests 1
# suites 0
# pass 1
# fail 0
# cancelled 0
# skipped 0
# todo 0
# duration_ms 392.683329
[node-tests] ok: tests/runtime/capsule-embedding.test.js
TAP version 13
# ✔ capsule-forecast.test.js passed
# Subtest: test module initialization completed
ok 1 - test module initialization completed
  ---
  duration_ms: 0.731768
  type: 'test'
  ...
1..1
# tests 1
# suites 0
# pass 1
# fail 0
# cancelled 0
# skipped 0
# todo 0
# duration_ms 109.841721
[node-tests] ok: tests/runtime/capsule-forecast.test.js
TAP version 13
# [229.3ms][Tokenizer] HuggingFace model.type="BPE", using type="bpe"
# [230.3ms][Tokenizer] Loaded HuggingFace 257 tokens (bpe), 1 special patterns, 0 merges
# capsule-incremental-stream.test: Unicode, stop boundaries, reconstruction, integrity, backpressure, cancellation, limits and embedding deltas passed
# Subtest: test module initialization completed
ok 1 - test module initialization completed
  ---
  duration_ms: 0.65851
  type: 'test'
  ...
1..1
# tests 1
# suites 0
# pass 1
# fail 0
# cancelled 0
# skipped 0
# todo 0
# duration_ms 327.283403
[node-tests] ok: tests/runtime/capsule-incremental-stream.test.js
TAP version 13
# ✔ capsule-load-options.test.js passed
# Subtest: test module initialization completed
ok 1 - test module initialization completed
  ---
  duration_ms: 1.040279
  type: 'test'
  ...
1..1
# tests 1
# suites 0
# pass 1
# fail 0
# cancelled 0
# skipped 0
# todo 0
# duration_ms 258.066971
[node-tests] ok: tests/runtime/capsule-load-options.test.js
TAP version 13
# capsule-loading-http.test: ok (real HTTP and signed Capsule; synthetic GPU)
# Subtest: test module initialization completed
ok 1 - test module initialization completed
  ---
  duration_ms: 0.583659
  type: 'test'
  ...
1..1
# tests 1
# suites 0
# pass 1
# fail 0
# cancelled 0
# skipped 0
# todo 0
# duration_ms 774.853763
[node-tests] ok: tests/runtime/capsule-loading-http.test.js
TAP version 13
# capsule-loading.test: ok (signed metadata; synthetic device)
# Subtest: test module initialization completed
ok 1 - test module initialization completed
  ---
  duration_ms: 0.64265
  type: 'test'
  ...
1..1
# tests 1
# suites 0
# pass 1
# fail 0
# cancelled 0
# skipped 0
# todo 0
# duration_ms 176.478455
[node-tests] ok: tests/runtime/capsule-loading.test.js
TAP version 13
# capsule-operation-document-search.test.js passed (injected program; no physical inference claim)
# Subtest: test module initialization completed
ok 1 - test module initialization completed
  ---
  duration_ms: 0.625578
  type: 'test'
  ...
1..1
# tests 1
# suites 0
# pass 1
# fail 0
# cancelled 0
# skipped 0
# todo 0
# duration_ms 137.742363
[node-tests] ok: tests/runtime/capsule-operation-document-search.test.js
TAP version 13
# ✔ capsule-operation.test.js passed (injected program; contract evidence only)
# Subtest: test module initialization completed
ok 1 - test module initialization completed
  ---
  duration_ms: 0.840983
  type: 'test'
  ...
1..1
# tests 1
# suites 0
# pass 1
# fail 0
# cancelled 0
# skipped 0
# todo 0
# duration_ms 216.016988
[node-tests] ok: tests/runtime/capsule-operation.test.js
TAP version 13
# ✔ capsule-rerank.test.js passed
# Subtest: test module initialization completed
ok 1 - test module initialization completed
  ---
  duration_ms: 0.604529
  type: 'test'
  ...
1..1
# tests 1
# suites 0
# pass 1
# fail 0
# cancelled 0
# skipped 0
# todo 0
# duration_ms 204.133524
[node-tests] ok: tests/runtime/capsule-rerank.test.js
TAP version 13
# ✔ capsule-runtime-entrypoint.test.js passed
# Subtest: test module initialization completed
ok 1 - test module initialization completed
  ---
  duration_ms: 0.972712
  type: 'test'
  ...
1..1
# tests 1
# suites 0
# pass 1
# fail 0
# cancelled 0
# skipped 0
# todo 0
# duration_ms 107.154241
[node-tests] ok: tests/runtime/capsule-runtime-entrypoint.test.js
TAP version 13
# capsule-session-execution: exclusion, cancellation, draining and cleanup failure passed
# Subtest: test module initialization completed
ok 1 - test module initialization completed
  ---
  duration_ms: 0.476798
  type: 'test'
  ...
1..1
# tests 1
# suites 0
# pass 1
# fail 0
# cancelled 0
# skipped 0
# todo 0
# duration_ms 111.986048
[node-tests] ok: tests/runtime/capsule-session-execution.test.js
TAP version 13
# Subtest: closing a session waits for its pending readback and preserves another session on the same device
ok 1 - closing a session waits for its pending readback and preserves another session on the same device
  ---
  duration_ms: 29.554205
  type: 'test'
  ...
# Subtest: device loss during readback prevents token delivery and invalidates both sessions
ok 2 - device loss during readback prevents token delivery and invalidates both sessions
  ---
  duration_ms: 8.709598
  type: 'test'
  ...
# Subtest: device loss while a program is being constructed rejects opening and closes the late program
ok 3 - device loss while a program is being constructed rejects opening and closes the late program
  ---
  duration_ms: 2.820361
  type: 'test'
  ...
# Subtest: failed buffer replacement cannot resurrect the released slot
ok 4 - failed buffer replacement cannot resurrect the released slot
  ---
  duration_ms: 0.304183
  type: 'test'
  ...
# Subtest: a failed program-slot release still cleans other slots and closes the program
ok 5 - a failed program-slot release still cleans other slots and closes the program
  ---
  duration_ms: 0.216197
  type: 'test'
  ...
# Subtest: test module initialization completed
ok 6 - test module initialization completed
  ---
  duration_ms: 0.036799
  type: 'test'
  ...
1..6
# tests 6
# suites 0
# pass 6
# fail 0
# cancelled 0
# skipped 0
# todo 0
# duration_ms 169.939884
[node-tests] ok: tests/runtime/capsule-shared-device.test.js
TAP version 13
# Subtest: abort during compilation rejects without submitting or destroying borrowed buffers
ok 1 - abort during compilation rejects without submitting or destroying borrowed buffers
  ---
  duration_ms: 6.418134
  type: 'test'
  ...
# Subtest: abort during binding preparation cannot submit
ok 2 - abort during binding preparation cannot submit
  ---
  duration_ms: 0.347164
  type: 'test'
  ...
# Subtest: device loss during compilation cannot submit
ok 3 - device loss during compilation cannot submit
  ---
  duration_ms: 0.515721
  type: 'test'
  ...
# Subtest: post-submission cancellation reports submitted work rather than successful completion
ok 4 - post-submission cancellation reports submitted work rather than successful completion
  ---
  duration_ms: 3.851021
  type: 'test'
  ...
# Subtest: successful dispatch distinguishes submission from observed completion
ok 5 - successful dispatch distinguishes submission from observed completion
  ---
  duration_ms: 0.417466
  type: 'test'
  ...
# Subtest: failed compilation can be retried
ok 6 - failed compilation can be retried
  ---
  duration_ms: 0.539777
  type: 'test'
  ...
# Subtest: test module initialization completed
ok 7 - test module initialization completed
  ---
  duration_ms: 0.120096
  type: 'test'
  ...
1..7
# tests 7
# suites 0
# pass 7
# fail 0
# cancelled 0
# skipped 0
# todo 0
# duration_ms 103.852464
[node-tests] ok: tests/runtime/command-executor-cancellation.test.js
TAP version 13
# ✔ initial-execution-identity.test.js passed
# Subtest: test module initialization completed
ok 1 - test module initialization completed
  ---
  duration_ms: 0.774478
  type: 'test'
  ...
1..1
# tests 1
# suites 0
# pass 1
# fail 0
# cancelled 0
# skipped 0
# todo 0
# duration_ms 193.003538
[node-tests] ok: tests/runtime/initial-execution-identity.test.js
TAP version 13
# ✔ plan-bind-execute.test.js passed
# Subtest: test module initialization completed
ok 1 - test module initialization completed
  ---
  duration_ms: 0.729013
  type: 'test'
  ...
1..1
# tests 1
# suites 0
# pass 1
# fail 0
# cancelled 0
# skipped 0
# todo 0
# duration_ms 156.609155
[node-tests] ok: tests/runtime/plan-bind-execute.test.js
TAP version 13
# ✔ target-selector.test.js passed
# Subtest: test module initialization completed
ok 1 - test module initialization completed
  ---
  duration_ms: 1.193748
  type: 'test'
  ...
1..1
# tests 1
# suites 0
# pass 1
# fail 0
# cancelled 0
# skipped 0
# todo 0
# duration_ms 129.621422
[node-tests] ok: tests/runtime/target-selector.test.js
TAP version 13
# artifact-storage-context.test: ok
# Subtest: test module initialization completed
ok 1 - test module initialization completed
  ---
  duration_ms: 0.984393
  type: 'test'
  ...
1..1
# tests 1
# suites 0
# pass 1
# fail 0
# cancelled 0
# skipped 0
# todo 0
# duration_ms 131.348684
[node-tests] ok: tests/storage/artifact-storage-context.test.js
TAP version 13
# blake3.test: ok
# Subtest: test module initialization completed
ok 1 - test module initialization completed
  ---
  duration_ms: 0.937154
  type: 'test'
  ...
1..1
# tests 1
# suites 0
# pass 1
# fail 0
# cancelled 0
# skipped 0
# todo 0
# duration_ms 93.350521
[node-tests] ok: tests/storage/blake3.test.js
TAP version 13
# document-model-installation.test: passed (synthetic storage, no inference claim)
# Subtest: test module initialization completed
ok 1 - test module initialization completed
  ---
  duration_ms: 0.835894
  type: 'test'
  ...
1..1
# tests 1
# suites 0
# pass 1
# fail 0
# cancelled 0
# skipped 0
# todo 0
# duration_ms 122.115971
[node-tests] ok: tests/storage/document-model-installation.test.js
TAP version 13
# [96.7ms][ShardManager] No persistent storage available (OPFS/IndexedDB); falling back to in-memory storage. Model data will not persist across reloads.
# [99.7ms][ShardManager] No persistent storage available (OPFS/IndexedDB); falling back to in-memory storage. Model data will not persist across reloads.
# [101.1ms][ShardManager] No persistent storage available (OPFS/IndexedDB); falling back to in-memory storage. Model data will not persist across reloads.
# shard-manager-tensor-range-integrity.test: ok
# Subtest: test module initialization completed
ok 1 - test module initialization completed
  ---
  duration_ms: 1.057
  type: 'test'
  ...
1..1
# tests 1
# suites 0
# pass 1
# fail 0
# cancelled 0
# skipped 0
# todo 0
# duration_ms 139.609518
[node-tests] ok: tests/storage/shard-manager-tensor-range-integrity.test.js
TAP version 13
# artifact-identity-inventory-cli.test: ok
# Subtest: test module initialization completed
ok 1 - test module initialization completed
  ---
  duration_ms: 1.844933
  type: 'test'
  ...
1..1
# tests 1
# suites 0
# pass 1
# fail 0
# cancelled 0
# skipped 0
# todo 0
# duration_ms 278.066886
[node-tests] ok: tests/tooling/artifact-identity-inventory-cli.test.js
TAP version 13
# ✔ audit-model-ir-lowerability.test.js passed
# Subtest: test module initialization completed
ok 1 - test module initialization completed
  ---
  duration_ms: 1.094851
  type: 'test'
  ...
1..1
# tests 1
# suites 0
# pass 1
# fail 0
# cancelled 0
# skipped 0
# todo 0
# duration_ms 136.112814
[node-tests] ok: tests/tooling/audit-model-ir-lowerability.test.js
TAP version 13
# boundary-evidence.test: ok
# Subtest: test module initialization completed
ok 1 - test module initialization completed
  ---
  duration_ms: 1.184681
  type: 'test'
  ...
1..1
# tests 1
# suites 0
# pass 1
# fail 0
# cancelled 0
# skipped 0
# todo 0
# duration_ms 111.164761
[node-tests] ok: tests/tooling/boundary-evidence.test.js
TAP version 13
# browser-protein-opfs-qualification.test: ok
# Subtest: test module initialization completed
ok 1 - test module initialization completed
  ---
  duration_ms: 1.01969
  type: 'test'
  ...
1..1
# tests 1
# suites 0
# pass 1
# fail 0
# cancelled 0
# skipped 0
# todo 0
# duration_ms 176.272075
[node-tests] ok: tests/tooling/browser-protein-opfs-qualification.test.js
TAP version 13
# capsule-http-declarations.test: ok
# Subtest: test module initialization completed
ok 1 - test module initialization completed
  ---
  duration_ms: 1.111343
  type: 'test'
  ...
1..1
# tests 1
# suites 0
# pass 1
# fail 0
# cancelled 0
# skipped 0
# todo 0
# duration_ms 1772.70002
[node-tests] ok: tests/tooling/capsule-http-declarations.test.js
TAP version 13
# capsule-retention-experiment.test: ok (split and identity gates; no hardware measurements)
# Subtest: test module initialization completed
ok 1 - test module initialization completed
  ---
  duration_ms: 0.928929
  type: 'test'
  ...
1..1
# tests 1
# suites 0
# pass 1
# fail 0
# cancelled 0
# skipped 0
# todo 0
# duration_ms 125.284305
[node-tests] ok: tests/tooling/capsule-retention-experiment.test.js
TAP version 13
# close-installed-capsule.test: ok
# Subtest: test module initialization completed
ok 1 - test module initialization completed
  ---
  duration_ms: 0.921014
  type: 'test'
  ...
1..1
# tests 1
# suites 0
# pass 1
# fail 0
# cancelled 0
# skipped 0
# todo 0
# duration_ms 92.108482
[node-tests] ok: tests/tooling/close-installed-capsule.test.js
TAP version 13
# command-api-refresh-integrity.test: ok
# Subtest: test module initialization completed
ok 1 - test module initialization completed
  ---
  duration_ms: 0.894384
  type: 'test'
  ...
1..1
# tests 1
# suites 0
# pass 1
# fail 0
# cancelled 0
# skipped 0
# todo 0
# duration_ms 120.864263
[node-tests] ok: tests/tooling/command-api-refresh-integrity.test.js
TAP version 13
# command-api-release.test: ok
# Subtest: test module initialization completed
ok 1 - test module initialization completed
  ---
  duration_ms: 1.026843
  type: 'test'
  ...
1..1
# tests 1
# suites 0
# pass 1
# fail 0
# cancelled 0
# skipped 0
# todo 0
# duration_ms 297.394865
[node-tests] ok: tests/tooling/command-api-release.test.js
TAP version 13
# command-surface-style.test: ok
# Subtest: test module initialization completed
ok 1 - test module initialization completed
  ---
  duration_ms: 1.020812
  type: 'test'
  ...
1..1
# tests 1
# suites 0
# pass 1
# fail 0
# cancelled 0
# skipped 0
# todo 0
# duration_ms 262.030249
[node-tests] ok: tests/tooling/command-surface-style.test.js
TAP version 13
# conversion-config-materializer.test: ok
# Subtest: test module initialization completed
ok 1 - test module initialization completed
  ---
  duration_ms: 1.140276
  type: 'test'
  ...
1..1
# tests 1
# suites 0
# pass 1
# fail 0
# cancelled 0
# skipped 0
# todo 0
# duration_ms 161.414972
[node-tests] ok: tests/tooling/conversion-config-materializer.test.js
TAP version 13
# conversion-digest-selection.test: ok
# Subtest: test module initialization completed
ok 1 - test module initialization completed
  ---
  duration_ms: 1.10994
  type: 'test'
  ...
1..1
# tests 1
# suites 0
# pass 1
# fail 0
# cancelled 0
# skipped 0
# todo 0
# duration_ms 579.1704
[node-tests] ok: tests/tooling/conversion-digest-selection.test.js
TAP version 13
# conversion-run-timing.test: ok
# Subtest: test module initialization completed
ok 1 - test module initialization completed
  ---
  duration_ms: 0.995956
  type: 'test'
  ...
1..1
# tests 1
# suites 0
# pass 1
# fail 0
# cancelled 0
# skipped 0
# todo 0
# duration_ms 108.560216
[node-tests] ok: tests/tooling/conversion-run-timing.test.js
TAP version 13
# ✔ create-release-to-javascript-receipt.test.js passed
# Subtest: test module initialization completed
ok 1 - test module initialization completed
  ---
  duration_ms: 1.032364
  type: 'test'
  ...
1..1
# tests 1
# suites 0
# pass 1
# fail 0
# cancelled 0
# skipped 0
# todo 0
# duration_ms 116.255917
[node-tests] ok: tests/tooling/create-release-to-javascript-receipt.test.js
TAP version 13
# custom-runtime-facts.test: ok
# Subtest: test module initialization completed
ok 1 - test module initialization completed
  ---
  duration_ms: 0.941974
  type: 'test'
  ...
1..1
# tests 1
# suites 0
# pass 1
# fail 0
# cancelled 0
# skipped 0
# todo 0
# duration_ms 89.656695
[node-tests] ok: tests/tooling/custom-runtime-facts.test.js
TAP version 13
# debug-playbook-contract.test: ok
# Subtest: test module initialization completed
ok 1 - test module initialization completed
  ---
  duration_ms: 0.891579
  type: 'test'
  ...
1..1
# tests 1
# suites 0
# pass 1
# fail 0
# cancelled 0
# skipped 0
# todo 0
# duration_ms 94.020271
[node-tests] ok: tests/tooling/debug-playbook-contract.test.js
TAP version 13
# demo-hardware-smoke.test: ok
# Subtest: test module initialization completed
ok 1 - test module initialization completed
  ---
  duration_ms: 1.021023
  type: 'test'
  ...
1..1
# tests 1
# suites 0
# pass 1
# fail 0
# cancelled 0
# skipped 0
# todo 0
# duration_ms 375.525948
[node-tests] ok: tests/tooling/demo-hardware-smoke.test.js
TAP version 13
# document-search-build.test: passed (synthetic release continuity and denial)
# Subtest: test module initialization completed
ok 1 - test module initialization completed
  ---
  duration_ms: 1.015252
  type: 'test'
  ...
1..1
# tests 1
# suites 0
# pass 1
# fail 0
# cancelled 0
# skipped 0
# todo 0
# duration_ms 227.58779
[node-tests] ok: tests/tooling/document-search-build.test.js
TAP version 13
# electron-reranker-probe.test: ok
# Subtest: test module initialization completed
ok 1 - test module initialization completed
  ---
  duration_ms: 1.026182
  type: 'test'
  ...
1..1
# tests 1
# suites 0
# pass 1
# fail 0
# cancelled 0
# skipped 0
# todo 0
# duration_ms 340.745353
[node-tests] ok: tests/tooling/electron-reranker-probe.test.js
TAP version 13
# embedding-reference-materialization.test: passed (synthetic references)
# Subtest: test module initialization completed
ok 1 - test module initialization completed
  ---
  duration_ms: 0.992188
  type: 'test'
  ...
1..1
# tests 1
# suites 0
# pass 1
# fail 0
# cancelled 0
# skipped 0
# todo 0
# duration_ms 103.424206
[node-tests] ok: tests/tooling/embedding-reference-materialization.test.js
TAP version 13
# evidence-json-contracts.test: ok
# Subtest: test module initialization completed
ok 1 - test module initialization completed
  ---
  duration_ms: 1.132523
  type: 'test'
  ...
1..1
# tests 1
# suites 0
# pass 1
# fail 0
# cancelled 0
# skipped 0
# todo 0
# duration_ms 103.926092
[node-tests] ok: tests/tooling/evidence-json-contracts.test.js
TAP version 13
# execution-cost-ledger.test: ok
# Subtest: test module initialization completed
ok 1 - test module initialization completed
  ---
  duration_ms: 1.028045
  type: 'test'
  ...
1..1
# tests 1
# suites 0
# pass 1
# fail 0
# cancelled 0
# skipped 0
# todo 0
# duration_ms 105.145528
[node-tests] ok: tests/tooling/execution-cost-ledger.test.js
TAP version 13
# execution-routing-audit.test: ok
# Subtest: test module initialization completed
ok 1 - test module initialization completed
  ---
  duration_ms: 0.901617
  type: 'test'
  ...
1..1
# tests 1
# suites 0
# pass 1
# fail 0
# cancelled 0
# skipped 0
# todo 0
# duration_ms 106.711917
[node-tests] ok: tests/tooling/execution-routing-audit.test.js
TAP version 13
# export-v11-grpo-adapter.test: ok
# Subtest: test module initialization completed
ok 1 - test module initialization completed
  ---
  duration_ms: 1.04112
  type: 'test'
  ...
1..1
# tests 1
# suites 0
# pass 1
# fail 0
# cancelled 0
# skipped 0
# todo 0
# duration_ms 300.92572
[node-tests] ok: tests/tooling/export-v11-grpo-adapter.test.js
TAP version 13
# ✔ forge-model-capsule.test.js: all tests passed
# forge-model-capsule: embedding qualification passed (synthetic reference)
# Subtest: test module initialization completed
ok 1 - test module initialization completed
  ---
  duration_ms: 1.079092
  type: 'test'
  ...
1..1
# tests 1
# suites 0
# pass 1
# fail 0
# cancelled 0
# skipped 0
# todo 0
# duration_ms 275.7555
[node-tests] ok: tests/tooling/forge-model-capsule.test.js
TAP version 13
# ✔ forge-source-truth.test.js passed
# Subtest: test module initialization completed
ok 1 - test module initialization completed
  ---
  duration_ms: 0.867974
  type: 'test'
  ...
1..1
# tests 1
# suites 0
# pass 1
# fail 0
# cancelled 0
# skipped 0
# todo 0
# duration_ms 96.546878
[node-tests] ok: tests/tooling/forge-source-truth.test.js
TAP version 13
# gemma4-preflight-receipts.test: ok
# Subtest: test module initialization completed
ok 1 - test module initialization completed
  ---
  duration_ms: 0.986998
  type: 'test'
  ...
1..1
# tests 1
# suites 0
# pass 1
# fail 0
# cancelled 0
# skipped 0
# todo 0
# duration_ms 122.248588
[node-tests] ok: tests/tooling/gemma4-preflight-receipts.test.js
TAP version 13
# generation-qualification-scenario.test: ok
# Subtest: test module initialization completed
ok 1 - test module initialization completed
  ---
  duration_ms: 0.924461
  type: 'test'
  ...
1..1
# tests 1
# suites 0
# pass 1
# fail 0
# cancelled 0
# skipped 0
# todo 0
# duration_ms 89.545906
[node-tests] ok: tests/tooling/generation-qualification-scenario.test.js
TAP version 13
# glimmer-hf-reference-contract.test: skipped (boundary artifacts unavailable at reports/model-ir-v2/glimmer-30b.hf-boundaries)
# Subtest: /home/x/deco/worktrees/doppler-runtime-contract-coherence/tests/tooling/glimmer-hf-reference-contract.test.js
ok 1 - /home/x/deco/worktrees/doppler-runtime-contract-coherence/tests/tooling/glimmer-hf-reference-contract.test.js
  ---
  duration_ms: 92.755118
  type: 'test'
  ...
1..1
# tests 1
# suites 0
# pass 1
# fail 0
# cancelled 0
# skipped 0
# todo 0
# duration_ms 98.871124
[node-tests] ok: tests/tooling/glimmer-hf-reference-contract.test.js
TAP version 13
# ✔ heterogeneous-source-truth.test.js passed
# Subtest: test module initialization completed
ok 1 - test module initialization completed
  ---
  duration_ms: 1.751177
  type: 'test'
  ...
1..1
# tests 1
# suites 0
# pass 1
# fail 0
# cancelled 0
# skipped 0
# todo 0
# duration_ms 129.648421
[node-tests] ok: tests/tooling/heterogeneous-source-truth.test.js
TAP version 13
# inspect-prefill-logits-receipt.test: ok
# Subtest: test module initialization completed
ok 1 - test module initialization completed
  ---
  duration_ms: 1.228293
  type: 'test'
  ...
1..1
# tests 1
# suites 0
# pass 1
# fail 0
# cancelled 0
# skipped 0
# todo 0
# duration_ms 553.96065
[node-tests] ok: tests/tooling/inspect-prefill-logits-receipt.test.js
TAP version 13
# kernel-negative-results.test: ok
# Subtest: test module initialization completed
ok 1 - test module initialization completed
  ---
  duration_ms: 0.862264
  type: 'test'
  ...
1..1
# tests 1
# suites 0
# pass 1
# fail 0
# cancelled 0
# skipped 0
# todo 0
# duration_ms 92.68742
[node-tests] ok: tests/tooling/kernel-negative-results.test.js
TAP version 13
# lean-execution-contract.test: ok
# Subtest: test module initialization completed
ok 1 - test module initialization completed
  ---
  duration_ms: 0.970878
  type: 'test'
  ...
1..1
# tests 1
# suites 0
# pass 1
# fail 0
# cancelled 0
# skipped 0
# todo 0
# duration_ms 116.929694
[node-tests] ok: tests/tooling/lean-execution-contract.test.js
TAP version 13
# litert-package-runtime.test: ok
# Subtest: test module initialization completed
ok 1 - test module initialization completed
  ---
  duration_ms: 1.02996
  type: 'test'
  ...
1..1
# tests 1
# suites 0
# pass 1
# fail 0
# cancelled 0
# skipped 0
# todo 0
# duration_ms 278.986422
[node-tests] ok: tests/tooling/litert-package-runtime.test.js
TAP version 13
# materialize-source-manifest.test: ok
# Subtest: test module initialization completed
ok 1 - test module initialization completed
  ---
  duration_ms: 1.020382
  type: 'test'
  ...
1..1
# tests 1
# suites 0
# pass 1
# fail 0
# cancelled 0
# skipped 0
# todo 0
# duration_ms 185.451395
[node-tests] ok: tests/tooling/materialize-source-manifest.test.js
TAP version 13
# model-family-intake.test: ok (maintainer engineering scope; not support or publication)
# Subtest: test module initialization completed
ok 1 - test module initialization completed
  ---
  duration_ms: 1.467914
  type: 'test'
  ...
1..1
# tests 1
# suites 0
# pass 1
# fail 0
# cancelled 0
# skipped 0
# todo 0
# duration_ms 137.091904
[node-tests] ok: tests/tooling/model-family-intake.test.js
TAP version 13
# model-onboarding-execution.test: passed (synthetic stage ports)
# Subtest: test module initialization completed
ok 1 - test module initialization completed
  ---
  duration_ms: 0.978984
  type: 'test'
  ...
1..1
# tests 1
# suites 0
# pass 1
# fail 0
# cancelled 0
# skipped 0
# todo 0
# duration_ms 147.819803
[node-tests] ok: tests/tooling/model-onboarding-execution.test.js
TAP version 13
# model-onboarding.test: ok (source metadata to candidate; no physical qualification)
# Subtest: test module initialization completed
ok 1 - test module initialization completed
  ---
  duration_ms: 1.192155
  type: 'test'
  ...
1..1
# tests 1
# suites 0
# pass 1
# fail 0
# cancelled 0
# skipped 0
# todo 0
# duration_ms 901.062726
[node-tests] ok: tests/tooling/model-onboarding.test.js
TAP version 13
# model-revision-discovery.test: ok (source discovery and assessment, no physical qualification)
# Subtest: test module initialization completed
ok 1 - test module initialization completed
  ---
  duration_ms: 1.099059
  type: 'test'
  ...
1..1
# tests 1
# suites 0
# pass 1
# fail 0
# cancelled 0
# skipped 0
# todo 0
# duration_ms 235.575929
[node-tests] ok: tests/tooling/model-revision-discovery.test.js
TAP version 13
# Subtest: test module initialization completed
ok 1 - test module initialization completed
  ---
  duration_ms: 0.757456
  type: 'test'
  ...
# Subtest: test module initialization completed
ok 2 - test module initialization completed
  ---
  duration_ms: 0.800888
  type: 'test'
  ...
1..2
# tests 2
# suites 0
# pass 2
# fail 0
# cancelled 0
# skipped 0
# todo 0
# duration_ms 208.023744
[node-tests] ok: tests/tooling/node-convert-worker-pool.test.js
TAP version 13
# [298.5ms][NodeSourceRuntime] Source runtime ready: node-source-runtime-test (safetensors, 3 tensors)
# [304.7ms][NodeSourceRuntime] Source runtime ready: node-source-runtime-test-tflite (tflite, 2 tensors)
# node:internal/test_runner/harness:99
#       throw err;
#       ^
# Error: UNKNOWN: unknown error, write
#     at Object.writeSync (node:fs:916:3)
#     at writeFileSync (node:fs:2450:26)
#     at file:///home/x/deco/worktrees/doppler-runtime-contract-coherence/tests/tooling/node-source-runtime.test.js:234:3 {
#   errno: -122,
#   syscall: 'write',
#   code: 'UNKNOWN'
# }
# Node.js v22.22.1
# Subtest: /home/x/deco/worktrees/doppler-runtime-contract-coherence/tests/tooling/node-source-runtime.test.js
not ok 1 - /home/x/deco/worktrees/doppler-runtime-contract-coherence/tests/tooling/node-source-runtime.test.js
  ---
  duration_ms: 341.054251
  type: 'test'
  location: '/home/x/deco/worktrees/doppler-runtime-contract-coherence/tests/tooling/node-source-runtime.test.js:1:1'
  failureType: 'testCodeFailure'
  exitCode: 7
  signal: ~
  error: 'test failed'
  code: 'ERR_TEST_FAILURE'
  ...
1..1
# tests 1
# suites 0
# pass 0
# fail 1
# cancelled 0
# skipped 0
# todo 0
# duration_ms 346.991379
[node-tests] fail: tests/tooling/node-source-runtime.test.js
TAP version 13
# [node-tests] script: check
# [node-tests] script: first
# [node-tests] script: second
# [node-tests] script: second
# [node-tests] script: first
# [node-tests] script: complex
# [node-tests] script: hooked
# [node-tests] script: first
# [node-tests] script: cycle
# [node-tests] script: failed
# [node-tests] script: mutate
# [node-tests] script: second
# [node-tests] script: second
# [node-tests] script: directory
# [node-tests] script: environment
# [node-tests] script: assignment
# node-test-discovery.test: ok
# Subtest: test module initialization completed
ok 1 - test module initialization completed
  ---
  duration_ms: 1.221359
  type: 'test'
  ...
1..1
# tests 1
# suites 0
# pass 1
# fail 0
# cancelled 0
# skipped 0
# todo 0
# duration_ms 3227.237797
[node-tests] ok: tests/tooling/node-test-discovery.test.js
TAP version 13
# node-test-runners-contract.test: ok
# Subtest: test module initialization completed
ok 1 - test module initialization completed
  ---
  duration_ms: 1.138704
  type: 'test'
  ...
1..1
# tests 1
# suites 0
# pass 1
# fail 0
# cancelled 0
# skipped 0
# todo 0
# duration_ms 505.108948
[node-tests] ok: tests/tooling/node-test-runners-contract.test.js
TAP version 13
# packed-package-options.test: ok
# Subtest: test module initialization completed
ok 1 - test module initialization completed
  ---
  duration_ms: 0.847906
  type: 'test'
  ...
1..1
# tests 1
# suites 0
# pass 1
# fail 0
# cancelled 0
# skipped 0
# todo 0
# duration_ms 106.94318
[node-tests] ok: tests/tooling/packed-package-options.test.js
TAP version 13
# Subtest: test module initialization completed
ok 1 - test module initialization completed
  ---
  duration_ms: 0.968143
  type: 'test'
  ...
1..1
# tests 1
# suites 0
# pass 1
# fail 0
# cancelled 0
# skipped 0
# todo 0
# duration_ms 140.959816
[node-tests] ok: tests/tooling/precision-replay-math.test.js
TAP version 13
# product-integration-evidence.test: ok
# Subtest: test module initialization completed
ok 1 - test module initialization completed
  ---
  duration_ms: 1.109249
  type: 'test'
  ...
1..1
# tests 1
# suites 0
# pass 1
# fail 0
# cancelled 0
# skipped 0
# todo 0
# duration_ms 111.030466
[node-tests] ok: tests/tooling/product-integration-evidence.test.js
TAP version 13
# product-readiness-report.test: ok
# Subtest: test module initialization completed
ok 1 - test module initialization completed
  ---
  duration_ms: 1.028617
  type: 'test'
  ...
1..1
# tests 1
# suites 0
# pass 1
# fail 0
# cancelled 0
# skipped 0
# todo 0
# duration_ms 216.351992
[node-tests] ok: tests/tooling/product-readiness-report.test.js
TAP version 13
# production-release.test: ok
# Subtest: test module initialization completed
ok 1 - test module initialization completed
  ---
  duration_ms: 1.260804
  type: 'test'
  ...
1..1
# tests 1
# suites 0
# pass 1
# fail 0
# cancelled 0
# skipped 0
# todo 0
# duration_ms 316.882208
[node-tests] ok: tests/tooling/production-release.test.js
TAP version 13
# program-bundle-exporter.test: ok
# Subtest: test module initialization completed
ok 1 - test module initialization completed
  ---
  duration_ms: 1.080154
  type: 'test'
  ...
1..1
# tests 1
# suites 0
# pass 1
# fail 0
# cancelled 0
# skipped 0
# todo 0
# duration_ms 190.175858
[node-tests] ok: tests/tooling/program-bundle-exporter.test.js
TAP version 13
# program-bundle-parity.test: ok
# Subtest: test module initialization completed
ok 1 - test module initialization completed
  ---
  duration_ms: 1.01954
  type: 'test'
  ...
1..1
# tests 1
# suites 0
# pass 1
# fail 0
# cancelled 0
# skipped 0
# todo 0
# duration_ms 310.42478
[node-tests] ok: tests/tooling/program-bundle-parity.test.js
TAP version 13
# program-bundle-reference-preflight.test: ok
# Subtest: test module initialization completed
ok 1 - test module initialization completed
  ---
  duration_ms: 1.005433
  type: 'test'
  ...
1..1
# tests 1
# suites 0
# pass 1
# fail 0
# cancelled 0
# skipped 0
# todo 0
# duration_ms 300.356664
[node-tests] ok: tests/tooling/program-bundle-reference-preflight.test.js
TAP version 13
# q4k-projection-reference.test: ok
# Subtest: test module initialization completed
ok 1 - test module initialization completed
  ---
  duration_ms: 1.044717
  type: 'test'
  ...
1..1
# tests 1
# suites 0
# pass 1
# fail 0
# cancelled 0
# skipped 0
# todo 0
# duration_ms 127.007336
[node-tests] ok: tests/tooling/q4k-projection-reference.test.js
TAP version 13
# ✔ qualify-capsule-v0-node.test.js passed
# Subtest: test module initialization completed
ok 1 - test module initialization completed
  ---
  duration_ms: 1.007737
  type: 'test'
  ...
1..1
# tests 1
# suites 0
# pass 1
# fail 0
# cancelled 0
# skipped 0
# todo 0
# duration_ms 270.485172
[node-tests] ok: tests/tooling/qualify-capsule-v0-node.test.js
TAP version 13
# qualify-sequence-capsule.test: ok
# Subtest: test module initialization completed
ok 1 - test module initialization completed
  ---
  duration_ms: 1.658373
  type: 'test'
  ...
1..1
# tests 1
# suites 0
# pass 1
# fail 0
# cancelled 0
# skipped 0
# todo 0
# duration_ms 334.202537
[node-tests] ok: tests/tooling/qualify-sequence-capsule.test.js
TAP version 13
# quickstart-registry-sync-contract.test: ok
# Subtest: test module initialization completed
ok 1 - test module initialization completed
  ---
  duration_ms: 1.184039
  type: 'test'
  ...
1..1
# tests 1
# suites 0
# pass 1
# fail 0
# cancelled 0
# skipped 0
# todo 0
# duration_ms 96.428002
[node-tests] ok: tests/tooling/quickstart-registry-sync-contract.test.js
TAP version 13
# rdrr-integrity-refresh.test: ok
# Subtest: test module initialization completed
ok 1 - test module initialization completed
  ---
  duration_ms: 1.082939
  type: 'test'
  ...
1..1
# tests 1
# suites 0
# pass 1
# fail 0
# cancelled 0
# skipped 0
# todo 0
# duration_ms 295.294622
[node-tests] ok: tests/tooling/rdrr-integrity-refresh.test.js
TAP version 13
# record-bun-product-qualification.test: ok
# Subtest: test module initialization completed
ok 1 - test module initialization completed
  ---
  duration_ms: 1.025641
  type: 'test'
  ...
1..1
# tests 1
# suites 0
# pass 1
# fail 0
# cancelled 0
# skipped 0
# todo 0
# duration_ms 130.28164
[node-tests] ok: tests/tooling/record-bun-product-qualification.test.js
TAP version 13
# record-product-integration-evaluation.test: ok
# Subtest: test module initialization completed
ok 1 - test module initialization completed
  ---
  duration_ms: 1.063392
  type: 'test'
  ...
1..1
# tests 1
# suites 0
# pass 1
# fail 0
# cancelled 0
# skipped 0
# todo 0
# duration_ms 148.649503
[node-tests] ok: tests/tooling/record-product-integration-evaluation.test.js
TAP version 13
# record-provider-conformance.test: ok
# Subtest: test module initialization completed
ok 1 - test module initialization completed
  ---
  duration_ms: 1.055307
  type: 'test'
  ...
1..1
# tests 1
# suites 0
# pass 1
# fail 0
# cancelled 0
# skipped 0
# todo 0
# duration_ms 136.521328
[node-tests] ok: tests/tooling/record-provider-conformance.test.js
TAP version 13
# record-runtime-ownership-evaluation.test: ok
# Subtest: test module initialization completed
ok 1 - test module initialization completed
  ---
  duration_ms: 1.226148
  type: 'test'
  ...
1..1
# tests 1
# suites 0
# pass 1
# fail 0
# cancelled 0
# skipped 0
# todo 0
# duration_ms 154.130472
[node-tests] ok: tests/tooling/record-runtime-ownership-evaluation.test.js
TAP version 13
# record-runtime-promotion-monitoring.test: ok
# Subtest: test module initialization completed
ok 1 - test module initialization completed
  ---
  duration_ms: 1.117585
  type: 'test'
  ...
1..1
# tests 1
# suites 0
# pass 1
# fail 0
# cancelled 0
# skipped 0
# todo 0
# duration_ms 145.771754
[node-tests] ok: tests/tooling/record-runtime-promotion-monitoring.test.js
TAP version 13
# record-signed-revocation-authority-evaluation.test: ok
# Subtest: test module initialization completed
ok 1 - test module initialization completed
  ---
  duration_ms: 1.145537
  type: 'test'
  ...
1..1
# tests 1
# suites 0
# pass 1
# fail 0
# cancelled 0
# skipped 0
# todo 0
# duration_ms 156.207282
[node-tests] ok: tests/tooling/record-signed-revocation-authority-evaluation.test.js
TAP version 13
# registered-variant-calibration-job.test: ok
# Subtest: test module initialization completed
ok 1 - test module initialization completed
  ---
  duration_ms: 1.136119
  type: 'test'
  ...
1..1
# tests 1
# suites 0
# pass 1
# fail 0
# cancelled 0
# skipped 0
# todo 0
# duration_ms 269.122475
[node-tests] ok: tests/tooling/registered-variant-calibration-job.test.js
TAP version 13
# registered-variant-calibration.test: ok
# Subtest: test module initialization completed
ok 1 - test module initialization completed
  ---
  duration_ms: 0.882181
  type: 'test'
  ...
1..1
# tests 1
# suites 0
# pass 1
# fail 0
# cancelled 0
# skipped 0
# todo 0
# duration_ms 103.973248
[node-tests] ok: tests/tooling/registered-variant-calibration.test.js
TAP version 13
# registry-verify-workload.test: ok
# Subtest: test module initialization completed
ok 1 - test module initialization completed
  ---
  duration_ms: 0.873044
  type: 'test'
  ...
1..1
# tests 1
# suites 0
# pass 1
# fail 0
# cancelled 0
# skipped 0
# todo 0
# duration_ms 91.465177
[node-tests] ok: tests/tooling/registry-verify-workload.test.js
TAP version 13
# release-claim-policy.test: ok
# Subtest: test module initialization completed
ok 1 - test module initialization completed
  ---
  duration_ms: 1.070586
  type: 'test'
  ...
1..1
# tests 1
# suites 0
# pass 1
# fail 0
# cancelled 0
# skipped 0
# todo 0
# duration_ms 110.683201
[node-tests] ok: tests/tooling/release-claim-policy.test.js
TAP version 13
# rerank-program-bundle.test: ok (synthetic source qualification and closed artifacts)
# Subtest: test module initialization completed
ok 1 - test module initialization completed
  ---
  duration_ms: 1.211902
  type: 'test'
  ...
1..1
# tests 1
# suites 0
# pass 1
# fail 0
# cancelled 0
# skipped 0
# todo 0
# duration_ms 178.191232
[node-tests] ok: tests/tooling/rerank-program-bundle.test.js
TAP version 13
# reranker-evaluation-preflight.test: ok (no hardware launched)
# Subtest: test module initialization completed
ok 1 - test module initialization completed
  ---
  duration_ms: 0.983521
  type: 'test'
  ...
1..1
# tests 1
# suites 0
# pass 1
# fail 0
# cancelled 0
# skipped 0
# todo 0
# duration_ms 593.919371
[node-tests] ok: tests/tooling/reranker-evaluation-preflight.test.js
TAP version 13
# reranker-kernel-closure.test: passed (source closure, not hardware evidence)
# Subtest: test module initialization completed
ok 1 - test module initialization completed
  ---
  duration_ms: 1.126271
  type: 'test'
  ...
1..1
# tests 1
# suites 0
# pass 1
# fail 0
# cancelled 0
# skipped 0
# todo 0
# duration_ms 188.938888
[node-tests] ok: tests/tooling/reranker-kernel-closure.test.js
TAP version 13
# reranker lifecycle observation preserves submissions, records ignored aborts and restores hooks on failure
# Subtest: test module initialization completed
ok 1 - test module initialization completed
  ---
  duration_ms: 0.957743
  type: 'test'
  ...
1..1
# tests 1
# suites 0
# pass 1
# fail 0
# cancelled 0
# skipped 0
# todo 0
# duration_ms 93.122458
[node-tests] ok: tests/tooling/reranker-lifecycle-observation.test.js
TAP version 13
# reranker-observed-fairness.test: ok (synthetic scope rejection, not performance evidence)
# Subtest: test module initialization completed
ok 1 - test module initialization completed
  ---
  duration_ms: 0.847436
  type: 'test'
  ...
1..1
# tests 1
# suites 0
# pass 1
# fail 0
# cancelled 0
# skipped 0
# todo 0
# duration_ms 97.604466
[node-tests] ok: tests/tooling/reranker-observed-fairness.test.js
TAP version 13
# reranker-reference-pair-audit.test: ok (synthetic rejection, not hardware evidence)
# Subtest: test module initialization completed
ok 1 - test module initialization completed
  ---
  duration_ms: 1.181285
  type: 'test'
  ...
1..1
# tests 1
# suites 0
# pass 1
# fail 0
# cancelled 0
# skipped 0
# todo 0
# duration_ms 152.703034
[node-tests] ok: tests/tooling/reranker-reference-pair-audit.test.js
TAP version 13
# reranker-reference-schedule.test: ok
# Subtest: test module initialization completed
ok 1 - test module initialization completed
  ---
  duration_ms: 0.960689
  type: 'test'
  ...
1..1
# tests 1
# suites 0
# pass 1
# fail 0
# cancelled 0
# skipped 0
# todo 0
# duration_ms 101.2183
[node-tests] ok: tests/tooling/reranker-reference-schedule.test.js
TAP version 13
# restore-capsule-baseline.test: passed (input integrity and immutable failure custody)
# Subtest: test module initialization completed
ok 1 - test module initialization completed
  ---
  duration_ms: 1.18426
  type: 'test'
  ...
1..1
# tests 1
# suites 0
# pass 1
# fail 0
# cancelled 0
# skipped 0
# todo 0
# duration_ms 645.77455
[node-tests] ok: tests/tooling/restore-capsule-baseline.test.js
TAP version 13
# retained-release-checkpoint.test: ok
# Subtest: test module initialization completed
ok 1 - test module initialization completed
  ---
  duration_ms: 1.019539
  type: 'test'
  ...
1..1
# tests 1
# suites 0
# pass 1
# fail 0
# cancelled 0
# skipped 0
# todo 0
# duration_ms 98.190068
[node-tests] ok: tests/tooling/retained-release-checkpoint.test.js
TAP version 13
# run-node-tests-isolation.test: ok
# Subtest: test module initialization completed
ok 1 - test module initialization completed
  ---
  duration_ms: 1.138404
  type: 'test'
  ...
1..1
# tests 1
# suites 0
# pass 1
# fail 0
# cancelled 0
# skipped 0
# todo 0
# duration_ms 691.326934
[node-tests] ok: tests/tooling/run-node-tests-isolation.test.js
TAP version 13
# runtime-optimization-index.test: ok
# Subtest: test module initialization completed
ok 1 - test module initialization completed
  ---
  duration_ms: 0.993361
  type: 'test'
  ...
1..1
# tests 1
# suites 0
# pass 1
# fail 0
# cancelled 0
# skipped 0
# todo 0
# duration_ms 102.114608
[node-tests] ok: tests/tooling/runtime-optimization-index.test.js
TAP version 13
# runtime-optimization.test: ok
# Subtest: test module initialization completed
ok 1 - test module initialization completed
  ---
  duration_ms: 1.094411
  type: 'test'
  ...
1..1
# tests 1
# suites 0
# pass 1
# fail 0
# cancelled 0
# skipped 0
# todo 0
# duration_ms 295.724669
[node-tests] ok: tests/tooling/runtime-optimization.test.js
TAP version 13
# runtime-ownership-execution-evidence.test: ok
# Subtest: test module initialization completed
ok 1 - test module initialization completed
  ---
  duration_ms: 1.276043
  type: 'test'
  ...
1..1
# tests 1
# suites 0
# pass 1
# fail 0
# cancelled 0
# skipped 0
# todo 0
# duration_ms 102.530079
[node-tests] ok: tests/tooling/runtime-ownership-execution-evidence.test.js
TAP version 13
# runtime-promotion-monitoring.test: ok
# Subtest: test module initialization completed
ok 1 - test module initialization completed
  ---
  duration_ms: 1.054405
  type: 'test'
  ...
1..1
# tests 1
# suites 0
# pass 1
# fail 0
# cancelled 0
# skipped 0
# todo 0
# duration_ms 122.412203
[node-tests] ok: tests/tooling/runtime-promotion-monitoring.test.js
TAP version 13
# sequence-full-reference-coverage.test: ok (coverage contract, not inference evidence)
# Subtest: test module initialization completed
ok 1 - test module initialization completed
  ---
  duration_ms: 1.0254
  type: 'test'
  ...
1..1
# tests 1
# suites 0
# pass 1
# fail 0
# cancelled 0
# skipped 0
# todo 0
# duration_ms 112.774718
[node-tests] ok: tests/tooling/sequence-full-reference-coverage.test.js
TAP version 13
# sequence-model-qualification.test: ok
# Subtest: test module initialization completed
ok 1 - test module initialization completed
  ---
  duration_ms: 1.036281
  type: 'test'
  ...
1..1
# tests 1
# suites 0
# pass 1
# fail 0
# cancelled 0
# skipped 0
# todo 0
# duration_ms 270.712376
[node-tests] ok: tests/tooling/sequence-model-qualification.test.js
TAP version 13
# sequence-reference-transcript.test: ok
# Subtest: test module initialization completed
ok 1 - test module initialization completed
  ---
  duration_ms: 1.718986
  type: 'test'
  ...
1..1
# tests 1
# suites 0
# pass 1
# fail 0
# cancelled 0
# skipped 0
# todo 0
# duration_ms 94.268304
[node-tests] ok: tests/tooling/sequence-reference-transcript.test.js
TAP version 13
# node:internal/test_runner/harness:99
#       throw err;
#       ^
# AssertionError [ERR_ASSERTION]: Expected values to be strictly deep-equal:
# + actual - expected
# + [
# +   {
# +     guarded: false,
# +     path: 'src/gpu/kernels/pipeline-cache.js'
# +   }
# + ]
# - []
#     at file:///home/x/deco/worktrees/doppler-runtime-contract-coherence/tests/tooling/shader-cache-scopes.test.js:12:8 {
#   generatedMessage: true,
#   code: 'ERR_ASSERTION',
#   actual: [ { path: 'src/gpu/kernels/pipeline-cache.js', guarded: false } ],
#   expected: [],
#   operator: 'deepStrictEqual',
#   diff: 'simple'
# }
# Node.js v22.22.1
# Subtest: /home/x/deco/worktrees/doppler-runtime-contract-coherence/tests/tooling/shader-cache-scopes.test.js
not ok 1 - /home/x/deco/worktrees/doppler-runtime-contract-coherence/tests/tooling/shader-cache-scopes.test.js
  ---
  duration_ms: 925.182515
  type: 'test'
  location: '/home/x/deco/worktrees/doppler-runtime-contract-coherence/tests/tooling/shader-cache-scopes.test.js:1:1'
  failureType: 'testCodeFailure'
  exitCode: 7
  signal: ~
  error: 'test failed'
  code: 'ERR_TEST_FAILURE'
  ...
1..1
# tests 1
# suites 0
# pass 0
# fail 1
# cancelled 0
# skipped 0
# todo 0
# duration_ms 931.18718
[node-tests] fail: tests/tooling/shader-cache-scopes.test.js
TAP version 13
# source-architecture-debt.test: ok
# Subtest: test module initialization completed
ok 1 - test module initialization completed
  ---
  duration_ms: 0.881891
  type: 'test'
  ...
1..1
# tests 1
# suites 0
# pass 1
# fail 0
# cancelled 0
# skipped 0
# todo 0
# duration_ms 96.498553
[node-tests] ok: tests/tooling/source-architecture-debt.test.js
TAP version 13
# source-artifact-adapter.test: ok
# Subtest: test module initialization completed
ok 1 - test module initialization completed
  ---
  duration_ms: 1.0622
  type: 'test'
  ...
1..1
# tests 1
# suites 0
# pass 1
# fail 0
# cancelled 0
# skipped 0
# todo 0
# duration_ms 158.11931
[node-tests] ok: tests/tooling/source-artifact-adapter.test.js
TAP version 13
# source-boundary-comparison.test: ok
# Subtest: retained Glimmer boundary captures reproduce the historical rejected comparison
ok 1 - retained Glimmer boundary captures reproduce the historical rejected comparison # SKIP Local boundary capture unavailable: reports/model-ir-v2/glimmer-30b.node-candidate-11-tsir/generation_step_7
  ---
  duration_ms: 0.830704
  type: 'test'
  ...
# Subtest: boundary receipt checks bytes, numerical tolerance, parity and path custody
ok 2 - boundary receipt checks bytes, numerical tolerance, parity and path custody
  ---
  duration_ms: 9.500237
  type: 'test'
  ...
# Subtest: test module initialization completed
ok 3 - test module initialization completed
  ---
  duration_ms: 0.149
  type: 'test'
  ...
1..3
# tests 3
# suites 0
# pass 2
# fail 0
# cancelled 0
# skipped 1
# todo 0
# duration_ms 104.780306
[node-tests] ok: tests/tooling/source-boundary-comparison.test.js
TAP version 13
# source-intake.test: ok
# Subtest: test module initialization completed
ok 1 - test module initialization completed
  ---
  duration_ms: 1.169933
  type: 'test'
  ...
1..1
# tests 1
# suites 0
# pass 1
# fail 0
# cancelled 0
# skipped 0
# todo 0
# duration_ms 432.275099
[node-tests] ok: tests/tooling/source-intake.test.js
TAP version 13
# source-runtime-bundle.test: ok
# Subtest: test module initialization completed
ok 1 - test module initialization completed
  ---
  duration_ms: 1.109449
  type: 'test'
  ...
1..1
# tests 1
# suites 0
# pass 1
# fail 0
# cancelled 0
# skipped 0
# todo 0
# duration_ms 160.115238
[node-tests] ok: tests/tooling/source-runtime-bundle.test.js
TAP version 13
# source-runtime-converter-config.test: ok
# Subtest: test module initialization completed
ok 1 - test module initialization completed
  ---
  duration_ms: 1.028226
  type: 'test'
  ...
1..1
# tests 1
# suites 0
# pass 1
# fail 0
# cancelled 0
# skipped 0
# todo 0
# duration_ms 124.228853
[node-tests] ok: tests/tooling/source-runtime-converter-config.test.js
TAP version 13
# source-truth-input-files.test: ok (synthetic source intake, no qualification)
# Subtest: test module initialization completed
ok 1 - test module initialization completed
  ---
  duration_ms: 1.132452
  type: 'test'
  ...
1..1
# tests 1
# suites 0
# pass 1
# fail 0
# cancelled 0
# skipped 0
# todo 0
# duration_ms 596.474225
[node-tests] ok: tests/tooling/source-truth-input-files.test.js
TAP version 13
# supported-manifest-kernels-cli.test: ok
# Subtest: test module initialization completed
ok 1 - test module initialization completed
  ---
  duration_ms: 1.213125
  type: 'test'
  ...
1..1
# tests 1
# suites 0
# pass 1
# fail 0
# cancelled 0
# skipped 0
# todo 0
# duration_ms 295.305938
[node-tests] ok: tests/tooling/supported-manifest-kernels-cli.test.js
TAP version 13
# tools-cli-contract.test: ok
# Subtest: test module initialization completed
ok 1 - test module initialization completed
  ---
  duration_ms: 1.080805
  type: 'test'
  ...
1..1
# tests 1
# suites 0
# pass 1
# fail 0
# cancelled 0
# skipped 0
# todo 0
# duration_ms 1286.715296
[node-tests] ok: tests/tooling/tools-cli-contract.test.js
TAP version 13
# trainer-artifact-handoff.test: ok
# Subtest: test module initialization completed
ok 1 - test module initialization completed
  ---
  duration_ms: 1.084853
  type: 'test'
  ...
1..1
# tests 1
# suites 0
# pass 1
# fail 0
# cancelled 0
# skipped 0
# todo 0
# duration_ms 197.114127
[node-tests] ok: tests/tooling/trainer-artifact-handoff.test.js
TAP version 13
# training-bench-wrapper-contract.test: ok
# Subtest: test module initialization completed
ok 1 - test module initialization completed
  ---
  duration_ms: 1.181154
  type: 'test'
  ...
1..1
# tests 1
# suites 0
# pass 1
# fail 0
# cancelled 0
# skipped 0
# todo 0
# duration_ms 201.589833
[node-tests] ok: tests/tooling/training-bench-wrapper-contract.test.js
TAP version 13
# translation-artifact-competition.test: ok
# Subtest: test module initialization completed
ok 1 - test module initialization completed
  ---
  duration_ms: 0.954277
  type: 'test'
  ...
1..1
# tests 1
# suites 0
# pass 1
# fail 0
# cancelled 0
# skipped 0
# todo 0
# duration_ms 129.590467
[node-tests] ok: tests/tooling/translation-artifact-competition.test.js
TAP version 13
# verify-agent-freshness.test: ok
# Subtest: test module initialization completed
ok 1 - test module initialization completed
  ---
  duration_ms: 1.151528
  type: 'test'
  ...
1..1
# tests 1
# suites 0
# pass 1
# fail 0
# cancelled 0
# skipped 0
# todo 0
# duration_ms 114.306881
[node-tests] ok: tests/tooling/verify-agent-freshness.test.js
TAP version 13
# verify-agent-parity-contract.test: ok
# Subtest: test module initialization completed
ok 1 - test module initialization completed
  ---
  duration_ms: 1.123214
  type: 'test'
  ...
1..1
# tests 1
# suites 0
# pass 1
# fail 0
# cancelled 0
# skipped 0
# todo 0
# duration_ms 102.51484
[node-tests] ok: tests/tooling/verify-agent-parity-contract.test.js
TAP version 13
# wgsl-author-browser-executor.test: ok
# Subtest: test module initialization completed
ok 1 - test module initialization completed
  ---
  duration_ms: 1.325255
  type: 'test'
  ...
1..1
# tests 1
# suites 0
# pass 1
# fail 0
# cancelled 0
# skipped 0
# todo 0
# duration_ms 116.420881
[node-tests] ok: tests/tooling/wgsl-author-browser-executor.test.js
TAP version 13
# wgsl-author-execution-plan.test: ok
# Subtest: test module initialization completed
ok 1 - test module initialization completed
  ---
  duration_ms: 1.037924
  type: 'test'
  ...
1..1
# tests 1
# suites 0
# pass 1
# fail 0
# cancelled 0
# skipped 0
# todo 0
# duration_ms 113.483622
[node-tests] ok: tests/tooling/wgsl-author-execution-plan.test.js
TAP version 13
# wgsl-author-package.test: ok
# Subtest: test module initialization completed
ok 1 - test module initialization completed
  ---
  duration_ms: 0.938988
  type: 'test'
  ...
1..1
# tests 1
# suites 0
# pass 1
# fail 0
# cancelled 0
# skipped 0
# todo 0
# duration_ms 114.503902
[node-tests] ok: tests/tooling/wgsl-author-package.test.js
TAP version 13
# wgsl-author-reference.test: ok
# Subtest: test module initialization completed
ok 1 - test module initialization completed
  ---
  duration_ms: 1.110982
  type: 'test'
  ...
1..1
# tests 1
# suites 0
# pass 1
# fail 0
# cancelled 0
# skipped 0
# todo 0
# duration_ms 127.634214
[node-tests] ok: tests/tooling/wgsl-author-reference.test.js
TAP version 13
# wgsl-repair-adapter-parity.test: ok
# Subtest: test module initialization completed
ok 1 - test module initialization completed
  ---
  duration_ms: 1.182998
  type: 'test'
  ...
1..1
# tests 1
# suites 0
# pass 1
# fail 0
# cancelled 0
# skipped 0
# todo 0
# duration_ms 100.864302
[node-tests] ok: tests/tooling/wgsl-repair-adapter-parity.test.js
TAP version 13
# wgsl-repair-semantic-gate.test: ok
# Subtest: test module initialization completed
ok 1 - test module initialization completed
  ---
  duration_ms: 1.013498
  type: 'test'
  ...
1..1
# tests 1
# suites 0
# pass 1
# fail 0
# cancelled 0
# skipped 0
# todo 0
# duration_ms 110.449859
[node-tests] ok: tests/tooling/wgsl-repair-semantic-gate.test.js
TAP version 13
# wgsl-v12-adapter-preservation.test: ok
# Subtest: test module initialization completed
ok 1 - test module initialization completed
  ---
  duration_ms: 1.170844
  type: 'test'
  ...
1..1
# tests 1
# suites 0
# pass 1
# fail 0
# cancelled 0
# skipped 0
# todo 0
# duration_ms 120.566567
[node-tests] ok: tests/tooling/wgsl-v12-adapter-preservation.test.js
TAP version 13
# wgsl-writer-semantic-harness.test: ok
# Subtest: test module initialization completed
ok 1 - test module initialization completed
  ---
  duration_ms: 1.064013
  type: 'test'
  ...
1..1
# tests 1
# suites 0
# pass 1
# fail 0
# cancelled 0
# skipped 0
# todo 0
# duration_ms 134.853204
[node-tests] ok: tests/tooling/wgsl-writer-semantic-harness.test.js
TAP version 13
# workflow-surface-contract.test: ok
# Subtest: test module initialization completed
ok 1 - test module initialization completed
  ---
  duration_ms: 0.915334
  type: 'test'
  ...
1..1
# tests 1
# suites 0
# pass 1
# fail 0
# cancelled 0
# skipped 0
# todo 0
# duration_ms 97.585078
[node-tests] ok: tests/tooling/workflow-surface-contract.test.js
TAP version 13
# agent-heldout-eval.test: ok
# Subtest: test module initialization completed
ok 1 - test module initialization completed
  ---
  duration_ms: 1.281092
  type: 'test'
  ...
1..1
# tests 1
# suites 0
# pass 1
# fail 0
# cancelled 0
# skipped 0
# todo 0
# duration_ms 208.367373
[node-tests] ok: tests/training/agent-heldout-eval.test.js
TAP version 13
# attention-backward-gqa.test: ok
# Subtest: test module initialization completed
ok 1 - test module initialization completed
  ---
  duration_ms: 1.011534
  type: 'test'
  ...
1..1
# tests 1
# suites 0
# pass 1
# fail 0
# cancelled 0
# skipped 0
# todo 0
# duration_ms 120.944728
[node-tests] ok: tests/training/attention-backward-gqa.test.js
TAP version 13
# Subtest: test module initialization completed
ok 1 - test module initialization completed
  ---
  duration_ms: 0.991587
  type: 'test'
  ...
1..1
# tests 1
# suites 0
# pass 1
# fail 0
# cancelled 0
# skipped 0
# todo 0
# duration_ms 174.040384
[node-tests] ok: tests/training/cross-entropy-autograd.test.js
TAP version 13
# distill-sft-lora-bridge.test: ok
# Subtest: test module initialization completed
ok 1 - test module initialization completed
  ---
  duration_ms: 1.108778
  type: 'test'
  ...
1..1
# tests 1
# suites 0
# pass 1
# fail 0
# cancelled 0
# skipped 0
# todo 0
# duration_ms 321.219284
[node-tests] ok: tests/training/distill-sft-lora-bridge.test.js
TAP version 13
# distill-suite-data.test: ok
# Subtest: test module initialization completed
ok 1 - test module initialization completed
  ---
  duration_ms: 1.128364
  type: 'test'
  ...
1..1
# tests 1
# suites 0
# pass 1
# fail 0
# cancelled 0
# skipped 0
# todo 0
# duration_ms 282.955112
[node-tests] ok: tests/training/distill-suite-data.test.js
TAP version 13
# gamma-wgsl-trainer-bridge.test: ok
# Subtest: test module initialization completed
ok 1 - test module initialization completed
  ---
  duration_ms: 1.085854
  type: 'test'
  ...
1..1
# tests 1
# suites 0
# pass 1
# fail 0
# cancelled 0
# skipped 0
# todo 0
# duration_ms 116.543372
[node-tests] ok: tests/training/gamma-wgsl-trainer-bridge.test.js
TAP version 13
# gepa-frontier-dataset.test: ok
# Subtest: test module initialization completed
ok 1 - test module initialization completed
  ---
  duration_ms: 1.085053
  type: 'test'
  ...
1..1
# tests 1
# suites 0
# pass 1
# fail 0
# cancelled 0
# skipped 0
# todo 0
# duration_ms 98.608695
[node-tests] ok: tests/training/gepa-frontier-dataset.test.js
TAP version 13
# node:internal/test_runner/harness:99
#       throw err;
#       ^
# Error: Snapshot command failed: git archive --format=tar --output /tmp/doppler-host-teacher-DDpNDa/source.tar d9eb95510178eb7bbfc59af307a58793b85fb51e
# fatal: write error: Disk quota exceeded
#     at requireSuccessfulProcess (file:///home/x/deco/worktrees/doppler-runtime-contract-coherence/tools/lib/host-teacher-workspace.js:34:11)
#     at process.processTicksAndRejections (node:internal/process/task_queues:103:5)
#     at async createHostTeacherWorkspace (file:///home/x/deco/worktrees/doppler-runtime-contract-coherence/tools/lib/host-teacher-workspace.js:97:3)
#     at async file:///home/x/deco/worktrees/doppler-runtime-contract-coherence/tests/training/host-teacher-qualification.test.js:18:24
# Node.js v22.22.1
# Subtest: /home/x/deco/worktrees/doppler-runtime-contract-coherence/tests/training/host-teacher-qualification.test.js
not ok 1 - /home/x/deco/worktrees/doppler-runtime-contract-coherence/tests/training/host-teacher-qualification.test.js
  ---
  duration_ms: 228.679535
  type: 'test'
  location: '/home/x/deco/worktrees/doppler-runtime-contract-coherence/tests/training/host-teacher-qualification.test.js:1:1'
  failureType: 'testCodeFailure'
  exitCode: 7
  signal: ~
  error: 'test failed'
  code: 'ERR_TEST_FAILURE'
  ...
1..1
# tests 1
# suites 0
# pass 0
# fail 1
# cancelled 0
# skipped 0
# todo 0
# duration_ms 235.005705
[node-tests] fail: tests/training/host-teacher-qualification.test.js
TAP version 13
# lora-causal-lm-preflight.test: ok
# Subtest: test module initialization completed
ok 1 - test module initialization completed
  ---
  duration_ms: 1.054936
  type: 'test'
  ...
1..1
# tests 1
# suites 0
# pass 1
# fail 0
# cancelled 0
# skipped 0
# todo 0
# duration_ms 275.829566
[node-tests] ok: tests/training/lora-causal-lm-preflight.test.js
TAP version 13
# node:internal/test_runner/harness:99
#       throw err;
#       ^
# Error: Unknown system error -122: Unknown system error -122, write
#     at async write (node:internal/fs/promises:741:8)
#     at async writeFileHandle (node:internal/fs/promises:498:7)
#     at async file:///home/x/deco/worktrees/doppler-runtime-contract-coherence/tests/training/lora-causal-lm-provider-runner.test.js:38:1 {
#   errno: -122,
#   code: 'Unknown system error -122',
#   syscall: 'write'
# }
# Node.js v22.22.1
# Subtest: /home/x/deco/worktrees/doppler-runtime-contract-coherence/tests/training/lora-causal-lm-provider-runner.test.js
not ok 1 - /home/x/deco/worktrees/doppler-runtime-contract-coherence/tests/training/lora-causal-lm-provider-runner.test.js
  ---
  duration_ms: 276.487174
  type: 'test'
  location: '/home/x/deco/worktrees/doppler-runtime-contract-coherence/tests/training/lora-causal-lm-provider-runner.test.js:1:1'
  failureType: 'testCodeFailure'
  exitCode: 7
  signal: ~
  error: 'test failed'
  code: 'ERR_TEST_FAILURE'
  ...
1..1
# tests 1
# suites 0
# pass 0
# fail 1
# cancelled 0
# skipped 0
# todo 0
# duration_ms 282.786274
[node-tests] fail: tests/training/lora-causal-lm-provider-runner.test.js
TAP version 13
# lora-export-safetensors.test: ok
# Subtest: test module initialization completed
ok 1 - test module initialization completed
  ---
  duration_ms: 1.13143
  type: 'test'
  ...
1..1
# tests 1
# suites 0
# pass 1
# fail 0
# cancelled 0
# skipped 0
# todo 0
# duration_ms 135.049784
[node-tests] ok: tests/training/lora-export-safetensors.test.js
TAP version 13
# lora-matmul-layout-contract.test: ok
# Subtest: test module initialization completed
ok 1 - test module initialization completed
  ---
  duration_ms: 1.573562
  type: 'test'
  ...
1..1
# tests 1
# suites 0
# pass 1
# fail 0
# cancelled 0
# skipped 0
# todo 0
# duration_ms 101.260617
[node-tests] ok: tests/training/lora-matmul-layout-contract.test.js
TAP version 13
# lora-runner-compatibility.test: ok
# Subtest: test module initialization completed
ok 1 - test module initialization completed
  ---
  duration_ms: 0.987789
  type: 'test'
  ...
1..1
# tests 1
# suites 0
# pass 1
# fail 0
# cancelled 0
# skipped 0
# todo 0
# duration_ms 300.687527
[node-tests] ok: tests/training/lora-runner-compatibility.test.js
TAP version 13
# loss-clip-workloads.test: ok
# Subtest: test module initialization completed
ok 1 - test module initialization completed
  ---
  duration_ms: 0.992348
  type: 'test'
  ...
1..1
# tests 1
# suites 0
# pass 1
# fail 0
# cancelled 0
# skipped 0
# todo 0
# duration_ms 198.552232
[node-tests] ok: tests/training/loss-clip-workloads.test.js
TAP version 13
# qwen-gated-delta-reference.test: ok
# Subtest: test module initialization completed
ok 1 - test module initialization completed
  ---
  duration_ms: 0.943246
  type: 'test'
  ...
1..1
# tests 1
# suites 0
# pass 1
# fail 0
# cancelled 0
# skipped 0
# todo 0
# duration_ms 103.915015
[node-tests] ok: tests/training/qwen-gated-delta-reference.test.js
TAP version 13
# qwen-linear-attention-reference.test: ok
# Subtest: test module initialization completed
ok 1 - test module initialization completed
  ---
  duration_ms: 0.96668
  type: 'test'
  ...
1..1
# tests 1
# suites 0
# pass 1
# fail 0
# cancelled 0
# skipped 0
# todo 0
# duration_ms 113.046778
[node-tests] ok: tests/training/qwen-linear-attention-reference.test.js
TAP version 13
# runner-state-cleanup.test: ok
# Subtest: test module initialization completed
ok 1 - test module initialization completed
  ---
  duration_ms: 1.111102
  type: 'test'
  ...
1..1
# tests 1
# suites 0
# pass 1
# fail 0
# cancelled 0
# skipped 0
# todo 0
# duration_ms 183.536411
[node-tests] ok: tests/training/runner-state-cleanup.test.js
TAP version 13
# [130.6ms][KernelSelect] matmul variant=f32 reason=default
# runtime-cleanup.test: ok
# Subtest: test module initialization completed
ok 1 - test module initialization completed
  ---
  duration_ms: 1.109068
  type: 'test'
  ...
1..1
# tests 1
# suites 0
# pass 1
# fail 0
# cancelled 0
# skipped 0
# todo 0
# duration_ms 177.726583
[node-tests] ok: tests/training/runtime-cleanup.test.js
TAP version 13
# silu-gated-autograd-contract.test: ok
# Subtest: test module initialization completed
ok 1 - test module initialization completed
  ---
  duration_ms: 0.995284
  type: 'test'
  ...
1..1
# tests 1
# suites 0
# pass 1
# fail 0
# cancelled 0
# skipped 0
# todo 0
# duration_ms 158.557272
[node-tests] ok: tests/training/silu-gated-autograd-contract.test.js
TAP version 13
# node:internal/test_runner/harness:99
#       throw err;
#       ^
# AssertionError [ERR_ASSERTION]: js-holdout-optional-boolean-gate: prompt rendering failed: Snapshot command failed: git archive --format=tar --output /tmp/doppler-host-teacher-KKNIga/source.tar d9eb95510178eb7bbfc59af307a58793b85fb51e
# fatal: write error: Disk quota exceeded
# js-holdout-positive-integer-gate: prompt rendering failed: Snapshot command failed: git archive --format=tar --output /tmp/doppler-host-teacher-oJRdmM/source.tar d9eb95510178eb7bbfc59af307a58793b85fb51e
# fatal: write error: Disk quota exceeded
# wgsl-holdout-clamp-tail-guard: prompt rendering failed: Snapshot command failed: git archive --format=tar --output /tmp/doppler-host-teacher-uOPCEe/source.tar d9eb95510178eb7bbfc59af307a58793b85fb51e
# fatal: write error: Disk quota exceeded
# wgsl-holdout-softmax-row-guards: prompt rendering failed: Snapshot command failed: git archive --format=tar --output /tmp/doppler-host-teacher-P0QWy9/source.tar d9eb95510178eb7bbfc59af307a58793b85fb51e
# fatal: write error: Disk quota exceeded
# false !== true
#     at file:///home/x/deco/worktrees/doppler-runtime-contract-coherence/tests/training/student-code-experiment.test.js:23:8
#     at process.processTicksAndRejections (node:internal/process/task_queues:103:5) {
#   generatedMessage: false,
#   code: 'ERR_ASSERTION',
#   actual: false,
#   expected: true,
#   operator: 'strictEqual',
#   diff: 'simple'
# }
# Node.js v22.22.1
# Subtest: /home/x/deco/worktrees/doppler-runtime-contract-coherence/tests/training/student-code-experiment.test.js
not ok 1 - /home/x/deco/worktrees/doppler-runtime-contract-coherence/tests/training/student-code-experiment.test.js
  ---
  duration_ms: 162.3222
  type: 'test'
  location: '/home/x/deco/worktrees/doppler-runtime-contract-coherence/tests/training/student-code-experiment.test.js:1:1'
  failureType: 'testCodeFailure'
  exitCode: 7
  signal: ~
  error: 'test failed'
  code: 'ERR_TEST_FAILURE'
  ...
1..1
# tests 1
# suites 0
# pass 0
# fail 1
# cancelled 0
# skipped 0
# todo 0
# duration_ms 168.40424
[node-tests] fail: tests/training/student-code-experiment.test.js
TAP version 13
# Warning: maxDynamicUniformBuffersPerPipelineLayout artificially reduced from 500000 to 16 to fit dynamic offset allocation limit.
# Warning: maxDynamicStorageBuffersPerPipelineLayout artificially reduced from 500000 to 16 to fit dynamic offset allocation limit.
# [GPU] amd rdna-3, f16/subgroups, 4.0GB, submit probe: 0.6ms
# [286.0ms][KernelSelect] matmul variant=f32 reason=default
# suite-artifact-dir-cleanup.test: ok
# Subtest: test module initialization completed
ok 1 - test module initialization completed
  ---
  duration_ms: 1.139846
  type: 'test'
  ...
1..1
# tests 1
# suites 0
# pass 1
# fail 0
# cancelled 0
# skipped 0
# todo 0
# duration_ms 396.313685
[node-tests] ok: tests/training/suite-artifact-dir-cleanup.test.js
TAP version 13
# node:internal/test_runner/harness:99
#       throw err;
#       ^
# Error: Unknown system error -122: Unknown system error -122, write
#     at async write (node:internal/fs/promises:741:8)
#     at async writeFileHandle (node:internal/fs/promises:498:7)
#     at async writeTeacherTraceTextPairs (file:///home/x/deco/worktrees/doppler-runtime-contract-coherence/src/experimental/training/datasets/teacher-traces.js:247:3)
#     at async file:///home/x/deco/worktrees/doppler-runtime-contract-coherence/tests/training/teacher-trace-dataset.test.js:38:17 {
#   errno: -122,
#   code: 'Unknown system error -122',
#   syscall: 'write'
# }
# Node.js v22.22.1
# Subtest: /home/x/deco/worktrees/doppler-runtime-contract-coherence/tests/training/teacher-trace-dataset.test.js
not ok 1 - /home/x/deco/worktrees/doppler-runtime-contract-coherence/tests/training/teacher-trace-dataset.test.js
  ---
  duration_ms: 114.178769
  type: 'test'
  location: '/home/x/deco/worktrees/doppler-runtime-contract-coherence/tests/training/teacher-trace-dataset.test.js:1:1'
  failureType: 'testCodeFailure'
  exitCode: 7
  signal: ~
  error: 'test failed'
  code: 'ERR_TEST_FAILURE'
  ...
1..1
# tests 1
# suites 0
# pass 0
# fail 1
# cancelled 0
# skipped 0
# todo 0
# duration_ms 120.391336
[node-tests] fail: tests/training/teacher-trace-dataset.test.js
TAP version 13
# text-pairs.test: ok
# Subtest: test module initialization completed
ok 1 - test module initialization completed
  ---
  duration_ms: 1.272345
  type: 'test'
  ...
1..1
# tests 1
# suites 0
# pass 1
# fail 0
# cancelled 0
# skipped 0
# todo 0
# duration_ms 127.348504
[node-tests] ok: tests/training/text-pairs.test.js
TAP version 13
# wgsl-browser-verifier-timeout.test: ok
# Subtest: test module initialization completed
ok 1 - test module initialization completed
  ---
  duration_ms: 1.079703
  type: 'test'
  ...
1..1
# tests 1
# suites 0
# pass 1
# fail 0
# cancelled 0
# skipped 0
# todo 0
# duration_ms 116.757985
[node-tests] ok: tests/training/wgsl-browser-verifier-timeout.test.js
TAP version 13
# wgsl-experiment-signal-gates.test: ok
# Subtest: test module initialization completed
ok 1 - test module initialization completed
  ---
  duration_ms: 1.48718
  type: 'test'
  ...
1..1
# tests 1
# suites 0
# pass 1
# fail 0
# cancelled 0
# skipped 0
# todo 0
# duration_ms 310.847493
[node-tests] ok: tests/training/wgsl-experiment-signal-gates.test.js
TAP version 13
# wgsl-family-distill-export.test: ok
# Subtest: test module initialization completed
ok 1 - test module initialization completed
  ---
  duration_ms: 0.996747
  type: 'test'
  ...
1..1
# tests 1
# suites 0
# pass 1
# fail 0
# cancelled 0
# skipped 0
# todo 0
# duration_ms 121.924191
[node-tests] ok: tests/training/wgsl-family-distill-export.test.js
TAP version 13
# wgsl-length-strata.test: ok
# Subtest: test module initialization completed
ok 1 - test module initialization completed
  ---
  duration_ms: 1.118896
  type: 'test'
  ...
1..1
# tests 1
# suites 0
# pass 1
# fail 0
# cancelled 0
# skipped 0
# todo 0
# duration_ms 98.073246
[node-tests] ok: tests/training/wgsl-length-strata.test.js
TAP version 13
# wgsl-repair-contract.test: ok
# Subtest: test module initialization completed
ok 1 - test module initialization completed
  ---
  duration_ms: 1.562862
  type: 'test'
  ...
1..1
# tests 1
# suites 0
# pass 1
# fail 0
# cancelled 0
# skipped 0
# todo 0
# duration_ms 146.054292
[node-tests] ok: tests/training/wgsl-repair-contract.test.js
TAP version 13
# wgsl-repair-v10-policy.test: ok
# Subtest: retained V10 token-budget derivation bytes match their frozen digest
ok 1 - retained V10 token-budget derivation bytes match their frozen digest # SKIP Local evidence unavailable: reports/training/wgsl-repair/doppler-wgsl-repair-v9/corpus-v1/train-anchor.jsonl
  ---
  duration_ms: 0.935752
  type: 'test'
  ...
# Subtest: test module initialization completed
ok 2 - test module initialization completed
  ---
  duration_ms: 0.214093
  type: 'test'
  ...
1..2
# tests 2
# suites 0
# pass 1
# fail 0
# cancelled 0
# skipped 1
# todo 0
# duration_ms 92.501325
[node-tests] ok: tests/training/wgsl-repair-v10-policy.test.js
TAP version 13
# wgsl-repair-v11-policy.test: ok
# Subtest: retained V11 corpus has frozen hashes and disjoint families
ok 1 - retained V11 corpus has frozen hashes and disjoint families # SKIP Local evidence unavailable: reports/training/wgsl-repair/doppler-wgsl-repair-v9/corpus-v1
  ---
  duration_ms: 0.912828
  type: 'test'
  ...
# Subtest: rollout task custody rejects changed bytes, row counts and undeclared task sets
not ok 2 - rollout task custody rejects changed bytes, row counts and undeclared task sets
  ---
  duration_ms: 6.401583
  type: 'test'
  location: '/home/x/deco/worktrees/doppler-runtime-contract-coherence/tests/training/wgsl-repair-v11-policy.test.js:96:1'
  failureType: 'testCodeFailure'
  error: 'Unknown system error -122: Unknown system error -122, write'
  code: 'Unknown system error -122'
  stack: |-
    async write (node:internal/fs/promises:741:8)
    async writeFileHandle (node:internal/fs/promises:498:7)
    async TestContext.<anonymous> (file:///home/x/deco/worktrees/doppler-runtime-contract-coherence/tests/training/wgsl-repair-v11-policy.test.js:101:5)
    async Test.run (node:internal/test_runner/test:1054:7)
    async Test.processPendingSubtests (node:internal/test_runner/test:744:7)
  ...
# Subtest: test module initialization completed
ok 3 - test module initialization completed
  ---
  duration_ms: 0.633763
  type: 'test'
  ...
1..3
# tests 3
# suites 0
# pass 1
# fail 1
# cancelled 0
# skipped 1
# todo 0
# duration_ms 302.157182
[node-tests] fail: tests/training/wgsl-repair-v11-policy.test.js
TAP version 13
# wgsl-rollout-comparison.test: ok
# Subtest: test module initialization completed
ok 1 - test module initialization completed
  ---
  duration_ms: 1.011515
  type: 'test'
  ...
1..1
# tests 1
# suites 0
# pass 1
# fail 0
# cancelled 0
# skipped 0
# todo 0
# duration_ms 92.799396
[node-tests] ok: tests/training/wgsl-rollout-comparison.test.js
TAP version 13
# wgsl-rollout-verifier.test: ok
# Subtest: test module initialization completed
ok 1 - test module initialization completed
  ---
  duration_ms: 0.937395
  type: 'test'
  ...
1..1
# tests 1
# suites 0
# pass 1
# fail 0
# cancelled 0
# skipped 0
# todo 0
# duration_ms 112.735731
[node-tests] ok: tests/training/wgsl-rollout-verifier.test.js
TAP version 13
# node:internal/test_runner/harness:99
#       throw err;
#       ^
# Error: Unknown system error -122: Unknown system error -122, write
#     at async write (node:internal/fs/promises:741:8)
#     at async writeFileHandle (node:internal/fs/promises:498:7)
#     at async file:///home/x/deco/worktrees/doppler-runtime-contract-coherence/tests/training/wgsl-sequence-kd-materialization.test.js:13:1 {
#   errno: -122,
#   code: 'Unknown system error -122',
#   syscall: 'write'
# }
# Node.js v22.22.1
# Subtest: /home/x/deco/worktrees/doppler-runtime-contract-coherence/tests/training/wgsl-sequence-kd-materialization.test.js
not ok 1 - /home/x/deco/worktrees/doppler-runtime-contract-coherence/tests/training/wgsl-sequence-kd-materialization.test.js
  ---
  duration_ms: 88.251854
  type: 'test'
  location: '/home/x/deco/worktrees/doppler-runtime-contract-coherence/tests/training/wgsl-sequence-kd-materialization.test.js:1:1'
  failureType: 'testCodeFailure'
  exitCode: 7
  signal: ~
  error: 'test failed'
  code: 'ERR_TEST_FAILURE'
  ...
1..1
# tests 1
# suites 0
# pass 0
# fail 1
# cancelled 0
# skipped 0
# todo 0
# duration_ms 94.59078
[node-tests] fail: tests/training/wgsl-sequence-kd-materialization.test.js
TAP version 13
# wgsl-source-catalog-v2.test: ok
# Subtest: test module initialization completed
ok 1 - test module initialization completed
  ---
  duration_ms: 1.059986
  type: 'test'
  ...
1..1
# tests 1
# suites 0
# pass 1
# fail 0
# cancelled 0
# skipped 0
# todo 0
# duration_ms 101.541195
[node-tests] ok: tests/training/wgsl-source-catalog-v2.test.js
TAP version 13
# wgsl-stratified-comparison.test: ok
# Subtest: test module initialization completed
ok 1 - test module initialization completed
  ---
  duration_ms: 0.904624
  type: 'test'
  ...
1..1
# tests 1
# suites 0
# pass 1
# fail 0
# cancelled 0
# skipped 0
# todo 0
# duration_ms 102.914631
[node-tests] ok: tests/training/wgsl-stratified-comparison.test.js
TAP version 13
# wgsl-v12-evaluation.test: ok
# Subtest: test module initialization completed
ok 1 - test module initialization completed
  ---
  duration_ms: 1.012006
  type: 'test'
  ...
1..1
# tests 1
# suites 0
# pass 1
# fail 0
# cancelled 0
# skipped 0
# todo 0
# duration_ms 114.714768
[node-tests] ok: tests/training/wgsl-v12-evaluation.test.js
TAP version 13
# wgsl-v12-final-results.test: ok
# Subtest: test module initialization completed
ok 1 - test module initialization completed
  ---
  duration_ms: 0.89233
  type: 'test'
  ...
1..1
# tests 1
# suites 0
# pass 1
# fail 0
# cancelled 0
# skipped 0
# todo 0
# duration_ms 100.335295
[node-tests] ok: tests/training/wgsl-v12-final-results.test.js
TAP version 13
# wgsl-v12-lane-decision.test: ok
# Subtest: test module initialization completed
ok 1 - test module initialization completed
  ---
  duration_ms: 0.898882
  type: 'test'
  ...
1..1
# tests 1
# suites 0
# pass 1
# fail 0
# cancelled 0
# skipped 0
# todo 0
# duration_ms 105.163424
[node-tests] ok: tests/training/wgsl-v12-lane-decision.test.js
TAP version 13
# wgsl-v12-seed-workloads.test: ok
# Subtest: test module initialization completed
ok 1 - test module initialization completed
  ---
  duration_ms: 0.985956
  type: 'test'
  ...
1..1
# tests 1
# suites 0
# pass 1
# fail 0
# cancelled 0
# skipped 0
# todo 0
# duration_ms 98.752985
[node-tests] ok: tests/training/wgsl-v12-seed-workloads.test.js
TAP version 13
# wgsl-writer-family-distillation-contract.test: ok
# Subtest: retained family-distillation transport and adapter byte custody
ok 1 - retained family-distillation transport and adapter byte custody # SKIP Local evidence unavailable: reports/training/wgsl-writer/family-distillation-v1/transport/0-8b-v2/transport-request.json
  ---
  duration_ms: 0.794727
  type: 'test'
  ...
# Subtest: test module initialization completed
ok 2 - test module initialization completed
  ---
  duration_ms: 0.285548
  type: 'test'
  ...
1..2
# tests 2
# suites 0
# pass 1
# fail 0
# cancelled 0
# skipped 1
# todo 0
# duration_ms 96.672949
[node-tests] ok: tests/training/wgsl-writer-family-distillation-contract.test.js
TAP version 13
# wgsl-writer-v2-corpus.test: ok
# Subtest: test module initialization completed
ok 1 - test module initialization completed
  ---
  duration_ms: 1.169302
  type: 'test'
  ...
1..1
# tests 1
# suites 0
# pass 1
# fail 0
# cancelled 0
# skipped 0
# todo 0
# duration_ms 539.0415
[node-tests] ok: tests/training/wgsl-writer-v2-corpus.test.js
TAP version 13
# wgsl-writer-v2-evaluation-contract.test: ok
# Subtest: test module initialization completed
ok 1 - test module initialization completed
  ---
  duration_ms: 1.092908
  type: 'test'
  ...
1..1
# tests 1
# suites 0
# pass 1
# fail 0
# cancelled 0
# skipped 0
# todo 0
# duration_ms 121.284035
[node-tests] ok: tests/training/wgsl-writer-v2-evaluation-contract.test.js
TAP version 13
# wgsl-writer-v2-result.test: ok
# Subtest: test module initialization completed
ok 1 - test module initialization completed
  ---
  duration_ms: 0.997778
  type: 'test'
  ...
1..1
# tests 1
# suites 0
# pass 1
# fail 0
# cancelled 0
# skipped 0
# todo 0
# duration_ms 111.470779
[node-tests] ok: tests/training/wgsl-writer-v2-result.test.js
TAP version 13
# wgsl-writer-v2-training-contract.test: ok
# Subtest: test module initialization completed
ok 1 - test module initialization completed
  ---
  duration_ms: 1.563844
  type: 'test'
  ...
1..1
# tests 1
# suites 0
# pass 1
# fail 0
# cancelled 0
# skipped 0
# todo 0
# duration_ms 324.954321
[node-tests] ok: tests/training/wgsl-writer-v2-training-contract.test.js
TAP version 13
# Subtest: WGSL writer V3 confirmation halts before hashing nonfinite evidence
not ok 1 - WGSL writer V3 confirmation halts before hashing nonfinite evidence
  ---
  duration_ms: 5.663473
  type: 'test'
  location: '/home/x/deco/worktrees/doppler-runtime-contract-coherence/tests/training/wgsl-writer-v3-confirmation-finiteness.test.js:9:1'
  failureType: 'testCodeFailure'
  error: 'Unknown system error -122: Unknown system error -122, write'
  code: 'Unknown system error -122'
  stack: |-
    async write (node:internal/fs/promises:741:8)
    async writeFileHandle (node:internal/fs/promises:498:7)
    async TestContext.<anonymous> (file:///home/x/deco/worktrees/doppler-runtime-contract-coherence/tests/training/wgsl-writer-v3-confirmation-finiteness.test.js:13:5)
    async Test.run (node:internal/test_runner/test:1054:7)
    async startSubtestAfterBootstrap (node:internal/test_runner/harness:296:3)
  ...
# Subtest: test module initialization completed
ok 2 - test module initialization completed
  ---
  duration_ms: 0.637179
  type: 'test'
  ...
1..2
# tests 2
# suites 0
# pass 1
# fail 1
# cancelled 0
# skipped 0
# todo 0
# duration_ms 107.146898
[node-tests] fail: tests/training/wgsl-writer-v3-confirmation-finiteness.test.js
TAP version 13
# wgsl-writer-v3-contract.test: ok
# Subtest: test module initialization completed
ok 1 - test module initialization completed
  ---
  duration_ms: 1.12638
  type: 'test'
  ...
1..1
# tests 1
# suites 0
# pass 1
# fail 0
# cancelled 0
# skipped 0
# todo 0
# duration_ms 146.774376
[node-tests] ok: tests/training/wgsl-writer-v3-contract.test.js
TAP version 13
# node:internal/test_runner/harness:99
#       throw err;
#       ^
# Error: Unknown system error -122: Unknown system error -122, copyfile '/home/x/deco/worktrees/doppler-runtime-contract-coherence/tools/policies/wgsl-writer-v3-campaign-policy.json' -> '/tmp/doppler-v3-reconcile-UpCl0w/tools/policies/wgsl-writer-v3-campaign-policy.json'
#     at async Object.copyFile (node:internal/fs/promises:618:10)
#     at async file:///home/x/deco/worktrees/doppler-runtime-contract-coherence/tests/training/wgsl-writer-v3-reconciliation.test.js:46:5 {
#   errno: -122,
#   code: 'Unknown system error -122',
#   syscall: 'copyfile',
#   path: '/home/x/deco/worktrees/doppler-runtime-contract-coherence/tools/policies/wgsl-writer-v3-campaign-policy.json',
#   dest: '/tmp/doppler-v3-reconcile-UpCl0w/tools/policies/wgsl-writer-v3-campaign-policy.json'
# }
# Node.js v22.22.1
# Subtest: /home/x/deco/worktrees/doppler-runtime-contract-coherence/tests/training/wgsl-writer-v3-reconciliation.test.js
not ok 1 - /home/x/deco/worktrees/doppler-runtime-contract-coherence/tests/training/wgsl-writer-v3-reconciliation.test.js
  ---
  duration_ms: 105.920269
  type: 'test'
  location: '/home/x/deco/worktrees/doppler-runtime-contract-coherence/tests/training/wgsl-writer-v3-reconciliation.test.js:1:1'
  failureType: 'testCodeFailure'
  exitCode: 7
  signal: ~
  error: 'test failed'
  code: 'ERR_TEST_FAILURE'
  ...
1..1
# tests 1
# suites 0
# pass 0
# fail 1
# cancelled 0
# skipped 0
# todo 0
# duration_ms 112.071069
[node-tests] fail: tests/training/wgsl-writer-v3-reconciliation.test.js
TAP version 13
# sha256.test: ok
# Subtest: test module initialization completed
ok 1 - test module initialization completed
  ---
  duration_ms: 0.916967
  type: 'test'
  ...
1..1
# tests 1
# suites 0
# pass 1
# fail 0
# cancelled 0
# skipped 0
# todo 0
# duration_ms 94.401412
[node-tests] ok: tests/utils/sha256.test.js
[node-tests] failed 10/804
