
> doppler-gpu@0.6.3-dev.split.1 test:unit
> node tools/run-node-tests.js --suite unit

TAP version 13
# benchmark-schema-contract.test: ok
# Subtest: test module initialization completed
ok 1 - test module initialization completed
  ---
  duration_ms: 1.31134
  type: 'test'
  ...
1..1
# tests 1
# suites 0
# pass 1
# fail 0
# cancelled 0
# skipped 0
# todo 0
# duration_ms 122.885511
[node-tests] ok: tests/benchmarks/benchmark-schema-contract.test.js
TAP version 13
# compare-chart-contract.test: ok
# Subtest: test module initialization completed
ok 1 - test module initialization completed
  ---
  duration_ms: 1.224317
  type: 'test'
  ...
1..1
# tests 1
# suites 0
# pass 1
# fail 0
# cancelled 0
# skipped 0
# todo 0
# duration_ms 128.894053
[node-tests] ok: tests/benchmarks/compare-chart-contract.test.js
TAP version 13
# {
#   "schema": "doppler.compute-regressions/v1",
#   "scope": "CPU contract regression checks; no GPU or performance evidence",
#   "passed": true,
#   "total": 24,
#   "failures": 0,
#   "cases": [
#     {
#       "name": "shared statistics preserve latency tails when explicitly requested",
#       "passed": true
#     },
#     {
#       "name": "legacy IQR callers retain their existing default behavior",
#       "passed": true
#     },
#     {
#       "name": "unknown outlier policy fails instead of silently selecting a population",
#       "passed": true
#     },
#     {
#       "name": "shared statistics retain empty and singleton compatibility",
#       "passed": true
#     },
#     {
#       "name": "benchmark summaries reject empty and non-finite populations",
#       "passed": true
#     },
#     {
#       "name": "kernel reporting preserves tails and identifies its actual wall clock",
#       "passed": true
#     },
#     {
#       "name": "kernel reporting rejects invalid timing values",
#       "passed": true
#     },
#     {
#       "name": "mean confidence interval is not presented as a median interval",
#       "passed": true
#     },
#     {
#       "name": "default compute suite validates without filling implicit fields",
#       "passed": true
#     },
#     {
#       "name": "suite rejects missing and unknown policy fields",
#       "passed": true
#     },
#     {
#       "name": "suite rejects changed non-treatment axes",
#       "passed": true
#     },
#     {
#       "name": "suite rejects duplicate shapes and unsupported numerical policy",
#       "passed": true
#     },
#     {
#       "name": "suite enforces the declared sample and workload envelope",
#       "passed": true
#     },
#     {
#       "name": "input generation is deterministic and case-seed-sensitive",
#       "passed": true
#     },
#     {
#       "name": "scalar oracle matches independently hand-expanded matrix arithmetic",
#       "passed": true
#     },
#     {
#       "name": "oracle controls reject corruption, incomplete writes, infinities, and guard changes",
#       "passed": true
#     },
#     {
#       "name": "fusion preserves the semantic contract and removes only declared intermediates",
#       "passed": true
#     },
#     {
#       "name": "submission treatment preserves the complete shader graph",
#       "passed": true
#     },
#     {
#       "name": "paired estimator uses candidate-minus-baseline and family correction",
#       "passed": true
#     },
#     {
#       "name": "equal timings cannot become a local improvement",
#       "passed": true
#     },
#     {
#       "name": "a slower candidate is reported as a regression",
#       "passed": true
#     },
#     {
#       "name": "negative evidence controls reject all declared invalid sample classes",
#       "passed": true
#     },
#     {
#       "name": "coverage and workgroup drift cannot pass the sample boundary",
#       "passed": true
#     },
#     {
#       "name": "retained statistics control remains executable",
#       "passed": true
#     }
#   ]
# }
# Subtest: test module initialization completed
ok 1 - test module initialization completed
  ---
  duration_ms: 1.013991
  type: 'test'
  ...
1..1
# tests 1
# suites 0
# pass 1
# fail 0
# cancelled 0
# skipped 0
# todo 0
# duration_ms 177.438772
[node-tests] ok: tests/benchmarks/compute-evidence-regression.test.js
TAP version 13
# qwen35-transformersjs-runner-contract.test: ok
# Subtest: test module initialization completed
ok 1 - test module initialization completed
  ---
  duration_ms: 1.140328
  type: 'test'
  ...
1..1
# tests 1
# suites 0
# pass 1
# fail 0
# cancelled 0
# skipped 0
# todo 0
# duration_ms 99.197939
[node-tests] ok: tests/benchmarks/qwen35-transformersjs-runner-contract.test.js
TAP version 13
# stage-tjs-model-contract.test: ok
# Subtest: test module initialization completed
ok 1 - test module initialization completed
  ---
  duration_ms: 1.29465
  type: 'test'
  ...
1..1
# tests 1
# suites 0
# pass 1
# fail 0
# cancelled 0
# skipped 0
# todo 0
# duration_ms 117.601896
[node-tests] ok: tests/benchmarks/stage-tjs-model-contract.test.js
TAP version 13
# transformersjs-bench-warm-prime-contract.test: ok
# Subtest: test module initialization completed
ok 1 - test module initialization completed
  ---
  duration_ms: 1.095254
  type: 'test'
  ...
1..1
# tests 1
# suites 0
# pass 1
# fail 0
# cancelled 0
# skipped 0
# todo 0
# duration_ms 96.79951
[node-tests] ok: tests/benchmarks/transformersjs-bench-warm-prime-contract.test.js
TAP version 13
# transformersjs-contract.test: ok
# Subtest: test module initialization completed
ok 1 - test module initialization completed
  ---
  duration_ms: 0.962083
  type: 'test'
  ...
1..1
# tests 1
# suites 0
# pass 1
# fail 0
# cancelled 0
# skipped 0
# todo 0
# duration_ms 97.224431
[node-tests] ok: tests/benchmarks/transformersjs-contract.test.js
TAP version 13
# transformersjs-runner-greedy-capsule-contract.test: ok
# Subtest: test module initialization completed
ok 1 - test module initialization completed
  ---
  duration_ms: 1.200361
  type: 'test'
  ...
1..1
# tests 1
# suites 0
# pass 1
# fail 0
# cancelled 0
# skipped 0
# todo 0
# duration_ms 111.047617
[node-tests] ok: tests/benchmarks/transformersjs-runner-greedy-capsule-contract.test.js
TAP version 13
# transformersjs-runner-warm-prime-contract.test: ok
# Subtest: test module initialization completed
ok 1 - test module initialization completed
  ---
  duration_ms: 1.045009
  type: 'test'
  ...
1..1
# tests 1
# suites 0
# pass 1
# fail 0
# cancelled 0
# skipped 0
# todo 0
# duration_ms 95.644995
[node-tests] ok: tests/benchmarks/transformersjs-runner-warm-prime-contract.test.js
TAP version 13
# workload-prompt-local-model-path-contract.test: ok
# Subtest: test module initialization completed
ok 1 - test module initialization completed
  ---
  duration_ms: 1.102397
  type: 'test'
  ...
1..1
# tests 1
# suites 0
# pass 1
# fail 0
# cancelled 0
# skipped 0
# todo 0
# duration_ms 108.349103
[node-tests] ok: tests/benchmarks/workload-prompt-local-model-path-contract.test.js
TAP version 13
# ✔ capsule-retained-local-use.test.js passed
# Subtest: test module initialization completed
ok 1 - test module initialization completed
  ---
  duration_ms: 0.731458
  type: 'test'
  ...
1..1
# tests 1
# suites 0
# pass 1
# fail 0
# cancelled 0
# skipped 0
# todo 0
# duration_ms 233.092625
[node-tests] ok: tests/capsule/capsule-retained-local-use.test.js
TAP version 13
# ✔ capsule-v2.test.js passed
# Subtest: test module initialization completed
ok 1 - test module initialization completed
  ---
  duration_ms: 1.11465
  type: 'test'
  ...
1..1
# tests 1
# suites 0
# pass 1
# fail 0
# cancelled 0
# skipped 0
# todo 0
# duration_ms 171.262164
[node-tests] ok: tests/capsule/capsule-v2.test.js
TAP version 13
# ✔ capsule-v3.test.js passed
# Subtest: test module initialization completed
ok 1 - test module initialization completed
  ---
  duration_ms: 0.722381
  type: 'test'
  ...
1..1
# tests 1
# suites 0
# pass 1
# fail 0
# cancelled 0
# skipped 0
# todo 0
# duration_ms 199.733139
[node-tests] ok: tests/capsule/capsule-v3.test.js
TAP version 13
# capsule-host.test: ok (host composition delegates to the existing verified runtime)
# Subtest: test module initialization completed
ok 1 - test module initialization completed
  ---
  duration_ms: 1.180895
  type: 'test'
  ...
1..1
# tests 1
# suites 0
# pass 1
# fail 0
# cancelled 0
# skipped 0
# todo 0
# duration_ms 329.707829
[node-tests] ok: tests/client/capsule-host.test.js
TAP version 13
# document-search-controller.test: passed (synthetic lifecycle and atomic-publication regressions)
# Subtest: test module initialization completed
ok 1 - test module initialization completed
  ---
  duration_ms: 0.67933
  type: 'test'
  ...
1..1
# tests 1
# suites 0
# pass 1
# fail 0
# cancelled 0
# skipped 0
# todo 0
# duration_ms 126.892703
[node-tests] ok: tests/client/document-search-controller.test.js
TAP version 13
# document-search-node-store.test: ok
# Subtest: test module initialization completed
ok 1 - test module initialization completed
  ---
  duration_ms: 1.139206
  type: 'test'
  ...
1..1
# tests 1
# suites 0
# pass 1
# fail 0
# cancelled 0
# skipped 0
# todo 0
# duration_ms 168.85067
[node-tests] ok: tests/client/document-search-node-store.test.js
TAP version 13
# document-search-server: installed-only runtime, unavailable-artifact and range regressions passed
# Subtest: test module initialization completed
ok 1 - test module initialization completed
  ---
  duration_ms: 0.979976
  type: 'test'
  ...
1..1
# tests 1
# suites 0
# pass 1
# fail 0
# cancelled 0
# skipped 0
# todo 0
# duration_ms 3154.653067
[node-tests] ok: tests/client/document-search-server.test.js
TAP version 13
# document-search-ui: real loading/query/index cancellation controls and reuse passed; synthetic models
# Subtest: test module initialization completed
ok 1 - test module initialization completed
  ---
  duration_ms: 1.473907
  type: 'test'
  ...
1..1
# tests 1
# suites 0
# pass 1
# fail 0
# cancelled 0
# skipped 0
# todo 0
# duration_ms 2118.40481
[node-tests] ok: tests/client/document-search-ui.test.js
TAP version 13
# document-search.test: passed (synthetic vectors, no retrieval-quality claim)
# Subtest: test module initialization completed
ok 1 - test module initialization completed
  ---
  duration_ms: 1.208277
  type: 'test'
  ...
1..1
# tests 1
# suites 0
# pass 1
# fail 0
# cancelled 0
# skipped 0
# todo 0
# duration_ms 122.206383
[node-tests] ok: tests/client/document-search.test.js
TAP version 13
# electron-capsule-runtime.test: ok (signed fixture; synthetic execution)
# Subtest: test module initialization completed
ok 1 - test module initialization completed
  ---
  duration_ms: 0.618826
  type: 'test'
  ...
1..1
# tests 1
# suites 0
# pass 1
# fail 0
# cancelled 0
# skipped 0
# todo 0
# duration_ms 457.87724
[node-tests] ok: tests/client/electron-capsule-runtime.test.js
TAP version 13
# electron-ipc-authority.test: passed (synthetic IPC events, actual request handler)
# Subtest: test module initialization completed
ok 1 - test module initialization completed
  ---
  duration_ms: 0.917378
  type: 'test'
  ...
1..1
# tests 1
# suites 0
# pass 1
# fail 0
# cancelled 0
# skipped 0
# todo 0
# duration_ms 90.490815
[node-tests] ok: tests/client/electron-ipc-authority.test.js
TAP version 13
# electron-release-adapter.test: ok
# Subtest: test module initialization completed
ok 1 - test module initialization completed
  ---
  duration_ms: 0.87602
  type: 'test'
  ...
1..1
# tests 1
# suites 0
# pass 1
# fail 0
# cancelled 0
# skipped 0
# todo 0
# duration_ms 157.336997
[node-tests] ok: tests/client/electron-release-adapter.test.js
TAP version 13
# electron-release-episode.test: ok (durable local files and signatures; synthetic execution and IPC)
# Subtest: test module initialization completed
ok 1 - test module initialization completed
  ---
  duration_ms: 0.718995
  type: 'test'
  ...
1..1
# tests 1
# suites 0
# pass 1
# fail 0
# cancelled 0
# skipped 0
# todo 0
# duration_ms 391.15437
[node-tests] ok: tests/client/electron-release-episode.test.js
TAP version 13
# electron-release-storage.test: ok (real filesystem; synthetic Capsule execution, no adoption claim)
# Subtest: test module initialization completed
ok 1 - test module initialization completed
  ---
  duration_ms: 0.696432
  type: 'test'
  ...
1..1
# tests 1
# suites 0
# pass 1
# fail 0
# cancelled 0
# skipped 0
# todo 0
# duration_ms 338.526598
[node-tests] ok: tests/client/electron-release-storage.test.js
TAP version 13
# inspection-contract.test: ok
# Subtest: test module initialization completed
ok 1 - test module initialization completed
  ---
  duration_ms: 0.969797
  type: 'test'
  ...
1..1
# tests 1
# suites 0
# pass 1
# fail 0
# cancelled 0
# skipped 0
# todo 0
# duration_ms 106.18201
[node-tests] ok: tests/client/inspection-contract.test.js
TAP version 13
# ✔ model-host-boundaries.test.js passed
# Subtest: test module initialization completed
ok 1 - test module initialization completed
  ---
  duration_ms: 0.929361
  type: 'test'
  ...
1..1
# tests 1
# suites 0
# pass 1
# fail 0
# cancelled 0
# skipped 0
# todo 0
# duration_ms 313.731189
[node-tests] ok: tests/client/model-host-boundaries.test.js
TAP version 13
# activation-kernel-path.test: ok
# Subtest: test module initialization completed
ok 1 - test module initialization completed
  ---
  duration_ms: 1.006657
  type: 'test'
  ...
1..1
# tests 1
# suites 0
# pass 1
# fail 0
# cancelled 0
# skipped 0
# todo 0
# duration_ms 162.444822
[node-tests] ok: tests/config/activation-kernel-path.test.js
TAP version 13
# amplify-120m-conversion-contract.test: ok
# Subtest: test module initialization completed
ok 1 - test module initialization completed
  ---
  duration_ms: 1.138805
  type: 'test'
  ...
1..1
# tests 1
# suites 0
# pass 1
# fail 0
# cancelled 0
# skipped 0
# todo 0
# duration_ms 181.505948
[node-tests] ok: tests/config/amplify-120m-conversion-contract.test.js
TAP version 13
# attention-f16kv-precision-contract.test: ok
# Subtest: test module initialization completed
ok 1 - test module initialization completed
  ---
  duration_ms: 0.944119
  type: 'test'
  ...
1..1
# tests 1
# suites 0
# pass 1
# fail 0
# cancelled 0
# skipped 0
# todo 0
# duration_ms 101.806256
[node-tests] ok: tests/config/attention-f16kv-precision-contract.test.js
TAP version 13
# backward-registry-loader.test: ok
# Subtest: test module initialization completed
ok 1 - test module initialization completed
  ---
  duration_ms: 0.978584
  type: 'test'
  ...
1..1
# tests 1
# suites 0
# pass 1
# fail 0
# cancelled 0
# skipped 0
# todo 0
# duration_ms 93.237
[node-tests] ok: tests/config/backward-registry-loader.test.js
TAP version 13
# browser opfs smoke capability skip contract ok
# Subtest: test module initialization completed
ok 1 - test module initialization completed
  ---
  duration_ms: 1.046772
  type: 'test'
  ...
1..1
# tests 1
# suites 0
# pass 1
# fail 0
# cancelled 0
# skipped 0
# todo 0
# duration_ms 213.101039
[node-tests] ok: tests/config/browser-opfs-smoke-capability-skip.test.js
TAP version 13
# browser-suite-metrics-schema.test: ok
# Subtest: test module initialization completed
ok 1 - test module initialization completed
  ---
  duration_ms: 0.918521
  type: 'test'
  ...
1..1
# tests 1
# suites 0
# pass 1
# fail 0
# cancelled 0
# skipped 0
# todo 0
# duration_ms 90.257174
[node-tests] ok: tests/config/browser-suite-metrics-schema.test.js
TAP version 13
# buffer-pool-defaults-contract.test: ok
# Subtest: test module initialization completed
ok 1 - test module initialization completed
  ---
  duration_ms: 0.96601
  type: 'test'
  ...
1..1
# tests 1
# suites 0
# pass 1
# fail 0
# cancelled 0
# skipped 0
# todo 0
# duration_ms 97.755523
[node-tests] ok: tests/config/buffer-pool-defaults-contract.test.js
TAP version 13
# bun-product-qualification.test: ok
# Subtest: test module initialization completed
ok 1 - test module initialization completed
  ---
  duration_ms: 1.061891
  type: 'test'
  ...
1..1
# tests 1
# suites 0
# pass 1
# fail 0
# cancelled 0
# skipped 0
# todo 0
# duration_ms 137.536089
[node-tests] ok: tests/config/bun-product-qualification.test.js
TAP version 13
# capability-retain-q4k-policy.test: ok
# Subtest: test module initialization completed
ok 1 - test module initialization completed
  ---
  duration_ms: 0.952234
  type: 'test'
  ...
1..1
# tests 1
# suites 0
# pass 1
# fail 0
# cancelled 0
# skipped 0
# todo 0
# duration_ms 98.880232
[node-tests] ok: tests/config/capability-retain-q4k-policy.test.js
TAP version 13
# capability-transform-policy-contract.test: ok
# Subtest: test module initialization completed
ok 1 - test module initialization completed
  ---
  duration_ms: 1.011636
  type: 'test'
  ...
1..1
# tests 1
# suites 0
# pass 1
# fail 0
# cancelled 0
# skipped 0
# todo 0
# duration_ms 96.707669
[node-tests] ok: tests/config/capability-transform-policy-contract.test.js
TAP version 13
# capsule-naming-migration.test: frozen evidence and unchanged conversion semantics passed
# Subtest: test module initialization completed
ok 1 - test module initialization completed
  ---
  duration_ms: 0.97125
  type: 'test'
  ...
1..1
# tests 1
# suites 0
# pass 1
# fail 0
# cancelled 0
# skipped 0
# todo 0
# duration_ms 102.246215
[node-tests] ok: tests/config/capsule-naming-migration.test.js
TAP version 13
# capsule-release-contract.test: ok
# Subtest: test module initialization completed
ok 1 - test module initialization completed
  ---
  duration_ms: 1.20466
  type: 'test'
  ...
1..1
# tests 1
# suites 0
# pass 1
# fail 0
# cancelled 0
# skipped 0
# todo 0
# duration_ms 182.232046
[node-tests] ok: tests/config/capsule-release-contract.test.js
TAP version 13
# Capsule token selection contract tests passed.
# Subtest: test module initialization completed
ok 1 - test module initialization completed
  ---
  duration_ms: 1.088581
  type: 'test'
  ...
1..1
# tests 1
# suites 0
# pass 1
# fail 0
# cancelled 0
# skipped 0
# todo 0
# duration_ms 153.046533
[node-tests] ok: tests/config/capsule-token-selection.test.js
TAP version 13
# catalog-availability-truthfulness.test: ok
# Subtest: test module initialization completed
ok 1 - test module initialization completed
  ---
  duration_ms: 0.984024
  type: 'test'
  ...
1..1
# tests 1
# suites 0
# pass 1
# fail 0
# cancelled 0
# skipped 0
# todo 0
# duration_ms 90.267755
[node-tests] ok: tests/config/catalog-availability-truthfulness.test.js
TAP version 13
# catscan-contract.test: ok
# Subtest: test module initialization completed
ok 1 - test module initialization completed
  ---
  duration_ms: 1.038026
  type: 'test'
  ...
1..1
# tests 1
# suites 0
# pass 1
# fail 0
# cancelled 0
# skipped 0
# todo 0
# duration_ms 169.217704
[node-tests] ok: tests/config/catscan-contract.test.js
TAP version 13
# check-contract-artifacts.test: ok
# Subtest: test module initialization completed
ok 1 - test module initialization completed
  ---
  duration_ms: 1.054146
  type: 'test'
  ...
1..1
# tests 1
# suites 0
# pass 1
# fail 0
# cancelled 0
# skipped 0
# todo 0
# duration_ms 193.800423
[node-tests] ok: tests/config/check-contract-artifacts.test.js
TAP version 13
# check-hf-registry-cli.test: ok
# Subtest: test module initialization completed
ok 1 - test module initialization completed
  ---
  duration_ms: 0.901608
  type: 'test'
  ...
1..1
# tests 1
# suites 0
# pass 1
# fail 0
# cancelled 0
# skipped 0
# todo 0
# duration_ms 314.963162
[node-tests] ok: tests/config/check-hf-registry-cli.test.js
TAP version 13
# checkpoint-browser-store-close.test: ok
# Subtest: test module initialization completed
ok 1 - test module initialization completed
  ---
  duration_ms: 1.048225
  type: 'test'
  ...
1..1
# tests 1
# suites 0
# pass 1
# fail 0
# cancelled 0
# skipped 0
# todo 0
# duration_ms 111.983161
[node-tests] ok: tests/config/checkpoint-browser-store-close.test.js
TAP version 13
# checkpoint-node-store.test: ok
# Subtest: test module initialization completed
ok 1 - test module initialization completed
  ---
  duration_ms: 1.017167
  type: 'test'
  ...
1..1
# tests 1
# suites 0
# pass 1
# fail 0
# cancelled 0
# skipped 0
# todo 0
# duration_ms 122.562184
[node-tests] ok: tests/config/checkpoint-node-store.test.js
TAP version 13
# checkpoint-watch-recursive.test: ok
# Subtest: test module initialization completed
ok 1 - test module initialization completed
  ---
  duration_ms: 0.909955
  type: 'test'
  ...
1..1
# tests 1
# suites 0
# pass 1
# fail 0
# cancelled 0
# skipped 0
# todo 0
# duration_ms 207.184572
[node-tests] ok: tests/config/checkpoint-watch-recursive.test.js
TAP version 13
# ci-workflow-local-model-contract.test: ok
# Subtest: test module initialization completed
ok 1 - test module initialization completed
  ---
  duration_ms: 1.238013
  type: 'test'
  ...
1..1
# tests 1
# suites 0
# pass 1
# fail 0
# cancelled 0
# skipped 0
# todo 0
# duration_ms 117.446576
[node-tests] ok: tests/config/ci-workflow-local-model-contract.test.js
TAP version 13
# [159.2ms][ExecutionV1] Capability transforms applied: [useGemma412BTextF16Activations] (af16 manifest variant on shader-f16 GPU - dispatch the Gemma 4 12B text f16-residual lane with stable f32-Q/f16-KV prefill/decode attention boundaries and stable post-layer tail.)
# [162.9ms][ExecutionV1] Capability transforms applied: [narrowToF16Activations] (Runtime requested f16 activations on a shader-f16 GPU.)
# [168.5ms][ExecutionV1] Capability transforms applied: [useGemma431BTextF16Activations] (af16 manifest variant on shader-f16 GPU - dispatch the all-f16 lane.)
# [178.9ms][ExecutionV1] Capability transforms applied: [useQwen36F16Activations] (Runtime requested the experimental all-f16 lane for Qwen 3.6 27B.)
# claimed-text-models-failfast-contract.test: ok (17 models checked, 0 Q4 prefill remaps applied)
# Subtest: test module initialization completed
ok 1 - test module initialization completed
  ---
  duration_ms: 1.098039
  type: 'test'
  ...
1..1
# tests 1
# suites 0
# pass 1
# fail 0
# cancelled 0
# skipped 0
# todo 0
# duration_ms 222.836354
[node-tests] ok: tests/config/claimed-text-models-failfast-contract.test.js
TAP version 13
# columbo-diagnostic-adapter-handoff-contract.test: ok
# Subtest: test module initialization completed
ok 1 - test module initialization completed
  ---
  duration_ms: 0.956112
  type: 'test'
  ...
1..1
# tests 1
# suites 0
# pass 1
# fail 0
# cancelled 0
# skipped 0
# todo 0
# duration_ms 118.024064
[node-tests] ok: tests/config/columbo-diagnostic-adapter-handoff-contract.test.js
TAP version 13
# columbo-local-model-manifests.test: ok
# Subtest: test module initialization completed
ok 1 - test module initialization completed
  ---
  duration_ms: 1.639739
  type: 'test'
  ...
1..1
# tests 1
# suites 0
# pass 1
# fail 0
# cancelled 0
# skipped 0
# todo 0
# duration_ms 101.679306
[node-tests] ok: tests/config/columbo-local-model-manifests.test.js
TAP version 13
# compare-engines-cli-contract.test: ok
# Subtest: test module initialization completed
ok 1 - test module initialization completed
  ---
  duration_ms: 1.381463
  type: 'test'
  ...
1..1
# tests 1
# suites 0
# pass 1
# fail 0
# cancelled 0
# skipped 0
# todo 0
# duration_ms 2603.313756
[node-tests] ok: tests/config/compare-engines-cli-contract.test.js
TAP version 13
# config-merge.test: ok
# Subtest: test module initialization completed
ok 1 - test module initialization completed
  ---
  duration_ms: 0.86506
  type: 'test'
  ...
1..1
# tests 1
# suites 0
# pass 1
# fail 0
# cancelled 0
# skipped 0
# todo 0
# duration_ms 111.451801
[node-tests] ok: tests/config/config-merge.test.js
TAP version 13
# conversion-report-schema.test: ok
# Subtest: test module initialization completed
ok 1 - test module initialization completed
  ---
  duration_ms: 0.945512
  type: 'test'
  ...
1..1
# tests 1
# suites 0
# pass 1
# fail 0
# cancelled 0
# skipped 0
# todo 0
# duration_ms 104.375026
[node-tests] ok: tests/config/conversion-report-schema.test.js
TAP version 13
# conversion-session.test: ok
# Subtest: test module initialization completed
ok 1 - test module initialization completed
  ---
  duration_ms: 0.852496
  type: 'test'
  ...
1..1
# tests 1
# suites 0
# pass 1
# fail 0
# cancelled 0
# skipped 0
# todo 0
# duration_ms 101.343895
[node-tests] ok: tests/config/conversion-session-defaults.test.js
TAP version 13
# diffusion-gpu-contract-docs.test: ok
# Subtest: test module initialization completed
ok 1 - test module initialization completed
  ---
  duration_ms: 0.862315
  type: 'test'
  ...
1..1
# tests 1
# suites 0
# pass 1
# fail 0
# cancelled 0
# skipped 0
# todo 0
# duration_ms 94.455816
[node-tests] ok: tests/config/diffusion-gpu-contract-docs.test.js
TAP version 13
# diffusion-kernel-wiring.test: ok
# Subtest: test module initialization completed
ok 1 - test module initialization completed
  ---
  duration_ms: 1.142894
  type: 'test'
  ...
1..1
# tests 1
# suites 0
# pass 1
# fail 0
# cancelled 0
# skipped 0
# todo 0
# duration_ms 225.186403
[node-tests] ok: tests/config/diffusion-kernel-wiring.test.js
TAP version 13
# diffusiongemma-runtime-profile-contract.test: ok
# Subtest: test module initialization completed
ok 1 - test module initialization completed
  ---
  duration_ms: 0.956652
  type: 'test'
  ...
1..1
# tests 1
# suites 0
# pass 1
# fail 0
# cancelled 0
# skipped 0
# todo 0
# duration_ms 101.450697
[node-tests] ok: tests/config/diffusiongemma-runtime-profile-contract.test.js
TAP version 13
# distill-artifacts-contract.test: ok
# Subtest: test module initialization completed
ok 1 - test module initialization completed
  ---
  duration_ms: 1.049598
  type: 'test'
  ...
1..1
# tests 1
# suites 0
# pass 1
# fail 0
# cancelled 0
# skipped 0
# todo 0
# duration_ms 133.112484
[node-tests] ok: tests/config/distill-artifacts-contract.test.js
TAP version 13
# distill-stage-a-objective.test: ok
# Subtest: test module initialization completed
ok 1 - test module initialization completed
  ---
  duration_ms: 1.198489
  type: 'test'
  ...
1..1
# tests 1
# suites 0
# pass 1
# fail 0
# cancelled 0
# skipped 0
# todo 0
# duration_ms 232.542293
[node-tests] ok: tests/config/distill-stage-a-objective.test.js
TAP version 13
# distill-stage-b-objective.test: ok
# Subtest: test module initialization completed
ok 1 - test module initialization completed
  ---
  duration_ms: 1.128547
  type: 'test'
  ...
1..1
# tests 1
# suites 0
# pass 1
# fail 0
# cancelled 0
# skipped 0
# todo 0
# duration_ms 225.098598
[node-tests] ok: tests/config/distill-stage-b-objective.test.js
TAP version 13
# distill-studio-diagnostics.test: ok
# Subtest: test module initialization completed
ok 1 - test module initialization completed
  ---
  duration_ms: 1.064596
  type: 'test'
  ...
1..1
# tests 1
# suites 0
# pass 1
# fail 0
# cancelled 0
# skipped 0
# todo 0
# duration_ms 414.840896
[node-tests] ok: tests/config/distill-studio-diagnostics.test.js
TAP version 13
# distill-studio-mvp.test: ok
# Subtest: test module initialization completed
ok 1 - test module initialization completed
  ---
  duration_ms: 0.971089
  type: 'test'
  ...
1..1
# tests 1
# suites 0
# pass 1
# fail 0
# cancelled 0
# skipped 0
# todo 0
# duration_ms 871.925691
[node-tests] ok: tests/config/distill-studio-mvp.test.js
TAP version 13
# distill-studio-quality-gate.test: ok
# Subtest: test module initialization completed
ok 1 - test module initialization completed
  ---
  duration_ms: 1.056731
  type: 'test'
  ...
1..1
# tests 1
# suites 0
# pass 1
# fail 0
# cancelled 0
# skipped 0
# todo 0
# duration_ms 182.792814
[node-tests] ok: tests/config/distill-studio-quality-gate.test.js
TAP version 13
# document-search-dequant-selection: 40 selector cases and declared shader identity passed
# Subtest: test module initialization completed
ok 1 - test module initialization completed
  ---
  duration_ms: 1.218646
  type: 'test'
  ...
1..1
# tests 1
# suites 0
# pass 1
# fail 0
# cancelled 0
# skipped 0
# todo 0
# duration_ms 210.915433
[node-tests] ok: tests/config/document-search-dequant-selection.test.js
TAP version 13
# doppler-schema-kernel-path-null.test: ok
# Subtest: test module initialization completed
ok 1 - test module initialization completed
  ---
  duration_ms: 0.968144
  type: 'test'
  ...
1..1
# tests 1
# suites 0
# pass 1
# fail 0
# cancelled 0
# skipped 0
# todo 0
# duration_ms 101.746785
[node-tests] ok: tests/config/doppler-schema-kernel-path-null.test.js
TAP version 13
# electron-design-partner-prospects.test: ok
# Subtest: test module initialization completed
ok 1 - test module initialization completed
  ---
  duration_ms: 0.947336
  type: 'test'
  ...
1..1
# tests 1
# suites 0
# pass 1
# fail 0
# cancelled 0
# skipped 0
# todo 0
# duration_ms 92.45148
[node-tests] ok: tests/config/electron-design-partner-prospects.test.js
TAP version 13
# embedding-compare-contract.test: ok
# Subtest: test module initialization completed
ok 1 - test module initialization completed
  ---
  duration_ms: 0.981459
  type: 'test'
  ...
1..1
# tests 1
# suites 0
# pass 1
# fail 0
# cancelled 0
# skipped 0
# todo 0
# duration_ms 96.040382
[node-tests] ok: tests/config/embedding-compare-contract.test.js
TAP version 13
# embedding-reference.test: passed
# Subtest: test module initialization completed
ok 1 - test module initialization completed
  ---
  duration_ms: 0.868617
  type: 'test'
  ...
1..1
# tests 1
# suites 0
# pass 1
# fail 0
# cancelled 0
# skipped 0
# todo 0
# duration_ms 106.546909
[node-tests] ok: tests/config/embedding-reference.test.js
TAP version 13
# embeddinggemma-execution-contract.test: ok
# Subtest: test module initialization completed
ok 1 - test module initialization completed
  ---
  duration_ms: 0.964517
  type: 'test'
  ...
1..1
# tests 1
# suites 0
# pass 1
# fail 0
# cancelled 0
# skipped 0
# todo 0
# duration_ms 124.228736
[node-tests] ok: tests/config/embeddinggemma-execution-contract.test.js
TAP version 13
# excluded-inference-smoke-contract.test: ok
# Subtest: test module initialization completed
ok 1 - test module initialization completed
  ---
  duration_ms: 0.927858
  type: 'test'
  ...
1..1
# tests 1
# suites 0
# pass 1
# fail 0
# cancelled 0
# skipped 0
# todo 0
# duration_ms 89.376276
[node-tests] ok: tests/config/excluded-inference-smoke-contract.test.js
TAP version 13
# execution-contract-check.test: ok
# Subtest: test module initialization completed
ok 1 - test module initialization completed
  ---
  duration_ms: 1.413283
  type: 'test'
  ...
1..1
# tests 1
# suites 0
# pass 1
# fail 0
# cancelled 0
# skipped 0
# todo 0
# duration_ms 172.782764
[node-tests] ok: tests/config/execution-contract-check.test.js
TAP version 13
# execution-rules-contract-check.test: ok
# Subtest: test module initialization completed
ok 1 - test module initialization completed
  ---
  duration_ms: 0.961893
  type: 'test'
  ...
1..1
# tests 1
# suites 0
# pass 1
# fail 0
# cancelled 0
# skipped 0
# todo 0
# duration_ms 129.318877
[node-tests] ok: tests/config/execution-rules-contract-check.test.js
TAP version 13
# [110.5ms][ExecutionV1] Capability transforms applied: [useQwenF16PrimaryMatmuls] (Runtime explicitly requested the selective f16 probe lane for Qwen 3.5 small execution-v1 Q4K models with the shared linear/full attention graph. Promotion remains device- and evidence-specific.)
# [116.8ms][ExecutionRuntime] [Execution] Layer pipeline contains ops not in PIPELINE_COMPATIBLE_OPS: input_norm, q_proj, k_proj, v_proj, rope_q, rope_k, o_proj, attn_residual, post_attn_norm, gate_proj, up_proj, activation, down_proj, ffn_residual. Pipeline will be degraded.
# [117.1ms][ExecutionV1] Capability transforms applied: [narrowToF16Activations] (Runtime requested f16 activations on a shader-f16 GPU.)
# [118.2ms][ExecutionV1] Capability transforms applied: [widenToF32CorrectnessFallback] (Runtime KV cache resolved f32.)
# [118.9ms][ExecutionV1] Capability transforms applied: [widenToF32CorrectnessFallback] (Runtime KV cache resolved f32.)
# [119.4ms][ExecutionV1] Capability transforms applied: [widenToF32CorrectnessFallback] (Runtime KV cache resolved f32.)
# execution-v1-schema.test: ok
# Subtest: test module initialization completed
ok 1 - test module initialization completed
  ---
  duration_ms: 1.017587
  type: 'test'
  ...
1..1
# tests 1
# suites 0
# pass 1
# fail 0
# cancelled 0
# skipped 0
# todo 0
# duration_ms 152.468677
[node-tests] ok: tests/config/execution-v1-schema.test.js
TAP version 13
# ffn-fused-gateup-contract.test: ok
# Subtest: test module initialization completed
ok 1 - test module initialization completed
  ---
  duration_ms: 0.937146
  type: 'test'
  ...
1..1
# tests 1
# suites 0
# pass 1
# fail 0
# cancelled 0
# skipped 0
# todo 0
# duration_ms 110.244687
[node-tests] ok: tests/config/ffn-fused-gateup-contract.test.js
TAP version 13
# gemma3-270m-af16-conversion-config-contract.test: ok
# Subtest: test module initialization completed
ok 1 - test module initialization completed
  ---
  duration_ms: 1.112796
  type: 'test'
  ...
1..1
# tests 1
# suites 0
# pass 1
# fail 0
# cancelled 0
# skipped 0
# todo 0
# duration_ms 91.165888
[node-tests] ok: tests/config/gemma3-270m-af16-conversion-config-contract.test.js
TAP version 13
# gemma3-browser-diagnose-profile-contract.test: ok
# Subtest: test module initialization completed
ok 1 - test module initialization completed
  ---
  duration_ms: 0.975308
  type: 'test'
  ...
1..1
# tests 1
# suites 0
# pass 1
# fail 0
# cancelled 0
# skipped 0
# todo 0
# duration_ms 103.531487
[node-tests] ok: tests/config/gemma3-browser-diagnose-profile-contract.test.js
TAP version 13
# gemma3-debug-profile-contract.test: ok
# Subtest: test module initialization completed
ok 1 - test module initialization completed
  ---
  duration_ms: 0.952014
  type: 'test'
  ...
1..1
# tests 1
# suites 0
# pass 1
# fail 0
# cancelled 0
# skipped 0
# todo 0
# duration_ms 85.680793
[node-tests] ok: tests/config/gemma3-debug-profile-contract.test.js
TAP version 13
# gemma3-hybrid-attention-contract.test: ok
# Subtest: test module initialization completed
ok 1 - test module initialization completed
  ---
  duration_ms: 0.861233
  type: 'test'
  ...
1..1
# tests 1
# suites 0
# pass 1
# fail 0
# cancelled 0
# skipped 0
# todo 0
# duration_ms 87.416383
[node-tests] ok: tests/config/gemma3-hybrid-attention-contract.test.js
TAP version 13
# gemma3-q4k-fused-path-contract.test: ok
# Subtest: test module initialization completed
ok 1 - test module initialization completed
  ---
  duration_ms: 0.871462
  type: 'test'
  ...
1..1
# tests 1
# suites 0
# pass 1
# fail 0
# cancelled 0
# skipped 0
# todo 0
# duration_ms 91.616137
[node-tests] ok: tests/config/gemma3-q4k-fused-path-contract.test.js
TAP version 13
# gemma4-12b-conversion-config-contract.test: ok
# Subtest: test module initialization completed
ok 1 - test module initialization completed
  ---
  duration_ms: 0.861843
  type: 'test'
  ...
1..1
# tests 1
# suites 0
# pass 1
# fail 0
# cancelled 0
# skipped 0
# todo 0
# duration_ms 88.828073
[node-tests] ok: tests/config/gemma4-12b-conversion-config-contract.test.js
TAP version 13
# gemma4-12b-f16-variant-identity.test: ok
# Subtest: test module initialization completed
ok 1 - test module initialization completed
  ---
  duration_ms: 0.97654
  type: 'test'
  ...
1..1
# tests 1
# suites 0
# pass 1
# fail 0
# cancelled 0
# skipped 0
# todo 0
# duration_ms 95.590565
[node-tests] ok: tests/config/gemma4-12b-f16-variant-identity.test.js
TAP version 13
# gemma4-12b-litert-source-profile-contract.test: ok
# Subtest: test module initialization completed
ok 1 - test module initialization completed
  ---
  duration_ms: 0.914333
  type: 'test'
  ...
1..1
# tests 1
# suites 0
# pass 1
# fail 0
# cancelled 0
# skipped 0
# todo 0
# duration_ms 102.404034
[node-tests] ok: tests/config/gemma4-12b-litert-source-profile-contract.test.js
TAP version 13
# gemma4-12b-q4-head-conversion-config.test: ok
# Subtest: test module initialization completed
ok 1 - test module initialization completed
  ---
  duration_ms: 1.042204
  type: 'test'
  ...
1..1
# tests 1
# suites 0
# pass 1
# fail 0
# cancelled 0
# skipped 0
# todo 0
# duration_ms 140.759034
[node-tests] ok: tests/config/gemma4-12b-q4-head-conversion-config.test.js
TAP version 13
# Subtest: test module initialization completed
ok 1 - test module initialization completed
  ---
  duration_ms: 0.915775
  type: 'test'
  ...
1..1
# tests 1
# suites 0
# pass 1
# fail 0
# cancelled 0
# skipped 0
# todo 0
# duration_ms 100.450754
[node-tests] ok: tests/config/gemma4-12b-runtime-profile-contract.test.js
TAP version 13
# gemma4-26b-a4b-target-contract.test: ok
# Subtest: test module initialization completed
ok 1 - test module initialization completed
  ---
  duration_ms: 1.309387
  type: 'test'
  ...
1..1
# tests 1
# suites 0
# pass 1
# fail 0
# cancelled 0
# skipped 0
# todo 0
# duration_ms 119.335066
[node-tests] ok: tests/config/gemma4-26b-a4b-target-contract.test.js
TAP version 13
# gemma4-31b-f16-variant-identity.test: ok
# Subtest: test module initialization completed
ok 1 - test module initialization completed
  ---
  duration_ms: 1.218957
  type: 'test'
  ...
1..1
# tests 1
# suites 0
# pass 1
# fail 0
# cancelled 0
# skipped 0
# todo 0
# duration_ms 110.017369
[node-tests] ok: tests/config/gemma4-31b-f16-variant-identity.test.js
TAP version 13
# gemma4-31b-q4-fused-path-contract.test: ok
# Subtest: test module initialization completed
ok 1 - test module initialization completed
  ---
  duration_ms: 1.01365
  type: 'test'
  ...
1..1
# tests 1
# suites 0
# pass 1
# fail 0
# cancelled 0
# skipped 0
# todo 0
# duration_ms 118.142799
[node-tests] ok: tests/config/gemma4-31b-q4-fused-path-contract.test.js
TAP version 13
# gemma4-compare-lane-promotion-contract.test: ok
# Subtest: test module initialization completed
ok 1 - test module initialization completed
  ---
  duration_ms: 0.93422
  type: 'test'
  ...
1..1
# tests 1
# suites 0
# pass 1
# fail 0
# cancelled 0
# skipped 0
# todo 0
# duration_ms 100.187507
[node-tests] ok: tests/config/gemma4-compare-lane-promotion-contract.test.js
TAP version 13
# gemma4-conversion-config-contract.test: ok
# Subtest: test module initialization completed
ok 1 - test module initialization completed
  ---
  duration_ms: 1.025732
  type: 'test'
  ...
1..1
# tests 1
# suites 0
# pass 1
# fail 0
# cancelled 0
# skipped 0
# todo 0
# duration_ms 99.103054
[node-tests] ok: tests/config/gemma4-conversion-config-contract.test.js
TAP version 13
# gemma4-e2b-blog-prompt-capsule-contract.test: ok
# Subtest: test module initialization completed
ok 1 - test module initialization completed
  ---
  duration_ms: 0.993833
  type: 'test'
  ...
1..1
# tests 1
# suites 0
# pass 1
# fail 0
# cancelled 0
# skipped 0
# todo 0
# duration_ms 93.664957
[node-tests] ok: tests/config/gemma4-e2b-blog-prompt-capsule-contract.test.js
TAP version 13
# [138.2ms][ExecutionV1] Capability transforms applied: [disableRetainQ4KMaterialization] (Fused-q4k FFN kernels under retain=mixed corrupt subsequent-layer attention compute on Apple Metal (intermittent NaN at L1.attn_core_out and beyond). Standalone-q4k projection kernels are clean; only the fused gate+up+down dispatch is the perturbation source.)
# [141.1ms][ExecutionV1] Capability transforms applied: [narrowToF16Activations] (Runtime requested f16 activations on a shader-f16 GPU.)
# [143.5ms][ExecutionV1] Capability transforms applied: [widenToF32Activations] (GPU lacks shader-f16.)
# gemma4-e2b-conversion-config-contract.test: ok
# Subtest: test module initialization completed
ok 1 - test module initialization completed
  ---
  duration_ms: 1.141631
  type: 'test'
  ...
1..1
# tests 1
# suites 0
# pass 1
# fail 0
# cancelled 0
# skipped 0
# todo 0
# duration_ms 182.360551
[node-tests] ok: tests/config/gemma4-e2b-conversion-config-contract.test.js
TAP version 13
# gemma4-e2b-greedy-compare-data-contract.test: ok
# Subtest: test module initialization completed
ok 1 - test module initialization completed
  ---
  duration_ms: 1.036584
  type: 'test'
  ...
1..1
# tests 1
# suites 0
# pass 1
# fail 0
# cancelled 0
# skipped 0
# todo 0
# duration_ms 107.414545
[node-tests] ok: tests/config/gemma4-e2b-greedy-compare-data-contract.test.js
TAP version 13
# gemma4-e2b-int4ple-f16-variant-identity.test: ok
# Subtest: test module initialization completed
ok 1 - test module initialization completed
  ---
  duration_ms: 0.974836
  type: 'test'
  ...
1..1
# tests 1
# suites 0
# pass 1
# fail 0
# cancelled 0
# skipped 0
# todo 0
# duration_ms 109.166125
[node-tests] ok: tests/config/gemma4-e2b-int4ple-f16-variant-identity.test.js
TAP version 13
# gemma4-e2b-runtime-profiles-contract.test: ok
# Subtest: test module initialization completed
ok 1 - test module initialization completed
  ---
  duration_ms: 1.039919
  type: 'test'
  ...
1..1
# tests 1
# suites 0
# pass 1
# fail 0
# cancelled 0
# skipped 0
# todo 0
# duration_ms 103.423254
[node-tests] ok: tests/config/gemma4-e2b-runtime-profiles-contract.test.js
TAP version 13
# gemma4-e2b-verify-profile-contract.test: ok
# Subtest: test module initialization completed
ok 1 - test module initialization completed
  ---
  duration_ms: 1.181656
  type: 'test'
  ...
1..1
# tests 1
# suites 0
# pass 1
# fail 0
# cancelled 0
# skipped 0
# todo 0
# duration_ms 96.435888
[node-tests] ok: tests/config/gemma4-e2b-verify-profile-contract.test.js
TAP version 13
# gemma4-e4b-litert-source-profile-contract.test: ok
# Subtest: test module initialization completed
ok 1 - test module initialization completed
  ---
  duration_ms: 0.924783
  type: 'test'
  ...
1..1
# tests 1
# suites 0
# pass 1
# fail 0
# cancelled 0
# skipped 0
# todo 0
# duration_ms 115.451178
[node-tests] ok: tests/config/gemma4-e4b-litert-source-profile-contract.test.js
TAP version 13
# gemma4-family-metadata-contract.test: ok
# Subtest: test module initialization completed
ok 1 - test module initialization completed
  ---
  duration_ms: 0.905026
  type: 'test'
  ...
1..1
# tests 1
# suites 0
# pass 1
# fail 0
# cancelled 0
# skipped 0
# todo 0
# duration_ms 94.625638
[node-tests] ok: tests/config/gemma4-family-metadata-contract.test.js
TAP version 13
# gemma4-moe-profile-contract.test: ok
# Subtest: test module initialization completed
ok 1 - test module initialization completed
  ---
  duration_ms: 1.031544
  type: 'test'
  ...
1..1
# tests 1
# suites 0
# pass 1
# fail 0
# cancelled 0
# skipped 0
# todo 0
# duration_ms 96.991796
[node-tests] ok: tests/config/gemma4-moe-profile-contract.test.js
TAP version 13
# gemma4-target-matrix-contract.test: ok
# Subtest: test module initialization completed
ok 1 - test module initialization completed
  ---
  duration_ms: 0.863928
  type: 'test'
  ...
1..1
# tests 1
# suites 0
# pass 1
# fail 0
# cancelled 0
# skipped 0
# todo 0
# duration_ms 88.193558
[node-tests] ok: tests/config/gemma4-target-matrix-contract.test.js
TAP version 13
# gemma4-tier-profiles-contract.test: ok
# Subtest: test module initialization completed
ok 1 - test module initialization completed
  ---
  duration_ms: 0.963936
  type: 'test'
  ...
1..1
# tests 1
# suites 0
# pass 1
# fail 0
# cancelled 0
# skipped 0
# todo 0
# duration_ms 107.073692
[node-tests] ok: tests/config/gemma4-tier-profiles-contract.test.js
TAP version 13
# github-release-action.test: ok
# Subtest: test module initialization completed
ok 1 - test module initialization completed
  ---
  duration_ms: 0.951132
  type: 'test'
  ...
1..1
# tests 1
# suites 0
# pass 1
# fail 0
# cancelled 0
# skipped 0
# todo 0
# duration_ms 86.618009
[node-tests] ok: tests/config/github-release-action.test.js
TAP version 13
# glmocr-conversion-config-contract.test: ok
# Subtest: test module initialization completed
ok 1 - test module initialization completed
  ---
  duration_ms: 1.06148
  type: 'test'
  ...
1..1
# tests 1
# suites 0
# pass 1
# fail 0
# cancelled 0
# skipped 0
# todo 0
# duration_ms 176.354995
[node-tests] ok: tests/config/glmocr-conversion-config-contract.test.js
TAP version 13
# goal-completion-matrix.test: ok
# Subtest: test module initialization completed
ok 1 - test module initialization completed
  ---
  duration_ms: 1.097478
  type: 'test'
  ...
1..1
# tests 1
# suites 0
# pass 1
# fail 0
# cancelled 0
# skipped 0
# todo 0
# duration_ms 227.266245
[node-tests] ok: tests/config/goal-completion-matrix.test.js
TAP version 13
# hf-registry-utils.test: ok
# Subtest: test module initialization completed
ok 1 - test module initialization completed
  ---
  duration_ms: 0.853478
  type: 'test'
  ...
1..1
# tests 1
# suites 0
# pass 1
# fail 0
# cancelled 0
# skipped 0
# todo 0
# duration_ms 92.166183
[node-tests] ok: tests/config/hf-registry-utils.test.js
TAP version 13
# hf-reranker-bench-contract.test: ok
# Subtest: test module initialization completed
ok 1 - test module initialization completed
  ---
  duration_ms: 1.238283
  type: 'test'
  ...
1..1
# tests 1
# suites 0
# pass 1
# fail 0
# cancelled 0
# skipped 0
# todo 0
# duration_ms 262.439941
[node-tests] ok: tests/config/hf-reranker-bench-contract.test.js
TAP version 13
# kernel-language-contract.test: 362 variants, 296 modules agree
# Subtest: test module initialization completed
ok 1 - test module initialization completed
  ---
  duration_ms: 1.074956
  type: 'test'
  ...
1..1
# tests 1
# suites 0
# pass 1
# fail 0
# cancelled 0
# skipped 0
# todo 0
# duration_ms 168.103929
[node-tests] ok: tests/config/kernel-language-contract.test.js
TAP version 13
# kernel-path-loader-contract.test: ok
# Subtest: test module initialization completed
ok 1 - test module initialization completed
  ---
  duration_ms: 1.101786
  type: 'test'
  ...
1..1
# tests 1
# suites 0
# pass 1
# fail 0
# cancelled 0
# skipped 0
# todo 0
# duration_ms 156.517397
[node-tests] ok: tests/config/kernel-path-loader-contract.test.js
TAP version 13
# Subtest: test module initialization completed
ok 1 - test module initialization completed
  ---
  duration_ms: 0.957564
  type: 'test'
  ...
1..1
# tests 1
# suites 0
# pass 1
# fail 0
# cancelled 0
# skipped 0
# todo 0
# duration_ms 151.738994
[node-tests] ok: tests/config/kernel-ref-digests.test.js
TAP version 13
# kernel-registry-loader.test: ok
# Subtest: test module initialization completed
ok 1 - test module initialization completed
  ---
  duration_ms: 0.980288
  type: 'test'
  ...
1..1
# tests 1
# suites 0
# pass 1
# fail 0
# cancelled 0
# skipped 0
# todo 0
# duration_ms 105.134599
[node-tests] ok: tests/config/kernel-registry-loader.test.js
TAP version 13
# kernel-thresholds-state-isolation.test: ok
# Subtest: test module initialization completed
ok 1 - test module initialization completed
  ---
  duration_ms: 0.96591
  type: 'test'
  ...
1..1
# tests 1
# suites 0
# pass 1
# fail 0
# cancelled 0
# skipped 0
# todo 0
# duration_ms 104.072438
[node-tests] ok: tests/config/kernel-thresholds-state-isolation.test.js
TAP version 13
# layer-pattern-contract-check.test: ok
# Subtest: test module initialization completed
ok 1 - test module initialization completed
  ---
  duration_ms: 1.191926
  type: 'test'
  ...
1..1
# tests 1
# suites 0
# pass 1
# fail 0
# cancelled 0
# skipped 0
# todo 0
# duration_ms 118.344911
[node-tests] ok: tests/config/layer-pattern-contract-check.test.js
TAP version 13
# lean-execution-contract-config-sweep.test: ok
# Subtest: test module initialization completed
ok 1 - test module initialization completed
  ---
  duration_ms: 1.101465
  type: 'test'
  ...
1..1
# tests 1
# suites 0
# pass 1
# fail 0
# cancelled 0
# skipped 0
# todo 0
# duration_ms 194.476982
[node-tests] ok: tests/config/lean-execution-contract-config-sweep.test.js
TAP version 13
# lean-execution-contract-sweep.test: ok
# Subtest: test module initialization completed
ok 1 - test module initialization completed
  ---
  duration_ms: 0.994384
  type: 'test'
  ...
1..1
# tests 1
# suites 0
# pass 1
# fail 0
# cancelled 0
# skipped 0
# todo 0
# duration_ms 177.010221
[node-tests] ok: tests/config/lean-execution-contract-sweep.test.js
TAP version 13
# lfm2-local-manifest-contract.test: ok
# Subtest: test module initialization completed
ok 1 - test module initialization completed
  ---
  duration_ms: 1.06176
  type: 'test'
  ...
1..1
# tests 1
# suites 0
# pass 1
# fail 0
# cancelled 0
# skipped 0
# todo 0
# duration_ms 95.466403
[node-tests] ok: tests/config/lfm2-local-manifest-contract.test.js
TAP version 13
# lfm2-runtime-profile-contract.test: ok
# Subtest: test module initialization completed
ok 1 - test module initialization completed
  ---
  duration_ms: 0.848529
  type: 'test'
  ...
1..1
# tests 1
# suites 0
# pass 1
# fail 0
# cancelled 0
# skipped 0
# todo 0
# duration_ms 87.023313
[node-tests] ok: tests/config/lfm2-runtime-profile-contract.test.js
TAP version 13
# load-json.test: ok
# Subtest: test module initialization completed
ok 1 - test module initialization completed
  ---
  duration_ms: 1.07181
  type: 'test'
  ...
1..1
# tests 1
# suites 0
# pass 1
# fail 0
# cancelled 0
# skipped 0
# todo 0
# duration_ms 90.633215
[node-tests] ok: tests/config/load-json.test.js
TAP version 13
# local-gemma-tokenizer-vocab-contract.test: ok (27 verified across 1 roots)
# Subtest: test module initialization completed
ok 1 - test module initialization completed
  ---
  duration_ms: 1.361426
  type: 'test'
  ...
1..1
# tests 1
# suites 0
# pass 1
# fail 0
# cancelled 0
# skipped 0
# todo 0
# duration_ms 5121.162313
[node-tests] ok: tests/config/local-gemma-tokenizer-vocab-contract.test.js
TAP version 13
# local-gpu-challenger-matrix-contract.test: ok
# Subtest: test module initialization completed
ok 1 - test module initialization completed
  ---
  duration_ms: 1.161669
  type: 'test'
  ...
1..1
# tests 1
# suites 0
# pass 1
# fail 0
# cancelled 0
# skipped 0
# todo 0
# duration_ms 1641.595519
[node-tests] ok: tests/config/local-gpu-challenger-matrix-contract.test.js
TAP version 13
# local-model-fixture-integrity.test: ok (4 local manifests checked)
# Subtest: test module initialization completed
ok 1 - test module initialization completed
  ---
  duration_ms: 1.308806
  type: 'test'
  ...
1..1
# tests 1
# suites 0
# pass 1
# fail 0
# cancelled 0
# skipped 0
# todo 0
# duration_ms 15964.932036
[node-tests] ok: tests/config/local-model-fixture-integrity.test.js
TAP version 13
# manifest-schema-contract.test: ok
# Subtest: test module initialization completed
ok 1 - test module initialization completed
  ---
  duration_ms: 1.012548
  type: 'test'
  ...
1..1
# tests 1
# suites 0
# pass 1
# fail 0
# cancelled 0
# skipped 0
# todo 0
# duration_ms 112.9351
[node-tests] ok: tests/config/manifest-schema-contract.test.js
TAP version 13
# merge-contract-check.test: ok
# Subtest: test module initialization completed
ok 1 - test module initialization completed
  ---
  duration_ms: 0.972402
  type: 'test'
  ...
1..1
# tests 1
# suites 0
# pass 1
# fail 0
# cancelled 0
# skipped 0
# todo 0
# duration_ms 113.686355
[node-tests] ok: tests/config/merge-contract-check.test.js
TAP version 13
# merge-helpers.test: ok
# Subtest: test module initialization completed
ok 1 - test module initialization completed
  ---
  duration_ms: 0.84365
  type: 'test'
  ...
1..1
# tests 1
# suites 0
# pass 1
# fail 0
# cancelled 0
# skipped 0
# todo 0
# duration_ms 98.528905
[node-tests] ok: tests/config/merge-helpers.test.js
TAP version 13
# model-competition-lifecycle-contract.test: ok
# Subtest: test module initialization completed
ok 1 - test module initialization completed
  ---
  duration_ms: 0.996238
  type: 'test'
  ...
1..1
# tests 1
# suites 0
# pass 1
# fail 0
# cancelled 0
# skipped 0
# todo 0
# duration_ms 88.450204
[node-tests] ok: tests/config/model-competition-lifecycle-contract.test.js
TAP version 13
# ✔ model-ir-v2.test.js passed
# Subtest: test module initialization completed
ok 1 - test module initialization completed
  ---
  duration_ms: 0.900657
  type: 'test'
  ...
1..1
# tests 1
# suites 0
# pass 1
# fail 0
# cancelled 0
# skipped 0
# todo 0
# duration_ms 94.617274
[node-tests] ok: tests/config/model-ir-v2.test.js
TAP version 13
# ✔ model-ir.test.js passed
# Subtest: test module initialization completed
ok 1 - test module initialization completed
  ---
  duration_ms: 0.874147
  type: 'test'
  ...
1..1
# tests 1
# suites 0
# pass 1
# fail 0
# cancelled 0
# skipped 0
# todo 0
# duration_ms 107.395843
[node-tests] ok: tests/config/model-ir.test.js
TAP version 13
# model-lanes-bootstrap-hf.test: ok
# Subtest: test module initialization completed
ok 1 - test module initialization completed
  ---
  duration_ms: 0.838249
  type: 'test'
  ...
1..1
# tests 1
# suites 0
# pass 1
# fail 0
# cancelled 0
# skipped 0
# todo 0
# duration_ms 95.64467
[node-tests] ok: tests/config/model-lanes-bootstrap-hf.test.js
TAP version 13
# model-release-platform.test: ok
# Subtest: test module initialization completed
ok 1 - test module initialization completed
  ---
  duration_ms: 1.087028
  type: 'test'
  ...
1..1
# tests 1
# suites 0
# pass 1
# fail 0
# cancelled 0
# skipped 0
# todo 0
# duration_ms 236.930801
[node-tests] ok: tests/config/model-release-platform.test.js
TAP version 13
# model-support-inventory-contract.test: ok
# Subtest: test module initialization completed
ok 1 - test module initialization completed
  ---
  duration_ms: 1.245277
  type: 'test'
  ...
1..1
# tests 1
# suites 0
# pass 1
# fail 0
# cancelled 0
# skipped 0
# todo 0
# duration_ms 210.991926
[node-tests] ok: tests/config/model-support-inventory-contract.test.js
TAP version 13
# model-type-taxonomy.test: ok
# Subtest: test module initialization completed
ok 1 - test module initialization completed
  ---
  duration_ms: 0.913962
  type: 'test'
  ...
1..1
# tests 1
# suites 0
# pass 1
# fail 0
# cancelled 0
# skipped 0
# todo 0
# duration_ms 107.554692
[node-tests] ok: tests/config/model-type-taxonomy.test.js
TAP version 13
# models-manifest-contract.test: ok
# Subtest: test module initialization completed
ok 1 - test module initialization completed
  ---
  duration_ms: 1.100745
  type: 'test'
  ...
1..1
# tests 1
# suites 0
# pass 1
# fail 0
# cancelled 0
# skipped 0
# todo 0
# duration_ms 155.647562
[node-tests] ok: tests/config/models-manifest-contract.test.js
TAP version 13
# nativekd2-trainer-handoff-contract.test: ok
# Subtest: test module initialization completed
ok 1 - test module initialization completed
  ---
  duration_ms: 0.850613
  type: 'test'
  ...
1..1
# tests 1
# suites 0
# pass 1
# fail 0
# cancelled 0
# skipped 0
# todo 0
# duration_ms 90.847912
[node-tests] ok: tests/config/nativekd2-trainer-handoff-contract.test.js
TAP version 13
# node-coverage-pending-contract.test: ok
# Subtest: test module initialization completed
ok 1 - test module initialization completed
  ---
  duration_ms: 0.907009
  type: 'test'
  ...
1..1
# tests 1
# suites 0
# pass 1
# fail 0
# cancelled 0
# skipped 0
# todo 0
# duration_ms 88.99451
[node-tests] ok: tests/config/node-coverage-pending-contract.test.js
TAP version 13
# onboarding-tooling-contract.test: ok
# Subtest: test module initialization completed
ok 1 - test module initialization completed
  ---
  duration_ms: 1.139587
  type: 'test'
  ...
1..1
# tests 1
# suites 0
# pass 1
# fail 0
# cancelled 0
# skipped 0
# todo 0
# duration_ms 284.228023
[node-tests] ok: tests/config/onboarding-tooling-contract.test.js
TAP version 13
# platform-loader-detection.test: ok
# Subtest: test module initialization completed
ok 1 - test module initialization completed
  ---
  duration_ms: 1.162611
  type: 'test'
  ...
1..1
# tests 1
# suites 0
# pass 1
# fail 0
# cancelled 0
# skipped 0
# todo 0
# duration_ms 89.216688
[node-tests] ok: tests/config/platform-loader-detection.test.js
TAP version 13
# prefill-chunk-submit-mode-default.test: ok
# Subtest: test module initialization completed
ok 1 - test module initialization completed
  ---
  duration_ms: 0.936234
  type: 'test'
  ...
1..1
# tests 1
# suites 0
# pass 1
# fail 0
# cancelled 0
# skipped 0
# todo 0
# duration_ms 108.484845
[node-tests] ok: tests/config/prefill-chunk-submit-mode-default.test.js
TAP version 13
# product-integration-qualification.test: ok
# Subtest: test module initialization completed
ok 1 - test module initialization completed
  ---
  duration_ms: 1.043576
  type: 'test'
  ...
1..1
# tests 1
# suites 0
# pass 1
# fail 0
# cancelled 0
# skipped 0
# todo 0
# duration_ms 137.7457
[node-tests] ok: tests/config/product-integration-qualification.test.js
TAP version 13
# product-portfolio-coherence.test: ok
# Subtest: test module initialization completed
ok 1 - test module initialization completed
  ---
  duration_ms: 1.181496
  type: 'test'
  ...
1..1
# tests 1
# suites 0
# pass 1
# fail 0
# cancelled 0
# skipped 0
# todo 0
# duration_ms 100.967991
[node-tests] ok: tests/config/product-portfolio-coherence.test.js
TAP version 13
# production-release.test: ok
# Subtest: test module initialization completed
ok 1 - test module initialization completed
  ---
  duration_ms: 0.984105
  type: 'test'
  ...
1..1
# tests 1
# suites 0
# pass 1
# fail 0
# cancelled 0
# skipped 0
# todo 0
# duration_ms 98.810927
[node-tests] ok: tests/config/production-release.test.js
TAP version 13
# program-bundle-schema.test: ok
# Subtest: test module initialization completed
ok 1 - test module initialization completed
  ---
  duration_ms: 0.835885
  type: 'test'
  ...
1..1
# tests 1
# suites 0
# pass 1
# fail 0
# cancelled 0
# skipped 0
# todo 0
# duration_ms 92.717415
[node-tests] ok: tests/config/program-bundle-schema.test.js
TAP version 13
# provider-conformance.test: ok
# Subtest: test module initialization completed
ok 1 - test module initialization completed
  ---
  duration_ms: 1.083131
  type: 'test'
  ...
1..1
# tests 1
# suites 0
# pass 1
# fail 0
# cancelled 0
# skipped 0
# todo 0
# duration_ms 133.010648
[node-tests] ok: tests/config/provider-conformance.test.js
TAP version 13
# public-version-exports.test: ok
# Subtest: test module initialization completed
ok 1 - test module initialization completed
  ---
  duration_ms: 0.972532
  type: 'test'
  ...
1..1
# tests 1
# suites 0
# pass 1
# fail 0
# cancelled 0
# skipped 0
# todo 0
# duration_ms 85.440744
[node-tests] ok: tests/config/public-version-exports.test.js
TAP version 13
# publish-hf-registry-model.test: ok
# Subtest: test module initialization completed
ok 1 - test module initialization completed
  ---
  duration_ms: 1.056842
  type: 'test'
  ...
1..1
# tests 1
# suites 0
# pass 1
# fail 0
# cancelled 0
# skipped 0
# todo 0
# duration_ms 108.170503
[node-tests] ok: tests/config/publish-hf-registry-model.test.js
TAP version 13
# quantization-contract-check.test: ok
# Subtest: test module initialization completed
ok 1 - test module initialization completed
  ---
  duration_ms: 0.930904
  type: 'test'
  ...
1..1
# tests 1
# suites 0
# pass 1
# fail 0
# cancelled 0
# skipped 0
# todo 0
# duration_ms 111.344384
[node-tests] ok: tests/config/quantization-contract-check.test.js
TAP version 13
# quickstart-registry-models.test: ok
# Subtest: test module initialization completed
ok 1 - test module initialization completed
  ---
  duration_ms: 1.297665
  type: 'test'
  ...
1..1
# tests 1
# suites 0
# pass 1
# fail 0
# cancelled 0
# skipped 0
# todo 0
# duration_ms 136.734285
[node-tests] ok: tests/config/quickstart-registry-models.test.js
TAP version 13
# quickstart-registry-sync.test: ok
# Subtest: test module initialization completed
ok 1 - test module initialization completed
  ---
  duration_ms: 1.106095
  type: 'test'
  ...
1..1
# tests 1
# suites 0
# pass 1
# fail 0
# cancelled 0
# skipped 0
# todo 0
# duration_ms 105.012813
[node-tests] ok: tests/config/quickstart-registry-sync.test.js
TAP version 13
# quickstart-storage-registry-sync.test: ok
# Subtest: test module initialization completed
ok 1 - test module initialization completed
  ---
  duration_ms: 1.051141
  type: 'test'
  ...
1..1
# tests 1
# suites 0
# pass 1
# fail 0
# cancelled 0
# skipped 0
# todo 0
# duration_ms 189.618573
[node-tests] ok: tests/config/quickstart-storage-registry-sync.test.js
TAP version 13
# qwen-compare-lane-promotion-contract.test: ok
# Subtest: test module initialization completed
ok 1 - test module initialization completed
  ---
  duration_ms: 0.938198
  type: 'test'
  ...
1..1
# tests 1
# suites 0
# pass 1
# fail 0
# cancelled 0
# skipped 0
# todo 0
# duration_ms 120.643035
[node-tests] ok: tests/config/qwen-compare-lane-promotion-contract.test.js
TAP version 13
# qwen3-embedding-onboarding-contract.test: ok
# Subtest: test module initialization completed
ok 1 - test module initialization completed
  ---
  duration_ms: 1.012688
  type: 'test'
  ...
1..1
# tests 1
# suites 0
# pass 1
# fail 0
# cancelled 0
# skipped 0
# todo 0
# duration_ms 119.991878
[node-tests] ok: tests/config/qwen3-embedding-onboarding-contract.test.js
TAP version 13
# qwen35-9b-conversion-config-contract.test: ok
# Subtest: test module initialization completed
ok 1 - test module initialization completed
  ---
  duration_ms: 1.106405
  type: 'test'
  ...
1..1
# tests 1
# suites 0
# pass 1
# fail 0
# cancelled 0
# skipped 0
# todo 0
# duration_ms 265.666729
[node-tests] ok: tests/config/qwen35-9b-conversion-config-contract.test.js
TAP version 13
# qwen35-9b-metal-correctness-profile.test: ok
# Subtest: test module initialization completed
ok 1 - test module initialization completed
  ---
  duration_ms: 0.964036
  type: 'test'
  ...
1..1
# tests 1
# suites 0
# pass 1
# fail 0
# cancelled 0
# skipped 0
# todo 0
# duration_ms 96.105019
[node-tests] ok: tests/config/qwen35-9b-metal-correctness-profile.test.js
TAP version 13
# qwen35-9b-q4k-conversion-config-contract.test: ok
# Subtest: test module initialization completed
ok 1 - test module initialization completed
  ---
  duration_ms: 1.119579
  type: 'test'
  ...
1..1
# tests 1
# suites 0
# pass 1
# fail 0
# cancelled 0
# skipped 0
# todo 0
# duration_ms 277.799891
[node-tests] ok: tests/config/qwen35-9b-q4k-conversion-config-contract.test.js
TAP version 13
# qwen35-browser-diagnose-profile-contract.test: ok
# Subtest: test module initialization completed
ok 1 - test module initialization completed
  ---
  duration_ms: 1.011927
  type: 'test'
  ...
1..1
# tests 1
# suites 0
# pass 1
# fail 0
# cancelled 0
# skipped 0
# todo 0
# duration_ms 94.227921
[node-tests] ok: tests/config/qwen35-browser-diagnose-profile-contract.test.js
TAP version 13
# qwen35-chat-template-contract.test: ok
# Subtest: test module initialization completed
ok 1 - test module initialization completed
  ---
  duration_ms: 1.008901
  type: 'test'
  ...
1..1
# tests 1
# suites 0
# pass 1
# fail 0
# cancelled 0
# skipped 0
# todo 0
# duration_ms 90.977607
[node-tests] ok: tests/config/qwen35-chat-template-contract.test.js
TAP version 13
# qwen35-manifest-fast-path-contract.test: ok
# Subtest: test module initialization completed
ok 1 - test module initialization completed
  ---
  duration_ms: 0.940052
  type: 'test'
  ...
1..1
# tests 1
# suites 0
# pass 1
# fail 0
# cancelled 0
# skipped 0
# todo 0
# duration_ms 98.2816
[node-tests] ok: tests/config/qwen35-manifest-fast-path-contract.test.js
TAP version 13
# qwen36-f16-variant-identity.test: ok
# Subtest: test module initialization completed
ok 1 - test module initialization completed
  ---
  duration_ms: 1.028969
  type: 'test'
  ...
1..1
# tests 1
# suites 0
# pass 1
# fail 0
# cancelled 0
# skipped 0
# todo 0
# duration_ms 127.642393
[node-tests] ok: tests/config/qwen36-f16-variant-identity.test.js
TAP version 13
# qwen38-source-parity-profile.test: ok
# Subtest: test module initialization completed
ok 1 - test module initialization completed
  ---
  duration_ms: 1.01327
  type: 'test'
  ...
1..1
# tests 1
# suites 0
# pass 1
# fail 0
# cancelled 0
# skipped 0
# todo 0
# duration_ms 107.807489
[node-tests] ok: tests/config/qwen38-source-parity-profile.test.js
TAP version 13
# readme-evidence-chart-contract.test: ok
# Subtest: test module initialization completed
ok 1 - test module initialization completed
  ---
  duration_ms: 1.735259
  type: 'test'
  ...
1..1
# tests 1
# suites 0
# pass 1
# fail 0
# cancelled 0
# skipped 0
# todo 0
# duration_ms 184.773765
[node-tests] ok: tests/config/readme-evidence-chart-contract.test.js
TAP version 13
# refresh-converted-manifest-tokenizer.test: ok
# Subtest: test module initialization completed
ok 1 - test module initialization completed
  ---
  duration_ms: 1.045951
  type: 'test'
  ...
1..1
# tests 1
# suites 0
# pass 1
# fail 0
# cancelled 0
# skipped 0
# todo 0
# duration_ms 194.32895
[node-tests] ok: tests/config/refresh-converted-manifest-tokenizer.test.js
TAP version 13
# refresh-converted-manifest.test: ok
# Subtest: test module initialization completed
ok 1 - test module initialization completed
  ---
  duration_ms: 1.04592
  type: 'test'
  ...
1..1
# tests 1
# suites 0
# pass 1
# fail 0
# cancelled 0
# skipped 0
# todo 0
# duration_ms 186.990382
[node-tests] ok: tests/config/refresh-converted-manifest.test.js
TAP version 13
# registry-instances.test: isolated snapshots, full immutability, companion validators, plan binding passed
# Subtest: test module initialization completed
ok 1 - test module initialization completed
  ---
  duration_ms: 1.365713
  type: 'test'
  ...
1..1
# tests 1
# suites 0
# pass 1
# fail 0
# cancelled 0
# skipped 0
# todo 0
# duration_ms 265.121493
[node-tests] ok: tests/config/registry-instances.test.js
TAP version 13
# release-claim-policy.test: ok
# Subtest: test module initialization completed
ok 1 - test module initialization completed
  ---
  duration_ms: 0.950701
  type: 'test'
  ...
1..1
# tests 1
# suites 0
# pass 1
# fail 0
# cancelled 0
# skipped 0
# todo 0
# duration_ms 114.224832
[node-tests] ok: tests/config/release-claim-policy.test.js
TAP version 13
# required-inference-fields-contract-check.test: ok
# Subtest: test module initialization completed
ok 1 - test module initialization completed
  ---
  duration_ms: 0.984675
  type: 'test'
  ...
1..1
# tests 1
# suites 0
# pass 1
# fail 0
# cancelled 0
# skipped 0
# todo 0
# duration_ms 94.605723
[node-tests] ok: tests/config/required-inference-fields-contract-check.test.js
TAP version 13
# rerank-compare-contract.test: ok
# Subtest: test module initialization completed
ok 1 - test module initialization completed
  ---
  duration_ms: 0.983753
  type: 'test'
  ...
1..1
# tests 1
# suites 0
# pass 1
# fail 0
# cancelled 0
# skipped 0
# todo 0
# duration_ms 95.360035
[node-tests] ok: tests/config/rerank-compare-contract.test.js
TAP version 13
# rerank-reference.test: ok (synthetic qualification, no hardware claim)
# Subtest: test module initialization completed
ok 1 - test module initialization completed
  ---
  duration_ms: 0.866683
  type: 'test'
  ...
1..1
# tests 1
# suites 0
# pass 1
# fail 0
# cancelled 0
# skipped 0
# todo 0
# duration_ms 104.613511
[node-tests] ok: tests/config/rerank-reference.test.js
TAP version 13
# resource-telemetry-contract.test: ok
# Subtest: test module initialization completed
ok 1 - test module initialization completed
  ---
  duration_ms: 0.874468
  type: 'test'
  ...
1..1
# tests 1
# suites 0
# pass 1
# fail 0
# cancelled 0
# skipped 0
# todo 0
# duration_ms 89.427998
[node-tests] ok: tests/config/resource-telemetry-contract.test.js
TAP version 13
# revocation-policy.test: ok
# Subtest: test module initialization completed
ok 1 - test module initialization completed
  ---
  duration_ms: 1.116143
  type: 'test'
  ...
1..1
# tests 1
# suites 0
# pass 1
# fail 0
# cancelled 0
# skipped 0
# todo 0
# duration_ms 298.972418
[node-tests] ok: tests/config/revocation-policy.test.js
TAP version 13
# rope-inverse-frequencies.test: ok
# Subtest: test module initialization completed
ok 1 - test module initialization completed
  ---
  duration_ms: 0.82771
  type: 'test'
  ...
1..1
# tests 1
# suites 0
# pass 1
# fail 0
# cancelled 0
# skipped 0
# todo 0
# duration_ms 102.157995
[node-tests] ok: tests/config/rope-inverse-frequencies.test.js
TAP version 13
# rule-registry.test: ok
# Subtest: test module initialization completed
ok 1 - test module initialization completed
  ---
  duration_ms: 0.927768
  type: 'test'
  ...
1..1
# tests 1
# suites 0
# pass 1
# fail 0
# cancelled 0
# skipped 0
# todo 0
# duration_ms 131.390026
[node-tests] ok: tests/config/rule-registry.test.js
TAP version 13
# runtime-kvcache-session-mirror-contract.test: ok
# Subtest: test module initialization completed
ok 1 - test module initialization completed
  ---
  duration_ms: 1.096015
  type: 'test'
  ...
1..1
# tests 1
# suites 0
# pass 1
# fail 0
# cancelled 0
# skipped 0
# todo 0
# duration_ms 114.320131
[node-tests] ok: tests/config/runtime-kvcache-session-mirror-contract.test.js
TAP version 13
# runtime-large-weights-defaults-contract.test: ok
# Subtest: test module initialization completed
ok 1 - test module initialization completed
  ---
  duration_ms: 0.974266
  type: 'test'
  ...
1..1
# tests 1
# suites 0
# pass 1
# fail 0
# cancelled 0
# skipped 0
# todo 0
# duration_ms 95.834709
[node-tests] ok: tests/config/runtime-large-weights-defaults-contract.test.js
TAP version 13
# [73.9ms][Config] Experimental: Overriding 2 allowlisted model param(s) via runtime: vision_config.image_size, audio_config.sample_rate. Manifest values are recommended.
# [77.7ms][Config] Experimental: Overriding 1 allowlisted model param(s) via runtime: vision_config.image_size. Manifest values are recommended.
# [78.3ms][Config] Experimental: Overriding 1 allowlisted model param(s) via runtime: vision_config.image_size. Manifest values are recommended.
# runtime-override-contract.test: ok
# Subtest: test module initialization completed
ok 1 - test module initialization completed
  ---
  duration_ms: 1.027556
  type: 'test'
  ...
1..1
# tests 1
# suites 0
# pass 1
# fail 0
# cancelled 0
# skipped 0
# todo 0
# duration_ms 108.276423
[node-tests] ok: tests/config/runtime-override-contract.test.js
TAP version 13
# runtime-ownership-decisions.test: ok
# Subtest: test module initialization completed
ok 1 - test module initialization completed
  ---
  duration_ms: 1.033397
  type: 'test'
  ...
1..1
# tests 1
# suites 0
# pass 1
# fail 0
# cancelled 0
# skipped 0
# todo 0
# duration_ms 142.235001
[node-tests] ok: tests/config/runtime-ownership-decisions.test.js
TAP version 13
# session-flags-merge.test: ok
# Subtest: test module initialization completed
ok 1 - test module initialization completed
  ---
  duration_ms: 0.841396
  type: 'test'
  ...
1..1
# tests 1
# suites 0
# pass 1
# fail 0
# cancelled 0
# skipped 0
# todo 0
# duration_ms 104.753705
[node-tests] ok: tests/config/session-flags-merge.test.js
TAP version 13
# signed-revocation-authority-qualification.test: ok
# Subtest: test module initialization completed
ok 1 - test module initialization completed
  ---
  duration_ms: 1.036273
  type: 'test'
  ...
1..1
# tests 1
# suites 0
# pass 1
# fail 0
# cancelled 0
# skipped 0
# todo 0
# duration_ms 142.965707
[node-tests] ok: tests/config/signed-revocation-authority-qualification.test.js
TAP version 13
# signed-revocation-updates.test: ok
# Subtest: test module initialization completed
ok 1 - test module initialization completed
  ---
  duration_ms: 1.014391
  type: 'test'
  ...
1..1
# tests 1
# suites 0
# pass 1
# fail 0
# cancelled 0
# skipped 0
# todo 0
# duration_ms 370.037364
[node-tests] ok: tests/config/signed-revocation-updates.test.js
TAP version 13
# Subtest: speculation-self schema
    # Subtest: has frozen defaults
    ok 1 - has frozen defaults
      ---
      duration_ms: 0.92372
      type: 'test'
      ...
    # Subtest: modes include none, self, draft, medusa
    ok 2 - modes include none, self, draft, medusa
      ---
      duration_ms: 0.746797
      type: 'test'
      ...
    # Subtest: verify modes include greedy
    ok 3 - verify modes include greedy
      ---
      duration_ms: 0.069511
      type: 'test'
      ...
    # Subtest: validates mode=none without error
    ok 4 - validates mode=none without error
      ---
      duration_ms: 0.08457
      type: 'test'
      ...
    # Subtest: validates mode=self tokens=1 without error
    ok 5 - validates mode=self tokens=1 without error
      ---
      duration_ms: 0.052409
      type: 'test'
      ...
    # Subtest: rejects mode=draft with explicit error
    ok 6 - rejects mode=draft with explicit error
      ---
      duration_ms: 0.267774
      type: 'test'
      ...
    # Subtest: rejects mode=medusa with explicit error
    ok 7 - rejects mode=medusa with explicit error
      ---
      duration_ms: 0.094448
      type: 'test'
      ...
    # Subtest: rejects unknown mode
    ok 8 - rejects unknown mode
      ---
      duration_ms: 0.142708
      type: 'test'
      ...
    # Subtest: validates tokens > 1 for self mode
    ok 9 - validates tokens > 1 for self mode
      ---
      duration_ms: 0.126748
      type: 'test'
      ...
    # Subtest: rejects tokens=0 for self mode
    ok 10 - rejects tokens=0 for self mode
      ---
      duration_ms: 0.270129
      type: 'test'
      ...
    # Subtest: rejects non-object config
    ok 11 - rejects non-object config
      ---
      duration_ms: 0.089128
      type: 'test'
      ...
    1..11
ok 1 - speculation-self schema
  ---
  duration_ms: 3.880763
  type: 'suite'
  ...
# Subtest: test module initialization completed
ok 2 - test module initialization completed
  ---
  duration_ms: 0.043492
  type: 'test'
  ...
1..2
# tests 12
# suites 1
# pass 12
# fail 0
# cancelled 0
# skipped 0
# todo 0
# duration_ms 95.106678
[node-tests] ok: tests/config/speculation-self-schema.test.js
TAP version 13
# summarize-conversion-reports.test: ok
# Subtest: test module initialization completed
ok 1 - test module initialization completed
  ---
  duration_ms: 1.013039
  type: 'test'
  ...
1..1
# tests 1
# suites 0
# pass 1
# fail 0
# cancelled 0
# skipped 0
# todo 0
# duration_ms 192.711392
[node-tests] ok: tests/config/summarize-conversion-reports.test.js
TAP version 13
# support-matrix-contract.test: ok
# Subtest: test module initialization completed
ok 1 - test module initialization completed
  ---
  duration_ms: 1.489998
  type: 'test'
  ...
1..1
# tests 1
# suites 0
# pass 1
# fail 0
# cancelled 0
# skipped 0
# todo 0
# duration_ms 240.435578
[node-tests] ok: tests/config/support-matrix-contract.test.js
TAP version 13
# ✔ target-plan.test.js passed
# Subtest: test module initialization completed
ok 1 - test module initialization completed
  ---
  duration_ms: 1.035862
  type: 'test'
  ...
1..1
# tests 1
# suites 0
# pass 1
# fail 0
# cancelled 0
# skipped 0
# todo 0
# duration_ms 148.520575
[node-tests] ok: tests/config/target-plan.test.js
TAP version 13
# tracked-benchmark-evidence-contract.test: ok
# Subtest: test module initialization completed
ok 1 - test module initialization completed
  ---
  duration_ms: 1.080957
  type: 'test'
  ...
1..1
# tests 1
# suites 0
# pass 1
# fail 0
# cancelled 0
# skipped 0
# todo 0
# duration_ms 314.606718
[node-tests] ok: tests/config/tracked-benchmark-evidence-contract.test.js
TAP version 13
# training-defaults-isolation.test: ok
# Subtest: test module initialization completed
ok 1 - test module initialization completed
  ---
  duration_ms: 0.973425
  type: 'test'
  ...
1..1
# tests 1
# suites 0
# pass 1
# fail 0
# cancelled 0
# skipped 0
# todo 0
# duration_ms 111.763635
[node-tests] ok: tests/config/training-defaults-isolation.test.js
TAP version 13
# Warning: maxDynamicUniformBuffersPerPipelineLayout artificially reduced from 500000 to 16 to fit dynamic offset allocation limit.
# Warning: maxDynamicStorageBuffersPerPipelineLayout artificially reduced from 500000 to 16 to fit dynamic offset allocation limit.
# [GPU] amd rdna-3, f16/subgroups, 4.0GB, submit probe: 0.4ms
# [234.9ms][KernelSelect] matmul variant=f32 reason=default
# training-freeze-enforcement.test: ok
# Subtest: test module initialization completed
ok 1 - test module initialization completed
  ---
  duration_ms: 1.073592
  type: 'test'
  ...
1..1
# tests 1
# suites 0
# pass 1
# fail 0
# cancelled 0
# skipped 0
# todo 0
# duration_ms 291.369934
[node-tests] ok: tests/config/training-freeze-enforcement.test.js
TAP version 13
# training-metrics-schema.test: ok
# Subtest: test module initialization completed
ok 1 - test module initialization completed
  ---
  duration_ms: 1.347109
  type: 'test'
  ...
1..1
# tests 1
# suites 0
# pass 1
# fail 0
# cancelled 0
# skipped 0
# todo 0
# duration_ms 112.54146
[node-tests] ok: tests/config/training-metrics-schema.test.js
TAP version 13
# training-report-id-publication.test: ok
# Subtest: test module initialization completed
ok 1 - test module initialization completed
  ---
  duration_ms: 1.101425
  type: 'test'
  ...
1..1
# tests 1
# suites 0
# pass 1
# fail 0
# cancelled 0
# skipped 0
# todo 0
# duration_ms 223.508233
[node-tests] ok: tests/config/training-report-id-publication.test.js
TAP version 13
# Warning: maxDynamicUniformBuffersPerPipelineLayout artificially reduced from 500000 to 16 to fit dynamic offset allocation limit.
# Warning: maxDynamicStorageBuffersPerPipelineLayout artificially reduced from 500000 to 16 to fit dynamic offset allocation limit.
# [GPU] amd rdna-3, f16/subgroups, 4.0GB, submit probe: 0.6ms
# [334.9ms][KernelSelect] matmul variant=f32 reason=default
# training-telemetry-alerts.test: ok
# Subtest: test module initialization completed
ok 1 - test module initialization completed
  ---
  duration_ms: 1.15182
  type: 'test'
  ...
1..1
# tests 1
# suites 0
# pass 1
# fail 0
# cancelled 0
# skipped 0
# todo 0
# duration_ms 403.692552
[node-tests] ok: tests/config/training-telemetry-alerts.test.js
TAP version 13
# training-telemetry-config-merge.test: ok
# Subtest: test module initialization completed
ok 1 - test module initialization completed
  ---
  duration_ms: 0.964487
  type: 'test'
  ...
1..1
# tests 1
# suites 0
# pass 1
# fail 0
# cancelled 0
# skipped 0
# todo 0
# duration_ms 110.919564
[node-tests] ok: tests/config/training-telemetry-config-merge.test.js
TAP version 13
# training-workload-capsules.test: ok
# Subtest: test module initialization completed
ok 1 - test module initialization completed
  ---
  duration_ms: 1.171508
  type: 'test'
  ...
1..1
# tests 1
# suites 0
# pass 1
# fail 0
# cancelled 0
# skipped 0
# todo 0
# duration_ms 348.510043
[node-tests] ok: tests/config/training-workload-capsules.test.js
TAP version 13
# training-workload-loader-v2.test: ok
# Subtest: test module initialization completed
ok 1 - test module initialization completed
  ---
  duration_ms: 1.789992
  type: 'test'
  ...
1..1
# tests 1
# suites 0
# pass 1
# fail 0
# cancelled 0
# skipped 0
# todo 0
# duration_ms 121.530599
[node-tests] ok: tests/config/training-workload-loader-v2.test.js
TAP version 13
# translategemma-conversion-config.test: ok
# Subtest: test module initialization completed
ok 1 - test module initialization completed
  ---
  duration_ms: 1.096707
  type: 'test'
  ...
1..1
# tests 1
# suites 0
# pass 1
# fail 0
# cancelled 0
# skipped 0
# todo 0
# duration_ms 92.924036
[node-tests] ok: tests/config/translategemma-conversion-config.test.js
TAP version 13
# translategemma-nativekd2-runtime-profile-contract.test: ok
# Subtest: test module initialization completed
ok 1 - test module initialization completed
  ---
  duration_ms: 1.004042
  type: 'test'
  ...
1..1
# tests 1
# suites 0
# pass 1
# fail 0
# cancelled 0
# skipped 0
# todo 0
# duration_ms 102.511691
[node-tests] ok: tests/config/translategemma-nativekd2-runtime-profile-contract.test.js
TAP version 13
# translation-artifact-competition-contract.test: ok
# Subtest: test module initialization completed
ok 1 - test module initialization completed
  ---
  duration_ms: 0.88113
  type: 'test'
  ...
1..1
# tests 1
# suites 0
# pass 1
# fail 0
# cancelled 0
# skipped 0
# todo 0
# duration_ms 100.894224
[node-tests] ok: tests/config/translation-artifact-competition-contract.test.js
TAP version 13
# turboquant-profile-contract.test: ok
# Subtest: test module initialization completed
ok 1 - test module initialization completed
  ---
  duration_ms: 0.982982
  type: 'test'
  ...
1..1
# tests 1
# suites 0
# pass 1
# fail 0
# cancelled 0
# skipped 0
# todo 0
# duration_ms 88.443112
[node-tests] ok: tests/config/turboquant-profile-contract.test.js
TAP version 13
# ul-artifacts-contract.test: ok
# Subtest: test module initialization completed
ok 1 - test module initialization completed
  ---
  duration_ms: 1.070086
  type: 'test'
  ...
1..1
# tests 1
# suites 0
# pass 1
# fail 0
# cancelled 0
# skipped 0
# todo 0
# duration_ms 152.772898
[node-tests] ok: tests/config/ul-artifacts-contract.test.js
TAP version 13
# ul-noise-schedule.test: ok
# Subtest: test module initialization completed
ok 1 - test module initialization completed
  ---
  duration_ms: 0.946053
  type: 'test'
  ...
1..1
# tests 1
# suites 0
# pass 1
# fail 0
# cancelled 0
# skipped 0
# todo 0
# duration_ms 108.507049
[node-tests] ok: tests/config/ul-noise-schedule.test.js
TAP version 13
# Warning: maxDynamicUniformBuffersPerPipelineLayout artificially reduced from 500000 to 16 to fit dynamic offset allocation limit.
# Warning: maxDynamicStorageBuffersPerPipelineLayout artificially reduced from 500000 to 16 to fit dynamic offset allocation limit.
# [GPU] amd rdna-3, f16/subgroups, 4.0GB, submit probe: 1.6ms
# ul-stage1-determinism.test: ok
# Subtest: test module initialization completed
ok 1 - test module initialization completed
  ---
  duration_ms: 1.190794
  type: 'test'
  ...
1..1
# tests 1
# suites 0
# pass 1
# fail 0
# cancelled 0
# skipped 0
# todo 0
# duration_ms 187.650919
[node-tests] ok: tests/config/ul-stage1-determinism.test.js
TAP version 13
# ul-stage1-objective.test: ok
# Subtest: test module initialization completed
ok 1 - test module initialization completed
  ---
  duration_ms: 1.185373
  type: 'test'
  ...
1..1
# tests 1
# suites 0
# pass 1
# fail 0
# cancelled 0
# skipped 0
# todo 0
# duration_ms 223.786348
[node-tests] ok: tests/config/ul-stage1-objective.test.js
TAP version 13
# ul-stage2-objective.test: ok
# Subtest: test module initialization completed
ok 1 - test module initialization completed
  ---
  duration_ms: 1.150929
  type: 'test'
  ...
1..1
# tests 1
# suites 0
# pass 1
# fail 0
# cancelled 0
# skipped 0
# todo 0
# duration_ms 217.173247
[node-tests] ok: tests/config/ul-stage2-objective.test.js
TAP version 13
# ul-training-schema.test: ok
# Subtest: test module initialization completed
ok 1 - test module initialization completed
  ---
  duration_ms: 0.935062
  type: 'test'
  ...
1..1
# tests 1
# suites 0
# pass 1
# fail 0
# cancelled 0
# skipped 0
# todo 0
# duration_ms 109.179265
[node-tests] ok: tests/config/ul-training-schema.test.js
TAP version 13
# vendor-bench-cli-contract.test: ok
# Subtest: test module initialization completed
ok 1 - test module initialization completed
  ---
  duration_ms: 1.281224
  type: 'test'
  ...
1..1
# tests 1
# suites 0
# pass 1
# fail 0
# cancelled 0
# skipped 0
# todo 0
# duration_ms 2316.605694
[node-tests] ok: tests/config/vendor-bench-cli-contract.test.js
TAP version 13
# verify-training-provenance.test: ok
# Subtest: test module initialization completed
ok 1 - test module initialization completed
  ---
  duration_ms: 1.144015
  type: 'test'
  ...
1..1
# tests 1
# suites 0
# pass 1
# fail 0
# cancelled 0
# skipped 0
# todo 0
# duration_ms 716.944542
[node-tests] ok: tests/config/verify-training-provenance.test.js
TAP version 13
# wgsl-language-contract.test: ok
# Subtest: test module initialization completed
ok 1 - test module initialization completed
  ---
  duration_ms: 0.920344
  type: 'test'
  ...
1..1
# tests 1
# suites 0
# pass 1
# fail 0
# cancelled 0
# skipped 0
# todo 0
# duration_ms 90.245088
[node-tests] ok: tests/config/wgsl-language-contract.test.js
TAP version 13
# wgsl-repair-v13-confirmation-materialization-contract.test: ok
# Subtest: test module initialization completed
ok 1 - test module initialization completed
  ---
  duration_ms: 0.873035
  type: 'test'
  ...
1..1
# tests 1
# suites 0
# pass 1
# fail 0
# cancelled 0
# skipped 0
# todo 0
# duration_ms 97.938165
[node-tests] ok: tests/config/wgsl-repair-v13-confirmation-materialization-contract.test.js
TAP version 13
# wgsl-repair-v13-seed-confirmation-contract.test: ok
# Subtest: test module initialization completed
ok 1 - test module initialization completed
  ---
  duration_ms: 1.435124
  type: 'test'
  ...
1..1
# tests 1
# suites 0
# pass 1
# fail 0
# cancelled 0
# skipped 0
# todo 0
# duration_ms 148.412412
[node-tests] ok: tests/config/wgsl-repair-v13-seed-confirmation-contract.test.js
TAP version 13
# wgsl-repair-v13-seed-selection-contract.test: ok
# Subtest: test module initialization completed
ok 1 - test module initialization completed
  ---
  duration_ms: 1.061891
  type: 'test'
  ...
1..1
# tests 1
# suites 0
# pass 1
# fail 0
# cancelled 0
# skipped 0
# todo 0
# duration_ms 119.69507
[node-tests] ok: tests/config/wgsl-repair-v13-seed-selection-contract.test.js
TAP version 13
# wgsl-repair-v13-semantic-contract.test: ok
# Subtest: test module initialization completed
ok 1 - test module initialization completed
  ---
  duration_ms: 1.033277
  type: 'test'
  ...
1..1
# tests 1
# suites 0
# pass 1
# fail 0
# cancelled 0
# skipped 0
# todo 0
# duration_ms 112.462322
[node-tests] ok: tests/config/wgsl-repair-v13-semantic-contract.test.js
TAP version 13
# wgsl-writer-v1-contract.test: ok
# Subtest: test module initialization completed
ok 1 - test module initialization completed
  ---
  duration_ms: 0.872133
  type: 'test'
  ...
1..1
# tests 1
# suites 0
# pass 1
# fail 0
# cancelled 0
# skipped 0
# todo 0
# duration_ms 94.161538
[node-tests] ok: tests/config/wgsl-writer-v1-contract.test.js
TAP version 13
# wgsl-writer-v1-diagnostic-contract.test: ok
# Subtest: test module initialization completed
ok 1 - test module initialization completed
  ---
  duration_ms: 1.015344
  type: 'test'
  ...
1..1
# tests 1
# suites 0
# pass 1
# fail 0
# cancelled 0
# skipped 0
# todo 0
# duration_ms 115.267978
[node-tests] ok: tests/config/wgsl-writer-v1-diagnostic-contract.test.js
TAP version 13
# wgsl-writer-v1-diagnostic-result.test: ok
# Subtest: test module initialization completed
ok 1 - test module initialization completed
  ---
  duration_ms: 1.007749
  type: 'test'
  ...
1..1
# tests 1
# suites 0
# pass 1
# fail 0
# cancelled 0
# skipped 0
# todo 0
# duration_ms 112.861554
[node-tests] ok: tests/config/wgsl-writer-v1-diagnostic-result.test.js
TAP version 13
# wgsl-writer-v1-reference-contract.test: ok
# Subtest: test module initialization completed
ok 1 - test module initialization completed
  ---
  duration_ms: 0.986599
  type: 'test'
  ...
1..1
# tests 1
# suites 0
# pass 1
# fail 0
# cancelled 0
# skipped 0
# todo 0
# duration_ms 117.751569
[node-tests] ok: tests/config/wgsl-writer-v1-reference-contract.test.js
TAP version 13
# bundled-tokenizer-vocab-size.test: ok
# Subtest: test module initialization completed
ok 1 - test module initialization completed
  ---
  duration_ms: 1.096897
  type: 'test'
  ...
1..1
# tests 1
# suites 0
# pass 1
# fail 0
# cancelled 0
# skipped 0
# todo 0
# duration_ms 177.963175
[node-tests] ok: tests/converter/bundled-tokenizer-vocab-size.test.js
TAP version 13
# classification-linear-attn-roles.test: ok
# Subtest: test module initialization completed
ok 1 - test module initialization completed
  ---
  duration_ms: 0.933759
  type: 'test'
  ...
1..1
# tests 1
# suites 0
# pass 1
# fail 0
# cancelled 0
# skipped 0
# todo 0
# duration_ms 89.496227
[node-tests] ok: tests/converter/classification-linear-attn-roles.test.js
TAP version 13
# conversion-plan.test: ok
# Subtest: test module initialization completed
ok 1 - test module initialization completed
  ---
  duration_ms: 1.066089
  type: 'test'
  ...
1..1
# tests 1
# suites 0
# pass 1
# fail 0
# cancelled 0
# skipped 0
# todo 0
# duration_ms 190.674286
[node-tests] ok: tests/converter/conversion-plan.test.js
TAP version 13
# core-bf16-f16-conversion.test: ok
# Subtest: test module initialization completed
ok 1 - test module initialization completed
  ---
  duration_ms: 1.001677
  type: 'test'
  ...
1..1
# tests 1
# suites 0
# pass 1
# fail 0
# cancelled 0
# skipped 0
# todo 0
# duration_ms 187.094912
[node-tests] ok: tests/converter/core-bf16-f16-conversion.test.js
TAP version 13
# core-bundled-tokenizer-flags.test: ok
# Subtest: test module initialization completed
ok 1 - test module initialization completed
  ---
  duration_ms: 0.993542
  type: 'test'
  ...
1..1
# tests 1
# suites 0
# pass 1
# fail 0
# cancelled 0
# skipped 0
# todo 0
# duration_ms 202.032198
[node-tests] ok: tests/converter/core-bundled-tokenizer-flags.test.js
TAP version 13
# core-contract.test: ok
# Subtest: test module initialization completed
ok 1 - test module initialization completed
  ---
  duration_ms: 1.048486
  type: 'test'
  ...
1..1
# tests 1
# suites 0
# pass 1
# fail 0
# cancelled 0
# skipped 0
# todo 0
# duration_ms 173.329113
[node-tests] ok: tests/converter/core-contract.test.js
TAP version 13
# core-extract-architecture.test: ok
# Subtest: test module initialization completed
ok 1 - test module initialization completed
  ---
  duration_ms: 1.049277
  type: 'test'
  ...
1..1
# tests 1
# suites 0
# pass 1
# fail 0
# cancelled 0
# skipped 0
# todo 0
# duration_ms 179.340901
[node-tests] ok: tests/converter/core-extract-architecture.test.js
TAP version 13
# core-gemma4-int4-ple-streaming.test: ok
# Subtest: test module initialization completed
ok 1 - test module initialization completed
  ---
  duration_ms: 1.253061
  type: 'test'
  ...
1..1
# tests 1
# suites 0
# pass 1
# fail 0
# cancelled 0
# skipped 0
# todo 0
# duration_ms 1170.210642
[node-tests] ok: tests/converter/core-gemma4-int4-ple-streaming.test.js
TAP version 13
# core-gemma4-int4-ple.test: ok
# Subtest: test module initialization completed
ok 1 - test module initialization completed
  ---
  duration_ms: 1.050239
  type: 'test'
  ...
1..1
# tests 1
# suites 0
# pass 1
# fail 0
# cancelled 0
# skipped 0
# todo 0
# duration_ms 179.523034
[node-tests] ok: tests/converter/core-gemma4-int4-ple.test.js
TAP version 13
# core-gemma4-unsupported-architecture.test: ok
# Subtest: test module initialization completed
ok 1 - test module initialization completed
  ---
  duration_ms: 1.0984
  type: 'test'
  ...
1..1
# tests 1
# suites 0
# pass 1
# fail 0
# cancelled 0
# skipped 0
# todo 0
# duration_ms 191.812211
[node-tests] ok: tests/converter/core-gemma4-unsupported-architecture.test.js
TAP version 13
# core-large-tensor-streaming.test: ok
# Subtest: test module initialization completed
ok 1 - test module initialization completed
  ---
  duration_ms: 0.996718
  type: 'test'
  ...
1..1
# tests 1
# suites 0
# pass 1
# fail 0
# cancelled 0
# skipped 0
# todo 0
# duration_ms 177.411536
[node-tests] ok: tests/converter/core-large-tensor-streaming.test.js
TAP version 13
# core-manifest-converted-at.test: ok
# Subtest: test module initialization completed
ok 1 - test module initialization completed
  ---
  duration_ms: 0.986208
  type: 'test'
  ...
1..1
# tests 1
# suites 0
# pass 1
# fail 0
# cancelled 0
# skipped 0
# todo 0
# duration_ms 173.78886
[node-tests] ok: tests/converter/core-manifest-converted-at.test.js
TAP version 13
# core-manifest-generation-config-eos.test: ok
# Subtest: test module initialization completed
ok 1 - test module initialization completed
  ---
  duration_ms: 1.034079
  type: 'test'
  ...
1..1
# tests 1
# suites 0
# pass 1
# fail 0
# cancelled 0
# skipped 0
# todo 0
# duration_ms 172.117029
[node-tests] ok: tests/converter/core-manifest-generation-config-eos.test.js
TAP version 13
# [142.0ms][Convert] Adjusted architecture.intermediateSize for "lfm2-intermediate-test": 12288 -> 8192 (from FFN tensor shapes)
# core-manifest-lfm2-intermediate.test: ok
# Subtest: test module initialization completed
ok 1 - test module initialization completed
  ---
  duration_ms: 1.007078
  type: 'test'
  ...
1..1
# tests 1
# suites 0
# pass 1
# fail 0
# cancelled 0
# skipped 0
# todo 0
# duration_ms 182.29613
[node-tests] ok: tests/converter/core-manifest-lfm2-intermediate.test.js
TAP version 13
# core-manifest-multimodal-token-ids.test: ok
# Subtest: test module initialization completed
ok 1 - test module initialization completed
  ---
  duration_ms: 1.051972
  type: 'test'
  ...
1..1
# tests 1
# suites 0
# pass 1
# fail 0
# cancelled 0
# skipped 0
# todo 0
# duration_ms 232.339737
[node-tests] ok: tests/converter/core-manifest-multimodal-token-ids.test.js
TAP version 13
# core-mixed-quantization.test: ok
# Subtest: test module initialization completed
ok 1 - test module initialization completed
  ---
  duration_ms: 1.123066
  type: 'test'
  ...
1..1
# tests 1
# suites 0
# pass 1
# fail 0
# cancelled 0
# skipped 0
# todo 0
# duration_ms 183.671021
[node-tests] ok: tests/converter/core-mixed-quantization.test.js
TAP version 13
# core-moe-manifest.test: ok
# Subtest: test module initialization completed
ok 1 - test module initialization completed
  ---
  duration_ms: 1.00303
  type: 'test'
  ...
1..1
# tests 1
# suites 0
# pass 1
# fail 0
# cancelled 0
# skipped 0
# todo 0
# duration_ms 190.862973
[node-tests] ok: tests/converter/core-moe-manifest.test.js
TAP version 13
# core-q4k-safetensors-quantization.test: ok
# Subtest: test module initialization completed
ok 1 - test module initialization completed
  ---
  duration_ms: 0.987731
  type: 'test'
  ...
1..1
# tests 1
# suites 0
# pass 1
# fail 0
# cancelled 0
# skipped 0
# todo 0
# duration_ms 193.322767
[node-tests] ok: tests/converter/core-q4k-safetensors-quantization.test.js
TAP version 13
# core-text-only-filter.test: ok
# Subtest: test module initialization completed
ok 1 - test module initialization completed
  ---
  duration_ms: 1.06682
  type: 'test'
  ...
1..1
# tests 1
# suites 0
# pass 1
# fail 0
# cancelled 0
# skipped 0
# todo 0
# duration_ms 196.052381
[node-tests] ok: tests/converter/core-text-only-filter.test.js
TAP version 13
# diffusion-parser.test: ok
# Subtest: test module initialization completed
ok 1 - test module initialization completed
  ---
  duration_ms: 1.051742
  type: 'test'
  ...
1..1
# tests 1
# suites 0
# pass 1
# fail 0
# cancelled 0
# skipped 0
# todo 0
# duration_ms 177.388032
[node-tests] ok: tests/converter/diffusion-parser.test.js
TAP version 13
# ✔ execution-candidate-forge.test.js passed
# Subtest: test module initialization completed
ok 1 - test module initialization completed
  ---
  duration_ms: 1.285832
  type: 'test'
  ...
1..1
# tests 1
# suites 0
# pass 1
# fail 0
# cancelled 0
# skipped 0
# todo 0
# duration_ms 198.776204
[node-tests] ok: tests/converter/execution-candidate-forge.test.js
TAP version 13
# ✔ forge-candidate-evaluation.test.js passed (synthetic contract evidence only)
# Subtest: test module initialization completed
ok 1 - test module initialization completed
  ---
  duration_ms: 0.989365
  type: 'test'
  ...
1..1
# tests 1
# suites 0
# pass 1
# fail 0
# cancelled 0
# skipped 0
# todo 0
# duration_ms 177.203484
[node-tests] ok: tests/converter/forge-candidate-evaluation.test.js
TAP version 13
# forge-qualification.test: ok (synthetic generation and sequence records)
# Subtest: test module initialization completed
ok 1 - test module initialization completed
  ---
  duration_ms: 0.855792
  type: 'test'
  ...
1..1
# tests 1
# suites 0
# pass 1
# fail 0
# cancelled 0
# skipped 0
# todo 0
# duration_ms 108.66652
[node-tests] ok: tests/converter/forge-qualification.test.js
TAP version 13
# ✔ forge-stages.test.js passed
# Subtest: test module initialization completed
ok 1 - test module initialization completed
  ---
  duration_ms: 1.11971
  type: 'test'
  ...
1..1
# tests 1
# suites 0
# pass 1
# fail 0
# cancelled 0
# skipped 0
# todo 0
# duration_ms 226.012305
[node-tests] ok: tests/converter/forge-stages.test.js
TAP version 13
# gguf-parser.test: ok
# Subtest: test module initialization completed
ok 1 - test module initialization completed
  ---
  duration_ms: 1.033677
  type: 'test'
  ...
1..1
# tests 1
# suites 0
# pass 1
# fail 0
# cancelled 0
# skipped 0
# todo 0
# duration_ms 190.671122
[node-tests] ok: tests/converter/gguf-parser.test.js
TAP version 13
# [97.5ms][Config] Using manifest-first config (source of truth)
# [101.0ms][Config] Using manifest-first config (source of truth)
# layer-pattern-every-n.test: ok
# Subtest: test module initialization completed
ok 1 - test module initialization completed
  ---
  duration_ms: 1.037174
  type: 'test'
  ...
1..1
# tests 1
# suites 0
# pass 1
# fail 0
# cancelled 0
# skipped 0
# todo 0
# duration_ms 135.546079
[node-tests] ok: tests/converter/layer-pattern-every-n.test.js
TAP version 13
# ✔ lineage-lowering-forge.test.js passed
# Subtest: test module initialization completed
ok 1 - test module initialization completed
  ---
  duration_ms: 1.072932
  type: 'test'
  ...
1..1
# tests 1
# suites 0
# pass 1
# fail 0
# cancelled 0
# skipped 0
# todo 0
# duration_ms 177.042722
[node-tests] ok: tests/converter/lineage-lowering-forge.test.js
TAP version 13
# ✔ manifest-conversion-postflight.test.js passed
# Subtest: test module initialization completed
ok 1 - test module initialization completed
  ---
  duration_ms: 1.112947
  type: 'test'
  ...
1..1
# tests 1
# suites 0
# pass 1
# fail 0
# cancelled 0
# skipped 0
# todo 0
# duration_ms 204.709434
[node-tests] ok: tests/converter/manifest-conversion-postflight.test.js
TAP version 13
# ✔ manifest-conversion-preflight.test.js passed
# Subtest: test module initialization completed
ok 1 - test module initialization completed
  ---
  duration_ms: 1.093099
  type: 'test'
  ...
1..1
# tests 1
# suites 0
# pass 1
# fail 0
# cancelled 0
# skipped 0
# todo 0
# duration_ms 225.916565
[node-tests] ok: tests/converter/manifest-conversion-preflight.test.js
TAP version 13
# qat-quantization-info.test: ok
# Subtest: test module initialization completed
ok 1 - test module initialization completed
  ---
  duration_ms: 1.169574
  type: 'test'
  ...
1..1
# tests 1
# suites 0
# pass 1
# fail 0
# cancelled 0
# skipped 0
# todo 0
# duration_ms 265.246955
[node-tests] ok: tests/converter/qat-quantization-info.test.js
TAP version 13
# quantizer.test: ok
# Subtest: test module initialization completed
ok 1 - test module initialization completed
  ---
  duration_ms: 1.200492
  type: 'test'
  ...
1..1
# tests 1
# suites 0
# pass 1
# fail 0
# cancelled 0
# skipped 0
# todo 0
# duration_ms 196.263981
[node-tests] ok: tests/converter/quantizer.test.js
TAP version 13
# ✔ release-to-javascript-receipt.test.js passed
# Subtest: test module initialization completed
ok 1 - test module initialization completed
  ---
  duration_ms: 1.455112
  type: 'test'
  ...
1..1
# tests 1
# suites 0
# pass 1
# fail 0
# cancelled 0
# skipped 0
# todo 0
# duration_ms 138.279581
[node-tests] ok: tests/converter/release-to-javascript-receipt.test.js
TAP version 13
# rope-config.test: ok
# Subtest: test module initialization completed
ok 1 - test module initialization completed
  ---
  duration_ms: 0.961482
  type: 'test'
  ...
1..1
# tests 1
# suites 0
# pass 1
# fail 0
# cancelled 0
# skipped 0
# todo 0
# duration_ms 107.574292
[node-tests] ok: tests/converter/rope-config.test.js
TAP version 13
# [92.8ms][Config] Using manifest-first config (source of truth)
# [95.5ms][Config] Using manifest-first config (source of truth)
# rope-local-scaling-parse.test: ok
# Subtest: test module initialization completed
ok 1 - test module initialization completed
  ---
  duration_ms: 1.04571
  type: 'test'
  ...
1..1
# tests 1
# suites 0
# pass 1
# fail 0
# cancelled 0
# skipped 0
# todo 0
# duration_ms 134.444564
[node-tests] ok: tests/converter/rope-local-scaling-parse.test.js
TAP version 13
# ✔ safetensors-header-evidence.test.js passed
# Subtest: test module initialization completed
ok 1 - test module initialization completed
  ---
  duration_ms: 0.940572
  type: 'test'
  ...
1..1
# tests 1
# suites 0
# pass 1
# fail 0
# cancelled 0
# skipped 0
# todo 0
# duration_ms 94.628348
[node-tests] ok: tests/converter/safetensors-header-evidence.test.js
TAP version 13
# ✔ semantic-manifest-lowering.test.js passed
# Subtest: test module initialization completed
ok 1 - test module initialization completed
  ---
  duration_ms: 1.033157
  type: 'test'
  ...
1..1
# tests 1
# suites 0
# pass 1
# fail 0
# cancelled 0
# skipped 0
# todo 0
# duration_ms 225.910744
[node-tests] ok: tests/converter/semantic-manifest-lowering.test.js
TAP version 13
# shard-packer-contract.test: ok
# Subtest: test module initialization completed
ok 1 - test module initialization completed
  ---
  duration_ms: 1.053294
  type: 'test'
  ...
1..1
# tests 1
# suites 0
# pass 1
# fail 0
# cancelled 0
# skipped 0
# todo 0
# duration_ms 185.605608
[node-tests] ok: tests/converter/shard-packer-contract.test.js
TAP version 13
# ✔ source-acquisition.test.js passed
# Subtest: test module initialization completed
ok 1 - test module initialization completed
  ---
  duration_ms: 0.874618
  type: 'test'
  ...
1..1
# tests 1
# suites 0
# pass 1
# fail 0
# cancelled 0
# skipped 0
# todo 0
# duration_ms 112.136299
[node-tests] ok: tests/converter/source-acquisition.test.js
TAP version 13
# source-rotary-frequencies.test: ok
# Subtest: test module initialization completed
ok 1 - test module initialization completed
  ---
  duration_ms: 0.85997
  type: 'test'
  ...
1..1
# tests 1
# suites 0
# pass 1
# fail 0
# cancelled 0
# skipped 0
# todo 0
# duration_ms 109.885267
[node-tests] ok: tests/converter/source-rotary-frequencies.test.js
TAP version 13
# source-tensor-rules.test: ok
# Subtest: test module initialization completed
ok 1 - test module initialization completed
  ---
  duration_ms: 0.935303
  type: 'test'
  ...
1..1
# tests 1
# suites 0
# pass 1
# fail 0
# cancelled 0
# skipped 0
# todo 0
# duration_ms 86.902471
[node-tests] ok: tests/converter/source-tensor-rules.test.js
TAP version 13
# source-tokenizer.test: ok
# Subtest: test module initialization completed
ok 1 - test module initialization completed
  ---
  duration_ms: 0.926736
  type: 'test'
  ...
1..1
# tests 1
# suites 0
# pass 1
# fail 0
# cancelled 0
# skipped 0
# todo 0
# duration_ms 96.529942
[node-tests] ok: tests/converter/source-tokenizer.test.js
TAP version 13
# ✔ source-truth-forge.test.js passed
# Subtest: test module initialization completed
ok 1 - test module initialization completed
  ---
  duration_ms: 0.858919
  type: 'test'
  ...
1..1
# tests 1
# suites 0
# pass 1
# fail 0
# cancelled 0
# skipped 0
# todo 0
# duration_ms 101.566833
[node-tests] ok: tests/converter/source-truth-forge.test.js
TAP version 13
# ✔ tensor-role-closure.test.js passed
# Subtest: test module initialization completed
ok 1 - test module initialization completed
  ---
  duration_ms: 1.037194
  type: 'test'
  ...
1..1
# tests 1
# suites 0
# pass 1
# fail 0
# cancelled 0
# skipped 0
# todo 0
# duration_ms 125.671394
[node-tests] ok: tests/converter/tensor-role-closure.test.js
TAP version 13
# tokenizer-utils.test: ok
# Subtest: test module initialization completed
ok 1 - test module initialization completed
  ---
  duration_ms: 0.850823
  type: 'test'
  ...
1..1
# tests 1
# suites 0
# pass 1
# fail 0
# cancelled 0
# skipped 0
# todo 0
# duration_ms 100.246084
[node-tests] ok: tests/converter/tokenizer-utils.test.js
TAP version 13
# transformer-parser-embedding-postprocessor.test: ok
# Subtest: test module initialization completed
ok 1 - test module initialization completed
  ---
  duration_ms: 0.97667
  type: 'test'
  ...
1..1
# tests 1
# suites 0
# pass 1
# fail 0
# cancelled 0
# skipped 0
# todo 0
# duration_ms 85.191076
[node-tests] ok: tests/converter/transformer-parser-embedding-postprocessor.test.js
TAP version 13
# conversation.test: ok
# Subtest: test module initialization completed
ok 1 - test module initialization completed
  ---
  duration_ms: 0.901308
  type: 'test'
  ...
1..1
# tests 1
# suites 0
# pass 1
# fail 0
# cancelled 0
# skipped 0
# todo 0
# duration_ms 85.378178
[node-tests] ok: tests/demo/conversation.test.js
TAP version 13
# demo-models.test: ok
# Subtest: test module initialization completed
ok 1 - test module initialization completed
  ---
  duration_ms: 1.132974
  type: 'test'
  ...
1..1
# tests 1
# suites 0
# pass 1
# fail 0
# cancelled 0
# skipped 0
# todo 0
# duration_ms 338.804171
[node-tests] ok: tests/demo/demo-models.test.js
TAP version 13
# demo-ui-controls.test: ok
# Subtest: test module initialization completed
ok 1 - test module initialization completed
  ---
  duration_ms: 0.871391
  type: 'test'
  ...
1..1
# tests 1
# suites 0
# pass 1
# fail 0
# cancelled 0
# skipped 0
# todo 0
# duration_ms 87.368499
[node-tests] ok: tests/demo/demo-ui-controls.test.js
TAP version 13
# input.test: ok
# Subtest: test module initialization completed
ok 1 - test module initialization completed
  ---
  duration_ms: 1.153193
  type: 'test'
  ...
1..1
# tests 1
# suites 0
# pass 1
# fail 0
# cancelled 0
# skipped 0
# todo 0
# duration_ms 320.402426
[node-tests] ok: tests/demo/input.test.js
TAP version 13
# report.test: ok
# Subtest: test module initialization completed
ok 1 - test module initialization completed
  ---
  duration_ms: 1.191335
  type: 'test'
  ...
1..1
# tests 1
# suites 0
# pass 1
# fail 0
# cancelled 0
# skipped 0
# todo 0
# duration_ms 329.442791
[node-tests] ok: tests/demo/report.test.js
TAP version 13
# xray-runtime-notice.test: ok
# Subtest: test module initialization completed
ok 1 - test module initialization completed
  ---
  duration_ms: 0.84406
  type: 'test'
  ...
1..1
# tests 1
# suites 0
# pass 1
# fail 0
# cancelled 0
# skipped 0
# todo 0
# duration_ms 98.901912
[node-tests] ok: tests/demo/xray-runtime-notice.test.js
TAP version 13
# litert-types.test: ok
# Subtest: test module initialization completed
ok 1 - test module initialization completed
  ---
  duration_ms: 0.86484
  type: 'test'
  ...
1..1
# tests 1
# suites 0
# pass 1
# fail 0
# cancelled 0
# skipped 0
# todo 0
# duration_ms 95.501324
[node-tests] ok: tests/formats/litert-types.test.js
TAP version 13
# rdrr-distributed-contract.test: ok
# Subtest: test module initialization completed
ok 1 - test module initialization completed
  ---
  duration_ms: 0.937125
  type: 'test'
  ...
1..1
# tests 1
# suites 0
# pass 1
# fail 0
# cancelled 0
# skipped 0
# todo 0
# duration_ms 98.616454
[node-tests] ok: tests/formats/rdrr-distributed-contract.test.js
TAP version 13
# rdrr-integrity.test: ok
# Subtest: test module initialization completed
ok 1 - test module initialization completed
  ---
  duration_ms: 1.106235
  type: 'test'
  ...
1..1
# tests 1
# suites 0
# pass 1
# fail 0
# cancelled 0
# skipped 0
# todo 0
# duration_ms 180.883771
[node-tests] ok: tests/formats/rdrr-integrity.test.js
TAP version 13
# rdrr-lowerings: all assertions passed
# Subtest: test module initialization completed
ok 1 - test module initialization completed
  ---
  duration_ms: 1.128507
  type: 'test'
  ...
1..1
# tests 1
# suites 0
# pass 1
# fail 0
# cancelled 0
# skipped 0
# todo 0
# duration_ms 158.595894
[node-tests] ok: tests/formats/rdrr-lowerings.test.js
TAP version 13
# rdrr-merkle.test: ok
# Subtest: test module initialization completed
ok 1 - test module initialization completed
  ---
  duration_ms: 1.095494
  type: 'test'
  ...
1..1
# tests 1
# suites 0
# pass 1
# fail 0
# cancelled 0
# skipped 0
# todo 0
# duration_ms 105.976392
[node-tests] ok: tests/formats/rdrr-merkle.test.js
TAP version 13
# rdrr-parsing-contract.test: ok
# Subtest: test module initialization completed
ok 1 - test module initialization completed
  ---
  duration_ms: 1.084464
  type: 'test'
  ...
1..1
# tests 1
# suites 0
# pass 1
# fail 0
# cancelled 0
# skipped 0
# todo 0
# duration_ms 194.571192
[node-tests] ok: tests/formats/rdrr-parsing-contract.test.js
TAP version 13
# rdrr-slice-compiler.test: ok
# Subtest: test module initialization completed
ok 1 - test module initialization completed
  ---
  duration_ms: 0.877904
  type: 'test'
  ...
1..1
# tests 1
# suites 0
# pass 1
# fail 0
# cancelled 0
# skipped 0
# todo 0
# duration_ms 101.811825
[node-tests] ok: tests/formats/rdrr-slice-compiler.test.js
TAP version 13
# rdrr-tensor-config-validator-aliases.test: ok
# Subtest: test module initialization completed
ok 1 - test module initialization completed
  ---
  duration_ms: 0.937066
  type: 'test'
  ...
1..1
# tests 1
# suites 0
# pass 1
# fail 0
# cancelled 0
# skipped 0
# todo 0
# duration_ms 89.070066
[node-tests] ok: tests/formats/rdrr-tensor-config-validator-aliases.test.js
TAP version 13
# rdrr-validation.test: ok
# Subtest: test module initialization completed
ok 1 - test module initialization completed
  ---
  duration_ms: 1.108008
  type: 'test'
  ...
1..1
# tests 1
# suites 0
# pass 1
# fail 0
# cancelled 0
# skipped 0
# todo 0
# duration_ms 159.991063
[node-tests] ok: tests/formats/rdrr-validation.test.js
TAP version 13
# classification-gemma4-per-layer-embed.test: ok
# Subtest: test module initialization completed
ok 1 - test module initialization completed
  ---
  duration_ms: 0.931215
  type: 'test'
  ...
1..1
# tests 1
# suites 0
# pass 1
# fail 0
# cancelled 0
# skipped 0
# todo 0
# duration_ms 87.808789
[node-tests] ok: tests/formats/rdrr/classification-gemma4-per-layer-embed.test.js
TAP version 13
# {"test":"sha256-incremental","passed":true,"workspace":{"inputBytes":1048635,"oneShotTypedArrayBytes":512,"streamingTypedArrayBytes":544},"longInputBytes":537919488}
# Subtest: test module initialization completed
ok 1 - test module initialization completed
  ---
  duration_ms: 1.355995
  type: 'test'
  ...
1..1
# tests 1
# suites 0
# pass 1
# fail 0
# cancelled 0
# skipped 0
# todo 0
# duration_ms 4745.183179
[node-tests] ok: tests/formats/sha256-incremental.test.js
TAP version 13
# tflite-types.test: ok
# Subtest: test module initialization completed
ok 1 - test module initialization completed
  ---
  duration_ms: 0.993122
  type: 'test'
  ...
1..1
# tests 1
# suites 0
# pass 1
# fail 0
# cancelled 0
# skipped 0
# todo 0
# duration_ms 110.312333
[node-tests] ok: tests/formats/tflite-types.test.js
TAP version 13
# adam-logical-shape-contract.test: ok
# Subtest: test module initialization completed
ok 1 - test module initialization completed
  ---
  duration_ms: 1.038928
  type: 'test'
  ...
1..1
# tests 1
# suites 0
# pass 1
# fail 0
# cancelled 0
# skipped 0
# todo 0
# duration_ms 93.795601
[node-tests] ok: tests/gpu/adam-logical-shape-contract.test.js
TAP version 13
# [169.1ms][KernelSelect] attention variant=decode_online_f16kv reason=subgroup_capable
# [173.9ms][KernelSelect] attention variant=decode_online_head256_f16kv_output_gate reason=path_override:subgroup
# attention-online-constants.test: ok
# Subtest: test module initialization completed
ok 1 - test module initialization completed
  ---
  duration_ms: 1.131371
  type: 'test'
  ...
1..1
# tests 1
# suites 0
# pass 1
# fail 0
# cancelled 0
# skipped 0
# todo 0
# duration_ms 212.849605
[node-tests] ok: tests/gpu/attention-online-constants.test.js
TAP version 13
# cast-large-dispatch-contract.test: ok
# Subtest: test module initialization completed
ok 1 - test module initialization completed
  ---
  duration_ms: 0.983062
  type: 'test'
  ...
1..1
# tests 1
# suites 0
# pass 1
# fail 0
# cancelled 0
# skipped 0
# todo 0
# duration_ms 104.810716
[node-tests] ok: tests/gpu/cast-large-dispatch-contract.test.js
TAP version 13
# check-stop-cleanup.test: ok
# Subtest: test module initialization completed
ok 1 - test module initialization completed
  ---
  duration_ms: 0.949719
  type: 'test'
  ...
1..1
# tests 1
# suites 0
# pass 1
# fail 0
# cancelled 0
# skipped 0
# todo 0
# duration_ms 179.856586
[node-tests] ok: tests/gpu/check-stop-cleanup.test.js
TAP version 13
# [85.7ms][CommandRecorder] Deferred cleanup failed: device lost
# [93.3ms][CommandRecorder] Failed to initialize profiling: Error: createBuffer failed at 2
# command-recorder-cleanup.test: ok
# Subtest: test module initialization completed
ok 1 - test module initialization completed
  ---
  duration_ms: 0.988262
  type: 'test'
  ...
1..1
# tests 1
# suites 0
# pass 1
# fail 0
# cancelled 0
# skipped 0
# todo 0
# duration_ms 127.492125
[node-tests] ok: tests/gpu/command-recorder-cleanup.test.js
TAP version 13
# cross-entropy-ignore-contract.test: ok
# Subtest: test module initialization completed
ok 1 - test module initialization completed
  ---
  duration_ms: 0.940682
  type: 'test'
  ...
1..1
# tests 1
# suites 0
# pass 1
# fail 0
# cancelled 0
# skipped 0
# todo 0
# duration_ms 84.879379
[node-tests] ok: tests/gpu/cross-entropy-ignore-contract.test.js
TAP version 13
# dequant-numeric.test: ok
# Subtest: test module initialization completed
ok 1 - test module initialization completed
  ---
  duration_ms: 1.177339
  type: 'test'
  ...
1..1
# tests 1
# suites 0
# pass 1
# fail 0
# cancelled 0
# skipped 0
# todo 0
# duration_ms 164.793723
[node-tests] ok: tests/gpu/dequant-numeric.test.js
TAP version 13
# [89.0ms][GPU] Device lost: current device lost, Reason: destroyed
# [92.1ms][GPU] Device lost: current device lost, Reason: destroyed
# device-buffer-pool-epoch.test: ok
# Subtest: test module initialization completed
ok 1 - test module initialization completed
  ---
  duration_ms: 1.000395
  type: 'test'
  ...
1..1
# tests 1
# suites 0
# pass 1
# fail 0
# cancelled 0
# skipped 0
# todo 0
# duration_ms 130.576206
[node-tests] ok: tests/gpu/device-buffer-pool-epoch.test.js
TAP version 13
# [76.1ms][Platform] No specific platform matched for adapter (vendor=unit, arch=feature-retry), falling back to generic
# [81.6ms][GPU] Failed to request device with features [shader-f16, subgroups, timestamp-query]: timestamp-query denied in this context
# [GPU] unit feature-retry, f16/subgroups, 0.0GB, submit probe: 0.0ms
# device-feature-retry.test: ok
# Subtest: test module initialization completed
ok 1 - test module initialization completed
  ---
  duration_ms: 1.025392
  type: 'test'
  ...
1..1
# tests 1
# suites 0
# pass 1
# fail 0
# cancelled 0
# skipped 0
# todo 0
# duration_ms 119.047412
[node-tests] ok: tests/gpu/device-feature-retry.test.js
TAP version 13
# device-gpubuffer-constructor.test: ok
# Subtest: test module initialization completed
ok 1 - test module initialization completed
  ---
  duration_ms: 1.439482
  type: 'test'
  ...
1..1
# tests 1
# suites 0
# pass 1
# fail 0
# cancelled 0
# skipped 0
# todo 0
# duration_ms 141.106419
[node-tests] ok: tests/gpu/device-gpubuffer-constructor.test.js
TAP version 13
# [85.4ms][Platform] No specific platform matched for adapter (vendor=unit, arch=device-ownership), falling back to generic
# [GPU] unit device-ownership, basic, 0.0GB
# [93.7ms][Platform] No specific platform matched for adapter (vendor=unit, arch=device-ownership), falling back to generic
# [GPU] unit device-ownership, basic, 0.0GB
# device-ownership-contract.test: ok
# Subtest: test module initialization completed
ok 1 - test module initialization completed
  ---
  duration_ms: 0.989334
  type: 'test'
  ...
1..1
# tests 1
# suites 0
# pass 1
# fail 0
# cancelled 0
# skipped 0
# todo 0
# duration_ms 129.92509
[node-tests] ok: tests/gpu/device-ownership-contract.test.js
TAP version 13
# dispatch-device-loss-context.test: ok
# Subtest: test module initialization completed
ok 1 - test module initialization completed
  ---
  duration_ms: 0.986829
  type: 'test'
  ...
1..1
# tests 1
# suites 0
# pass 1
# fail 0
# cancelled 0
# skipped 0
# todo 0
# duration_ms 112.074073
[node-tests] ok: tests/gpu/dispatch-device-loss-context.test.js
TAP version 13
# energy-cleanup.test: ok
# Subtest: test module initialization completed
ok 1 - test module initialization completed
  ---
  duration_ms: 1.127865
  type: 'test'
  ...
1..1
# tests 1
# suites 0
# pass 1
# fail 0
# cancelled 0
# skipped 0
# todo 0
# duration_ms 206.7806
[node-tests] ok: tests/gpu/energy-cleanup.test.js
TAP version 13
# gather-contract.test: ok
# Subtest: test module initialization completed
ok 1 - test module initialization completed
  ---
  duration_ms: 1.62422
  type: 'test'
  ...
1..1
# tests 1
# suites 0
# pass 1
# fail 0
# cancelled 0
# skipped 0
# todo 0
# duration_ms 257.643221
[node-tests] ok: tests/gpu/gather-contract.test.js
TAP version 13
# kernel-binding-contract.test: named roles, moved/optional resources, resolver agreement passed
# Subtest: test module initialization completed
ok 1 - test module initialization completed
  ---
  duration_ms: 1.132013
  type: 'test'
  ...
1..1
# tests 1
# suites 0
# pass 1
# fail 0
# cancelled 0
# skipped 0
# todo 0
# duration_ms 174.433097
[node-tests] ok: tests/gpu/kernel-binding-contract.test.js
TAP version 13
# [171.8ms][KernelSelect] matmul variant=q4_fused_gemv reason=path_override
# kernel-contract-regressions.test: ok
# Subtest: test module initialization completed
ok 1 - test module initialization completed
  ---
  duration_ms: 1.020212
  type: 'test'
  ...
1..1
# tests 1
# suites 0
# pass 1
# fail 0
# cancelled 0
# skipped 0
# todo 0
# duration_ms 215.6379
[node-tests] ok: tests/gpu/kernel-contract-regressions.test.js
TAP version 13
# kernel-language-selection.test: ok
# Subtest: test module initialization completed
ok 1 - test module initialization completed
  ---
  duration_ms: 1.136091
  type: 'test'
  ...
1..1
# tests 1
# suites 0
# pass 1
# fail 0
# cancelled 0
# skipped 0
# todo 0
# duration_ms 191.501339
[node-tests] ok: tests/gpu/kernel-language-selection.test.js
TAP version 13
# kernel-uniform-writers.test: 355 variants, 2976 fields passed
# Subtest: test module initialization completed
ok 1 - test module initialization completed
  ---
  duration_ms: 1.16193
  type: 'test'
  ...
1..1
# tests 1
# suites 0
# pass 1
# fail 0
# cancelled 0
# skipped 0
# todo 0
# duration_ms 533.31209
[node-tests] ok: tests/gpu/kernel-uniform-writers.test.js
TAP version 13
# [227.9ms][KernelSelect] matmul variant=gemv_subgroup_vec4 reason=gemv
# [228.7ms][KernelSelect] matmul variant=f32 reason=default
# kernel-wrapper-cleanup.test: ok
# Subtest: test module initialization completed
ok 1 - test module initialization completed
  ---
  duration_ms: 1.043607
  type: 'test'
  ...
1..1
# tests 1
# suites 0
# pass 1
# fail 0
# cancelled 0
# skipped 0
# todo 0
# duration_ms 277.104873
[node-tests] ok: tests/gpu/kernel-wrapper-cleanup.test.js
TAP version 13
# Subtest: test module initialization completed
ok 1 - test module initialization completed
  ---
  duration_ms: 0.943608
  type: 'test'
  ...
1..1
# tests 1
# suites 0
# pass 1
# fail 0
# cancelled 0
# skipped 0
# todo 0
# duration_ms 221.842051
[node-tests] ok: tests/gpu/lm-head-argmax-recorder.test.js
TAP version 13
# [88.4ms][LogitMerge] Kernel initialized
# [90.4ms][LogitMerge] Kernel initialized
# [92.1ms][LogitMerge] Kernel initialized
# [93.7ms][LogitMerge] Kernel initialized
# [94.7ms][LogitMerge] Kernel initialized
# logit-merge-cleanup.test: ok
# Subtest: test module initialization completed
ok 1 - test module initialization completed
  ---
  duration_ms: 0.937827
  type: 'test'
  ...
1..1
# tests 1
# suites 0
# pass 1
# fail 0
# cancelled 0
# skipped 0
# todo 0
# duration_ms 131.137224
[node-tests] ok: tests/gpu/logit-merge-cleanup.test.js
TAP version 13
# matmul-backward-transpose-contract.test: ok
# Subtest: test module initialization completed
ok 1 - test module initialization completed
  ---
  duration_ms: 1.336128
  type: 'test'
  ...
1..1
# tests 1
# suites 0
# pass 1
# fail 0
# cancelled 0
# skipped 0
# todo 0
# duration_ms 219.125632
[node-tests] ok: tests/gpu/matmul-backward-transpose-contract.test.js
TAP version 13
# matmul-config-immutability: specialized dispatch retains immutable generated uniform contract
# Subtest: test module initialization completed
ok 1 - test module initialization completed
  ---
  duration_ms: 1.325798
  type: 'test'
  ...
1..1
# tests 1
# suites 0
# pass 1
# fail 0
# cancelled 0
# skipped 0
# todo 0
# duration_ms 197.845123
[node-tests] ok: tests/gpu/matmul-config-immutability.test.js
TAP version 13
# matmul-dispatch-contract.test: ok
# Subtest: test module initialization completed
ok 1 - test module initialization completed
  ---
  duration_ms: 1.101986
  type: 'test'
  ...
1..1
# tests 1
# suites 0
# pass 1
# fail 0
# cancelled 0
# skipped 0
# todo 0
# duration_ms 191.970874
[node-tests] ok: tests/gpu/matmul-dispatch-contract.test.js
TAP version 13
# pipeline-cache-hot-path.test: ok
# Subtest: test module initialization completed
ok 1 - test module initialization completed
  ---
  duration_ms: 1.053765
  type: 'test'
  ...
1..1
# tests 1
# suites 0
# pass 1
# fail 0
# cancelled 0
# skipped 0
# todo 0
# duration_ms 180.827016
[node-tests] ok: tests/gpu/pipeline-cache-hot-path.test.js
TAP version 13
# Subtest: explicit devices retain provider WGSL requirements and reject missing features
ok 1 - explicit devices retain provider WGSL requirements and reject missing features
  ---
  duration_ms: 3.389838
  type: 'test'
  ...
# Subtest: layout identity uses descriptors, including WebGPU defaults, and ordered layout objects
ok 2 - layout identity uses descriptors, including WebGPU defaults, and ordered layout objects
  ---
  duration_ms: 0.616261
  type: 'test'
  ...
# Subtest: compute cache distinguishes actual layouts and shader bytes
ok 3 - compute cache distinguishes actual layouts and shader bytes
  ---
  duration_ms: 0.561368
  type: 'test'
  ...
# [141.2ms][GPU] Device lost: injected loss, Reason: unknown
# Subtest: concurrent compilation is shared, failures retry, and sync lookup never returns a promise
ok 4 - concurrent compilation is shared, failures retry, and sync lookup never returns a promise
  ---
  duration_ms: 2.420712
  type: 'test'
  ...
# Subtest: device loss during compilation rejects the result and cannot populate the cache
ok 5 - device loss during compilation rejects the result and cannot populate the cache
  ---
  duration_ms: 2.14414
  type: 'test'
  ...
# Subtest: device replacement while shader diagnostics are pending cannot compile a pipeline
ok 6 - device replacement while shader diagnostics are pending cannot compile a pipeline
  ---
  duration_ms: 0.453224
  type: 'test'
  ...
# Subtest: clearing caches during compilation prevents late cache publication
ok 7 - clearing caches during compilation prevents late cache publication
  ---
  duration_ms: 0.4774
  type: 'test'
  ...
# Subtest: explicit device preparation survives unrelated default-device replacement
ok 8 - explicit device preparation survives unrelated default-device replacement
  ---
  duration_ms: 0.275129
  type: 'test'
  ...
# Subtest: test module initialization completed
ok 9 - test module initialization completed
  ---
  duration_ms: 0.096862
  type: 'test'
  ...
1..9
# tests 9
# suites 0
# pass 9
# fail 0
# cancelled 0
# skipped 0
# todo 0
# duration_ms 175.969453
[node-tests] ok: tests/gpu/pipeline-cache-identity.test.js
TAP version 13
# readback-utils.test: ok
# Subtest: test module initialization completed
ok 1 - test module initialization completed
  ---
  duration_ms: 0.896669
  type: 'test'
  ...
1..1
# tests 1
# suites 0
# pass 1
# fail 0
# cancelled 0
# skipped 0
# todo 0
# duration_ms 93.21671
[node-tests] ok: tests/gpu/readback-utils.test.js
TAP version 13
# rep-penalty-rules.test: ok
# Subtest: test module initialization completed
ok 1 - test module initialization completed
  ---
  duration_ms: 1.205802
  type: 'test'
  ...
1..1
# tests 1
# suites 0
# pass 1
# fail 0
# cancelled 0
# skipped 0
# todo 0
# duration_ms 210.660893
[node-tests] ok: tests/gpu/rep-penalty-rules.test.js
TAP version 13
# rmsnorm-stats-ownership.test: 24 allocation/compilation/dispatch/ownership cases passed
# Subtest: test module initialization completed
ok 1 - test module initialization completed
  ---
  duration_ms: 1.156109
  type: 'test'
  ...
1..1
# tests 1
# suites 0
# pass 1
# fail 0
# cancelled 0
# skipped 0
# todo 0
# duration_ms 199.926365
[node-tests] ok: tests/gpu/rmsnorm-stats-ownership.test.js
TAP version 13
# rope-precompute-dispatch-contract.test: ok
# Subtest: test module initialization completed
ok 1 - test module initialization completed
  ---
  duration_ms: 1.175765
  type: 'test'
  ...
1..1
# tests 1
# suites 0
# pass 1
# fail 0
# cancelled 0
# skipped 0
# todo 0
# duration_ms 174.669834
[node-tests] ok: tests/gpu/rope-precompute-dispatch-contract.test.js
TAP version 13
# rule-matcher.test: ok
# Subtest: test module initialization completed
ok 1 - test module initialization completed
  ---
  duration_ms: 0.839041
  type: 'test'
  ...
1..1
# tests 1
# suites 0
# pass 1
# fail 0
# cancelled 0
# skipped 0
# todo 0
# duration_ms 93.314384
[node-tests] ok: tests/gpu/rule-matcher.test.js
TAP version 13
# runtime-infra-regressions.test: ok
# Subtest: test module initialization completed
ok 1 - test module initialization completed
  ---
  duration_ms: 0.973905
  type: 'test'
  ...
1..1
# tests 1
# suites 0
# pass 1
# fail 0
# cancelled 0
# skipped 0
# todo 0
# duration_ms 117.378809
[node-tests] ok: tests/gpu/runtime-infra-regressions.test.js
TAP version 13
# sample-cleanup.test: ok
# Subtest: test module initialization completed
ok 1 - test module initialization completed
  ---
  duration_ms: 1.193148
  type: 'test'
  ...
1..1
# tests 1
# suites 0
# pass 1
# fail 0
# cancelled 0
# skipped 0
# todo 0
# duration_ms 210.755581
[node-tests] ok: tests/gpu/sample-cleanup.test.js
TAP version 13
# shader-source-scope.test: ok (contract doubles, not GPU execution)
# Subtest: test module initialization completed
ok 1 - test module initialization completed
  ---
  duration_ms: 1.217294
  type: 'test'
  ...
1..1
# tests 1
# suites 0
# pass 1
# fail 0
# cancelled 0
# skipped 0
# todo 0
# duration_ms 187.37248
[node-tests] ok: tests/gpu/shader-source-scope.test.js
TAP version 13
# unified-wrapper-cleanup.test: ok
# Subtest: test module initialization completed
ok 1 - test module initialization completed
  ---
  duration_ms: 1.007569
  type: 'test'
  ...
1..1
# tests 1
# suites 0
# pass 1
# fail 0
# cancelled 0
# skipped 0
# todo 0
# duration_ms 194.610258
[node-tests] ok: tests/gpu/unified-wrapper-cleanup.test.js
TAP version 13
# uniform-array-buffer.test: ok
# Subtest: test module initialization completed
ok 1 - test module initialization completed
  ---
  duration_ms: 0.952996
  type: 'test'
  ...
1..1
# tests 1
# suites 0
# pass 1
# fail 0
# cancelled 0
# skipped 0
# todo 0
# duration_ms 106.546078
[node-tests] ok: tests/gpu/uniform-array-buffer.test.js
TAP version 13
# weight-buffer-provider-buffer.test: ok
# Subtest: test module initialization completed
ok 1 - test module initialization completed
  ---
  duration_ms: 1.416909
  type: 'test'
  ...
1..1
# tests 1
# suites 0
# pass 1
# fail 0
# cancelled 0
# skipped 0
# todo 0
# duration_ms 106.773766
[node-tests] ok: tests/gpu/weight-buffer-provider-buffer.test.js
TAP version 13
# attention-kv-precision-contract.test: ok
# Subtest: test module initialization completed
ok 1 - test module initialization completed
  ---
  duration_ms: 1.172499
  type: 'test'
  ...
1..1
# tests 1
# suites 0
# pass 1
# fail 0
# cancelled 0
# skipped 0
# todo 0
# duration_ms 129.881198
[node-tests] ok: tests/inference/attention-kv-precision-contract.test.js
TAP version 13
# attention-kv-precision-source.test: ok
# Subtest: test module initialization completed
ok 1 - test module initialization completed
  ---
  duration_ms: 0.848729
  type: 'test'
  ...
1..1
# tests 1
# suites 0
# pass 1
# fail 0
# cancelled 0
# skipped 0
# todo 0
# duration_ms 86.364739
[node-tests] ok: tests/inference/attention-kv-precision-source.test.js
TAP version 13
# attention-output-projection.test: ok
# Subtest: test module initialization completed
ok 1 - test module initialization completed
  ---
  duration_ms: 0.94458
  type: 'test'
  ...
1..1
# tests 1
# suites 0
# pass 1
# fail 0
# cancelled 0
# skipped 0
# todo 0
# duration_ms 88.501545
[node-tests] ok: tests/inference/attention-output-projection.test.js
TAP version 13
# Subtest: immediate and recorded modes consume the identical semantic plan
ok 1 - immediate and recorded modes consume the identical semantic plan
  ---
  duration_ms: 2.896679
  type: 'test'
  ...
# Subtest: changing one semantic decision changes the plan identity
ok 2 - changing one semantic decision changes the plan identity
  ---
  duration_ms: 0.298402
  type: 'test'
  ...
# Subtest: query scaling and NoPE are immutable plan identity
ok 3 - query scaling and NoPE are immutable plan identity
  ---
  duration_ms: 0.506815
  type: 'test'
  ...
# Subtest: semantic plans are deeply immutable and JSON-safe
ok 4 - semantic plans are deeply immutable and JSON-safe
  ---
  duration_ms: 0.452312
  type: 'test'
  ...
# Subtest: characterization matrix covers phase, dtype, capability, KV, fusion, LoRA, gate, and failure contracts
ok 5 - characterization matrix covers phase, dtype, capability, KV, fusion, LoRA, gate, and failure contracts
  ---
  duration_ms: 2.603205
  type: 'test'
  ...
# Subtest: test module initialization completed
ok 6 - test module initialization completed
  ---
  duration_ms: 0.061225
  type: 'test'
  ...
1..6
# tests 6
# suites 0
# pass 6
# fail 0
# cancelled 0
# skipped 0
# todo 0
# duration_ms 124.294571
[node-tests] ok: tests/inference/attention-plan.test.js
TAP version 13
# attention-projection-dtype.test: ok
# Subtest: test module initialization completed
ok 1 - test module initialization completed
  ---
  duration_ms: 1.133897
  type: 'test'
  ...
1..1
# tests 1
# suites 0
# pass 1
# fail 0
# cancelled 0
# skipped 0
# todo 0
# duration_ms 223.109651
[node-tests] ok: tests/inference/attention-projection-dtype.test.js
TAP version 13
# attention-projection-offsets.test: ok
# Subtest: test module initialization completed
ok 1 - test module initialization completed
  ---
  duration_ms: 1.095614
  type: 'test'
  ...
1..1
# tests 1
# suites 0
# pass 1
# fail 0
# cancelled 0
# skipped 0
# todo 0
# duration_ms 271.754914
[node-tests] ok: tests/inference/attention-projection-offsets.test.js
TAP version 13
# [214.2ms][KernelSelect] matmul variant=f32 reason=default
# attention-projections-cleanup.test: ok
# Subtest: test module initialization completed
ok 1 - test module initialization completed
  ---
  duration_ms: 1.00343
  type: 'test'
  ...
1..1
# tests 1
# suites 0
# pass 1
# fail 0
# cancelled 0
# skipped 0
# todo 0
# duration_ms 258.56478
[node-tests] ok: tests/inference/attention-projections-cleanup.test.js
TAP version 13
# attention-quant-options.test: ok
# Subtest: test module initialization completed
ok 1 - test module initialization completed
  ---
  duration_ms: 0.924752
  type: 'test'
  ...
1..1
# tests 1
# suites 0
# pass 1
# fail 0
# cancelled 0
# skipped 0
# todo 0
# duration_ms 94.012079
[node-tests] ok: tests/inference/attention-quant-options.test.js
TAP version 13
# [199.6ms][KernelSelect] matmul variant=f32 reason=default
# attention-run-cleanup.test: ok
# Subtest: test module initialization completed
ok 1 - test module initialization completed
  ---
  duration_ms: 1.037404
  type: 'test'
  ...
1..1
# tests 1
# suites 0
# pass 1
# fail 0
# cancelled 0
# skipped 0
# todo 0
# duration_ms 244.916683
[node-tests] ok: tests/inference/attention-run-cleanup.test.js
TAP version 13
# attention-softmax-stability.test: ok
# Subtest: test module initialization completed
ok 1 - test module initialization completed
  ---
  duration_ms: 0.946222
  type: 'test'
  ...
1..1
# tests 1
# suites 0
# pass 1
# fail 0
# cancelled 0
# skipped 0
# todo 0
# duration_ms 98.029269
[node-tests] ok: tests/inference/attention-softmax-stability.test.js
TAP version 13
# bdpa-steamroller.test: ok
# Subtest: test module initialization completed
ok 1 - test module initialization completed
  ---
  duration_ms: 0.855672
  type: 'test'
  ...
1..1
# tests 1
# suites 0
# pass 1
# fail 0
# cancelled 0
# skipped 0
# todo 0
# duration_ms 87.134169
[node-tests] ok: tests/inference/bdpa-steamroller.test.js
TAP version 13
# Warning: maxDynamicUniformBuffersPerPipelineLayout artificially reduced from 500000 to 16 to fit dynamic offset allocation limit.
# Warning: maxDynamicStorageBuffersPerPipelineLayout artificially reduced from 500000 to 16 to fit dynamic offset allocation limit.
# [GPU] amd rdna-3, f16/subgroups, 4.0GB, submit probe: 0.7ms
# [253.1ms][KernelSelect] matmul variant=bf16w_f32a reason=path_override
# [257.7ms][KernelSelect] matmul variant=gemv_subgroup_bf16w_vec4 reason=path_override
# bf16-weight-kernels-gpu-regression.test: ok
# Subtest: test module initialization completed
ok 1 - test module initialization completed
  ---
  duration_ms: 1.489928
  type: 'test'
  ...
1..1
# tests 1
# suites 0
# pass 1
# fail 0
# cancelled 0
# skipped 0
# todo 0
# duration_ms 311.407283
[node-tests] ok: tests/inference/bf16-weight-kernels-gpu-regression.test.js
TAP version 13
# [79.1ms][BufferPool] Deferred destruction failed: device lost
# buffer-pool-cleanup.test: ok
# Subtest: test module initialization completed
ok 1 - test module initialization completed
  ---
  duration_ms: 1.003991
  type: 'test'
  ...
1..1
# tests 1
# suites 0
# pass 1
# fail 0
# cancelled 0
# skipped 0
# todo 0
# duration_ms 119.649118
[node-tests] ok: tests/inference/buffer-pool-cleanup.test.js
TAP version 13
# [95.9ms][Config] Using manifest-first config (source of truth)
# [98.0ms][Config] Using manifest-first config (source of truth)
# [98.2ms][Config] Using manifest-first config (source of truth)
# [99.2ms][Config] Using manifest-first config (source of truth)
# [99.4ms][Config] Using manifest-first config (source of truth)
# config-lfm2-intermediate-runtime.test: ok
# Subtest: test module initialization completed
ok 1 - test module initialization completed
  ---
  duration_ms: 1.005755
  type: 'test'
  ...
1..1
# tests 1
# suites 0
# pass 1
# fail 0
# cancelled 0
# skipped 0
# todo 0
# duration_ms 137.711794
[node-tests] ok: tests/inference/config-lfm2-intermediate-runtime.test.js
TAP version 13
# decode-output-ownership: passed
# Subtest: test module initialization completed
ok 1 - test module initialization completed
  ---
  duration_ms: 1.145578
  type: 'test'
  ...
1..1
# tests 1
# suites 0
# pass 1
# fail 0
# cancelled 0
# skipped 0
# todo 0
# duration_ms 208.709847
[node-tests] ok: tests/inference/decode-output-ownership.test.js
TAP version 13
# decode-ring.test: ok
# Subtest: test module initialization completed
ok 1 - test module initialization completed
  ---
  duration_ms: 0.925684
  type: 'test'
  ...
1..1
# tests 1
# suites 0
# pass 1
# fail 0
# cancelled 0
# skipped 0
# todo 0
# duration_ms 108.333476
[node-tests] ok: tests/inference/decode-ring.test.js
TAP version 13
# [80.2ms][Platform] No specific platform matched for adapter (vendor=unit, arch=concurrent-init), falling back to generic
# [GPU] unit concurrent-init, basic, 0.0GB, submit probe: 0.0ms
# device-concurrent-init.test: ok
# Subtest: test module initialization completed
ok 1 - test module initialization completed
  ---
  duration_ms: 1.06707
  type: 'test'
  ...
1..1
# tests 1
# suites 0
# pass 1
# fail 0
# cancelled 0
# skipped 0
# todo 0
# duration_ms 117.507973
[node-tests] ok: tests/inference/device-concurrent-init.test.js
TAP version 13
# Subtest: DiffusionGemma dense_plus_moe branch keeps dense intermediate width unchanged
ok 1 - DiffusionGemma dense_plus_moe branch keeps dense intermediate width unchanged
  ---
  duration_ms: 3.565279
  type: 'test'
  ...
# Subtest: invalid FFN branch mode fails manifest inference validation
ok 2 - invalid FFN branch mode fails manifest inference validation
  ---
  duration_ms: 0.547642
  type: 'test'
  ...
# Subtest: DiffusionGemma declares explicit prefill override f32 to f16 cast
ok 3 - DiffusionGemma declares explicit prefill override f32 to f16 cast
  ---
  duration_ms: 0.899736
  type: 'test'
  ...
# Subtest: test module initialization completed
ok 4 - test module initialization completed
  ---
  duration_ms: 0.062678
  type: 'test'
  ...
1..4
# tests 4
# suites 0
# pass 4
# fail 0
# cancelled 0
# skipped 0
# todo 0
# duration_ms 271.294176
[node-tests] ok: tests/inference/diffusion-gemma-config-contract.test.js
TAP version 13
# [264.5ms][DiffusionGemma] Loaded block-diffusion contract: canvas=3, steps=2, vocab=8
# [269.3ms][DiffusionGemma] Loaded block-diffusion contract: canvas=2, steps=1, vocab=8
# [270.9ms][DiffusionGemma] Loaded block-diffusion contract: canvas=4, steps=4, vocab=8
# diffusion-gemma-sampling.test: ok
# Subtest: test module initialization completed
ok 1 - test module initialization completed
  ---
  duration_ms: 1.084423
  type: 'test'
  ...
1..1
# tests 1
# suites 0
# pass 1
# fail 0
# cancelled 0
# skipped 0
# todo 0
# duration_ms 314.947263
[node-tests] ok: tests/inference/diffusion-gemma-sampling.test.js
TAP version 13
# [269.9ms][EnergyRowHead] Loaded model "energy-row-head-test" (energy_row_head)
# [273.3ms][EnergyRowHead] Loaded model "dream-bridge-test" (d1-to2-bridge-diffusion)
# [274.6ms][EnergyRowHead] Loaded model "dream-synth-test" (synthesis-mixer-diffusion)
# [275.8ms][EnergyRowHead] Loaded model "dream-ebrm-test" (ebrm-diffusion)
# [279.0ms][EnergyRowHead] Loaded model "dream-energy-head-test" (dream_energy_head)
# Subtest: test module initialization completed
ok 1 - test module initialization completed
  ---
  duration_ms: 1.112146
  type: 'test'
  ...
1..1
# tests 1
# suites 0
# pass 1
# fail 0
# cancelled 0
# skipped 0
# todo 0
# duration_ms 323.854819
[node-tests] ok: tests/inference/dream-energy-head-pipeline.test.js
TAP version 13
# Subtest: test module initialization completed
ok 1 - test module initialization completed
  ---
  duration_ms: 1.017928
  type: 'test'
  ...
1..1
# tests 1
# suites 0
# pass 1
# fail 0
# cancelled 0
# skipped 0
# todo 0
# duration_ms 303.874569
[node-tests] ok: tests/inference/dream-structured-pipeline.test.js
TAP version 13
# dtype-contract-step-precision.test: ok
# Subtest: test module initialization completed
ok 1 - test module initialization completed
  ---
  duration_ms: 0.843029
  type: 'test'
  ...
1..1
# tests 1
# suites 0
# pass 1
# fail 0
# cancelled 0
# skipped 0
# todo 0
# duration_ms 95.395737
[node-tests] ok: tests/inference/dtype-contract-step-precision.test.js
TAP version 13
# embed-cpu-f16-gather.test: ok
# Subtest: test module initialization completed
ok 1 - test module initialization completed
  ---
  duration_ms: 1.017337
  type: 'test'
  ...
1..1
# tests 1
# suites 0
# pass 1
# fail 0
# cancelled 0
# skipped 0
# todo 0
# duration_ms 217.548151
[node-tests] ok: tests/inference/embed-cpu-f16-gather.test.js
TAP version 13
# embedding-normalization-contract.test: ok
# Subtest: test module initialization completed
ok 1 - test module initialization completed
  ---
  duration_ms: 0.919553
  type: 'test'
  ...
1..1
# tests 1
# suites 0
# pass 1
# fail 0
# cancelled 0
# skipped 0
# todo 0
# duration_ms 90.980056
[node-tests] ok: tests/inference/embedding-normalization-contract.test.js
TAP version 13
# embedding-semantic-details.test: ok
# Subtest: test module initialization completed
ok 1 - test module initialization completed
  ---
  duration_ms: 1.113699
  type: 'test'
  ...
1..1
# tests 1
# suites 0
# pass 1
# fail 0
# cancelled 0
# skipped 0
# todo 0
# duration_ms 251.756091
[node-tests] ok: tests/inference/embedding-semantic-details.test.js
TAP version 13
# embedding-semantic-fixtures-contract.test: ok
# Subtest: test module initialization completed
ok 1 - test module initialization completed
  ---
  duration_ms: 1.110884
  type: 'test'
  ...
1..1
# tests 1
# suites 0
# pass 1
# fail 0
# cancelled 0
# skipped 0
# todo 0
# duration_ms 256.583107
[node-tests] ok: tests/inference/embedding-semantic-fixtures-contract.test.js
TAP version 13
# embedding-state-reset.test: ok
# Subtest: test module initialization completed
ok 1 - test module initialization completed
  ---
  duration_ms: 1.110573
  type: 'test'
  ...
1..1
# tests 1
# suites 0
# pass 1
# fail 0
# cancelled 0
# skipped 0
# todo 0
# duration_ms 300.146164
[node-tests] ok: tests/inference/embedding-state-reset.test.js
TAP version 13
# embedding-without-eos.test: ok
# Subtest: test module initialization completed
ok 1 - test module initialization completed
  ---
  duration_ms: 0.906668
  type: 'test'
  ...
1..1
# tests 1
# suites 0
# pass 1
# fail 0
# cancelled 0
# skipped 0
# todo 0
# duration_ms 122.228789
[node-tests] ok: tests/inference/embedding-without-eos.test.js
TAP version 13
# execution-inline-kernel-path-phase-overrides.test: ok
# Subtest: test module initialization completed
ok 1 - test module initialization completed
  ---
  duration_ms: 1.095535
  type: 'test'
  ...
1..1
# tests 1
# suites 0
# pass 1
# fail 0
# cancelled 0
# skipped 0
# todo 0
# duration_ms 141.595002
[node-tests] ok: tests/inference/execution-inline-kernel-path-phase-overrides.test.js
TAP version 13
# [202.0ms][ExecutionPlan] Using transform-based finiteness fallback kernel path: gemma3-f16-fused-f32a-online
# [204.6ms][ExecutionPlan] Using transform-based finiteness fallback kernel path: gemma3-f16-fused-f32a-online
# [205.1ms][ExecutionPlan] Using transform-based finiteness fallback kernel path: gemma3-f16-fused-f32a-online
# [205.2ms][ExecutionPlan] Using transform-based finiteness fallback kernel path: gemma-inline-fallback-transform
# execution-plan.test: ok
# Subtest: test module initialization completed
ok 1 - test module initialization completed
  ---
  duration_ms: 1.130299
  type: 'test'
  ...
1..1
# tests 1
# suites 0
# pass 1
# fail 0
# cancelled 0
# skipped 0
# todo 0
# duration_ms 244.975545
[node-tests] ok: tests/inference/execution-plan.test.js
TAP version 13
# ffn-execution-v1-precision-contract.test: ok
# Subtest: test module initialization completed
ok 1 - test module initialization completed
  ---
  duration_ms: 1.087279
  type: 'test'
  ...
1..1
# tests 1
# suites 0
# pass 1
# fail 0
# cancelled 0
# skipped 0
# todo 0
# duration_ms 250.18419
[node-tests] ok: tests/inference/ffn-execution-v1-precision-contract.test.js
TAP version 13
# ffn-mixed-q4k-materialization-contract.test: ok
# Subtest: test module initialization completed
ok 1 - test module initialization completed
  ---
  duration_ms: 1.159836
  type: 'test'
  ...
1..1
# tests 1
# suites 0
# pass 1
# fail 0
# cancelled 0
# skipped 0
# todo 0
# duration_ms 256.175879
[node-tests] ok: tests/inference/ffn-mixed-q4k-materialization-contract.test.js
TAP version 13
# finiteness-guard-status.test: ok
# Subtest: test module initialization completed
ok 1 - test module initialization completed
  ---
  duration_ms: 0.903152
  type: 'test'
  ...
1..1
# tests 1
# suites 0
# pass 1
# fail 0
# cancelled 0
# skipped 0
# todo 0
# duration_ms 86.339021
[node-tests] ok: tests/inference/finiteness-guard-status.test.js
TAP version 13
# finiteness-overflow-gate.test: ok
# Subtest: test module initialization completed
ok 1 - test module initialization completed
  ---
  duration_ms: 1.345776
  type: 'test'
  ...
1..1
# tests 1
# suites 0
# pass 1
# fail 0
# cancelled 0
# skipped 0
# todo 0
# duration_ms 180.586224
[node-tests] ok: tests/inference/finiteness-overflow-gate.test.js
TAP version 13
# finiteness-policy.test: ok
# Subtest: test module initialization completed
ok 1 - test module initialization completed
  ---
  duration_ms: 0.908722
  type: 'test'
  ...
1..1
# tests 1
# suites 0
# pass 1
# fail 0
# cancelled 0
# skipped 0
# todo 0
# duration_ms 90.179578
[node-tests] ok: tests/inference/finiteness-policy.test.js
TAP version 13
# first-load-composition.test: ok
# Subtest: test module initialization completed
ok 1 - test module initialization completed
  ---
  duration_ms: 0.856013
  type: 'test'
  ...
1..1
# tests 1
# suites 0
# pass 1
# fail 0
# cancelled 0
# skipped 0
# todo 0
# duration_ms 93.008999
[node-tests] ok: tests/inference/first-load-composition.test.js
TAP version 13
# Warning: maxDynamicUniformBuffersPerPipelineLayout artificially reduced from 500000 to 16 to fit dynamic offset allocation limit.
# Warning: maxDynamicStorageBuffersPerPipelineLayout artificially reduced from 500000 to 16 to fit dynamic offset allocation limit.
# [GPU] amd rdna-3, f16/subgroups, 4.0GB, submit probe: 0.3ms
# fused-ffn-gelu-gpu-regression.test: ok
# Subtest: test module initialization completed
ok 1 - test module initialization completed
  ---
  duration_ms: 1.02981
  type: 'test'
  ...
1..1
# tests 1
# suites 0
# pass 1
# fail 0
# cancelled 0
# skipped 0
# todo 0
# duration_ms 253.321341
[node-tests] ok: tests/inference/fused-ffn-gelu-gpu-regression.test.js
TAP version 13
# Warning: maxDynamicUniformBuffersPerPipelineLayout artificially reduced from 500000 to 16 to fit dynamic offset allocation limit.
# Warning: maxDynamicStorageBuffersPerPipelineLayout artificially reduced from 500000 to 16 to fit dynamic offset allocation limit.
# [GPU] amd rdna-3, f16/subgroups, 4.0GB, submit probe: 0.4ms
# fused-ffn-q4-metal-simd16-gpu-regression.test: skipped (requires Apple Metal subgroups)
# Subtest: /home/x/deco/doppler/tests/inference/fused-ffn-q4-metal-simd16-gpu-regression.test.js
ok 1 - /home/x/deco/doppler/tests/inference/fused-ffn-q4-metal-simd16-gpu-regression.test.js
  ---
  duration_ms: 248.700033
  type: 'test'
  ...
1..1
# tests 1
# suites 0
# pass 1
# fail 0
# cancelled 0
# skipped 0
# todo 0
# duration_ms 254.391378
[node-tests] ok: tests/inference/fused-ffn-q4-metal-simd16-gpu-regression.test.js
TAP version 13
# Warning: maxDynamicUniformBuffersPerPipelineLayout artificially reduced from 500000 to 16 to fit dynamic offset allocation limit.
# Warning: maxDynamicStorageBuffersPerPipelineLayout artificially reduced from 500000 to 16 to fit dynamic offset allocation limit.
# [GPU] amd rdna-3, f16/subgroups, 4.0GB, submit probe: 0.3ms
# fused-matmul-q4-metal-simd16-gpu-regression.test: skipped (requires Apple Metal subgroups)
# Subtest: /home/x/deco/doppler/tests/inference/fused-matmul-q4-metal-simd16-gpu-regression.test.js
ok 1 - /home/x/deco/doppler/tests/inference/fused-matmul-q4-metal-simd16-gpu-regression.test.js
  ---
  duration_ms: 232.32659
  type: 'test'
  ...
1..1
# tests 1
# suites 0
# pass 1
# fail 0
# cancelled 0
# skipped 0
# todo 0
# duration_ms 238.080363
[node-tests] ok: tests/inference/fused-matmul-q4-metal-simd16-gpu-regression.test.js
TAP version 13
# Warning: maxDynamicUniformBuffersPerPipelineLayout artificially reduced from 500000 to 16 to fit dynamic offset allocation limit.
# Warning: maxDynamicStorageBuffersPerPipelineLayout artificially reduced from 500000 to 16 to fit dynamic offset allocation limit.
# [GPU] amd rdna-3, f16/subgroups, 4.0GB, submit probe: 0.3ms
# fused-normed-ffn-gpu-regression.test: ok
# Subtest: test module initialization completed
ok 1 - test module initialization completed
  ---
  duration_ms: 1.069836
  type: 'test'
  ...
1..1
# tests 1
# suites 0
# pass 1
# fail 0
# cancelled 0
# skipped 0
# todo 0
# duration_ms 264.223515
[node-tests] ok: tests/inference/fused-normed-ffn-gpu-regression.test.js
TAP version 13
# Warning: maxDynamicUniformBuffersPerPipelineLayout artificially reduced from 500000 to 16 to fit dynamic offset allocation limit.
# Warning: maxDynamicStorageBuffersPerPipelineLayout artificially reduced from 500000 to 16 to fit dynamic offset allocation limit.
# [GPU] amd rdna-3, f16/subgroups, 4.0GB, submit probe: 0.5ms
# gelu-erf-gpu-regression.test: ok (f32/f16, erf/tanh, plain/gated)
# Subtest: test module initialization completed
ok 1 - test module initialization completed
  ---
  duration_ms: 1.145689
  type: 'test'
  ...
1..1
# tests 1
# suites 0
# pass 1
# fail 0
# cancelled 0
# skipped 0
# todo 0
# duration_ms 275.794779
[node-tests] ok: tests/inference/gelu-erf-gpu-regression.test.js
TAP version 13
# [156.0ms][KernelSelect] attention variant=prefill_head256_f16kv reason=path_override:tiled_small
# gemma3-1b-head256-prefill-path.test: ok
# Subtest: test module initialization completed
ok 1 - test module initialization completed
  ---
  duration_ms: 1.10909
  type: 'test'
  ...
1..1
# tests 1
# suites 0
# pass 1
# fail 0
# cancelled 0
# skipped 0
# todo 0
# duration_ms 194.514921
[node-tests] ok: tests/inference/gemma3-1b-head256-prefill-path.test.js
TAP version 13
# [155.2ms][KernelSelect] attention variant=prefill_streaming_f16kv reason=path_override:streaming
# gemma3-1b-streaming-prefill-path.test: ok
# Subtest: test module initialization completed
ok 1 - test module initialization completed
  ---
  duration_ms: 1.139266
  type: 'test'
  ...
1..1
# tests 1
# suites 0
# pass 1
# fail 0
# cancelled 0
# skipped 0
# todo 0
# duration_ms 192.586908
[node-tests] ok: tests/inference/gemma3-1b-streaming-prefill-path.test.js
TAP version 13
# [154.8ms][KernelSelect] attention variant=decode_online_head256_f16kv reason=path_override:subgroup
# gemma3-270m-head256-decode-path.test: ok
# Subtest: test module initialization completed
ok 1 - test module initialization completed
  ---
  duration_ms: 1.123837
  type: 'test'
  ...
1..1
# tests 1
# suites 0
# pass 1
# fail 0
# cancelled 0
# skipped 0
# todo 0
# duration_ms 191.525729
[node-tests] ok: tests/inference/gemma3-270m-head256-decode-path.test.js
TAP version 13
# [NaN Regression] skipped: local fixture missing at /home/x/deco/doppler/models/local/gemma-3-1b-it-f16-af32/manifest.json
# Subtest: test module initialization completed
ok 1 - test module initialization completed
  ---
  duration_ms: 1.040731
  type: 'test'
  ...
1..1
# tests 1
# suites 0
# pass 1
# fail 0
# cancelled 0
# skipped 0
# todo 0
# duration_ms 197.457005
[node-tests] ok: tests/inference/gemma3-nan-regression.test.js
TAP version 13
# gemma4-12b-encoder-free-contract.test: ok
# Subtest: test module initialization completed
ok 1 - test module initialization completed
  ---
  duration_ms: 0.98208
  type: 'test'
  ...
1..1
# tests 1
# suites 0
# pass 1
# fail 0
# cancelled 0
# skipped 0
# todo 0
# duration_ms 143.877834
[node-tests] ok: tests/inference/gemma4-12b-encoder-free.test.js
TAP version 13
# gemma4-double-wide-mlp-runtime.test: ok
# Subtest: test module initialization completed
ok 1 - test module initialization completed
  ---
  duration_ms: 1.033918
  type: 'test'
  ...
1..1
# tests 1
# suites 0
# pass 1
# fail 0
# cancelled 0
# skipped 0
# todo 0
# duration_ms 138.120285
[node-tests] ok: tests/inference/gemma4-double-wide-mlp-runtime.test.js
TAP version 13
# [158.7ms][KernelSelect] attention variant=decode_online_f16kv reason=path_override:subgroup
# gemma4-e2b-head512-decode-path.test: ok
# Subtest: test module initialization completed
ok 1 - test module initialization completed
  ---
  duration_ms: 1.477815
  type: 'test'
  ...
1..1
# tests 1
# suites 0
# pass 1
# fail 0
# cancelled 0
# skipped 0
# todo 0
# duration_ms 196.965479
[node-tests] ok: tests/inference/gemma4-e2b-head512-decode-path.test.js
TAP version 13
# Warning: maxDynamicUniformBuffersPerPipelineLayout artificially reduced from 500000 to 16 to fit dynamic offset allocation limit.
# Warning: maxDynamicStorageBuffersPerPipelineLayout artificially reduced from 500000 to 16 to fit dynamic offset allocation limit.
# [GPU] amd rdna-3, f16/subgroups, 4.0GB, submit probe: 0.3ms
# gemma4-e2b-q4k-apple-retain-regression.test: skipped (vendor=amd not apple)
# Subtest: /home/x/deco/doppler/tests/inference/gemma4-e2b-q4k-apple-retain-regression.test.js
ok 1 - /home/x/deco/doppler/tests/inference/gemma4-e2b-q4k-apple-retain-regression.test.js
  ---
  duration_ms: 369.187332
  type: 'test'
  ...
1..1
# tests 1
# suites 0
# pass 1
# fail 0
# cancelled 0
# skipped 0
# todo 0
# duration_ms 375.68682
[node-tests] ok: tests/inference/gemma4-e2b-q4k-apple-retain-regression.test.js
TAP version 13
# gemma4-finiteness-fallback-kvcache-contract.test: ok
# Subtest: test module initialization completed
ok 1 - test module initialization completed
  ---
  duration_ms: 0.868987
  type: 'test'
  ...
1..1
# tests 1
# suites 0
# pass 1
# fail 0
# cancelled 0
# skipped 0
# todo 0
# duration_ms 88.091965
[node-tests] ok: tests/inference/gemma4-finiteness-fallback-kvcache-contract.test.js
TAP version 13
# gemma4-hot-vocab-ple-contract.test: ok
# Subtest: test module initialization completed
ok 1 - test module initialization completed
  ---
  duration_ms: 1.131793
  type: 'test'
  ...
1..1
# tests 1
# suites 0
# pass 1
# fail 0
# cancelled 0
# skipped 0
# todo 0
# duration_ms 258.061895
[node-tests] ok: tests/inference/gemma4-hot-vocab-ple-contract.test.js
TAP version 13
# gemma4-multimodal-f16-override-contract.test: ok
# Subtest: test module initialization completed
ok 1 - test module initialization completed
  ---
  duration_ms: 0.849751
  type: 'test'
  ...
1..1
# tests 1
# suites 0
# pass 1
# fail 0
# cancelled 0
# skipped 0
# todo 0
# duration_ms 85.516342
[node-tests] ok: tests/inference/gemma4-multimodal-f16-override-contract.test.js
TAP version 13
# gemma4-multimodal-prefill-contract.test: ok
# Subtest: test module initialization completed
ok 1 - test module initialization completed
  ---
  duration_ms: 1.235568
  type: 'test'
  ...
1..1
# tests 1
# suites 0
# pass 1
# fail 0
# cancelled 0
# skipped 0
# todo 0
# duration_ms 311.985154
[node-tests] ok: tests/inference/gemma4-multimodal-prefill-contract.test.js
TAP version 13
# gemma4-per-layer-prefix-override-contract.test: ok
# Subtest: test module initialization completed
ok 1 - test module initialization completed
  ---
  duration_ms: 0.858047
  type: 'test'
  ...
1..1
# tests 1
# suites 0
# pass 1
# fail 0
# cancelled 0
# skipped 0
# todo 0
# duration_ms 87.489499
[node-tests] ok: tests/inference/gemma4-per-layer-prefix-override-contract.test.js
TAP version 13
# gemma4-pipeline-registration.test: ok
# Subtest: test module initialization completed
ok 1 - test module initialization completed
  ---
  duration_ms: 1.099302
  type: 'test'
  ...
1..1
# tests 1
# suites 0
# pass 1
# fail 0
# cancelled 0
# skipped 0
# todo 0
# duration_ms 296.008459
[node-tests] ok: tests/inference/gemma4-pipeline-registration.test.js
TAP version 13
# gemma4-ple-projection-norm-cache.test: ok
# Subtest: test module initialization completed
ok 1 - test module initialization completed
  ---
  duration_ms: 1.132895
  type: 'test'
  ...
1..1
# tests 1
# suites 0
# pass 1
# fail 0
# cancelled 0
# skipped 0
# todo 0
# duration_ms 243.774894
[node-tests] ok: tests/inference/gemma4-ple-projection-norm-cache.test.js
TAP version 13
# gemma4-vision-cleanup.test: ok
# Subtest: test module initialization completed
ok 1 - test module initialization completed
  ---
  duration_ms: 1.149496
  type: 'test'
  ...
1..1
# tests 1
# suites 0
# pass 1
# fail 0
# cancelled 0
# skipped 0
# todo 0
# duration_ms 251.245261
[node-tests] ok: tests/inference/gemma4-vision-cleanup.test.js
TAP version 13
# [256.4ms][Pipeline] Vision weights loaded (0 Gemma 4 encoder layers)
# gemma4-vision-weight-contract.test: ok
# Subtest: test module initialization completed
ok 1 - test module initialization completed
  ---
  duration_ms: 1.115782
  type: 'test'
  ...
1..1
# tests 1
# suites 0
# pass 1
# fail 0
# cancelled 0
# skipped 0
# todo 0
# duration_ms 296.726332
[node-tests] ok: tests/inference/gemma4-vision-weight-contract.test.js
TAP version 13
#   ok: generateTokenIds diagnostics
# [259.1ms][Perf] TTFT: 0ms | Prefill: 0ms | Decode: 0ms (2 tokens @ 30072.9 tok/s)
#   ok: EOS stop parity
# [259.9ms][Perf] TTFT: 0ms | Prefill: 0ms | Decode: 0ms (0 tokens @ 0.0 tok/s)
#   ok: immediate EOS first-token parity
# [261.3ms][Perf] TTFT: 0ms | Prefill: 0ms | Decode: 0ms (4 tokens @ 35520.2 tok/s)
#   ok: maxTokens cap parity
# [264.8ms][Perf] TTFT: 0ms | Prefill: 0ms | Decode: 0ms (3 tokens @ 16200.5 tok/s)
#   ok: abort signal parity
# [265.7ms][Perf] TTFT: 0ms | Prefill: 0ms | Decode: 0ms (2 tokens @ 20746.5 tok/s)
#   ok: stop sequence parity
#   ok: stats fields
#   ok: self-speculation burst honors configured tokens
#   ok: cleanup on success and throw
#   ok: double-generation guard
# generate-token-ids-behavioral-parity.test: ok
# Subtest: test module initialization completed
ok 1 - test module initialization completed
  ---
  duration_ms: 0.843249
  type: 'test'
  ...
1..1
# tests 1
# suites 0
# pass 1
# fail 0
# cancelled 0
# skipped 0
# todo 0
# duration_ms 306.933446
[node-tests] ok: tests/inference/generate-token-ids-behavioral-parity.test.js
TAP version 13
# generate-token-ids-contract.test: ok
# Subtest: test module initialization completed
ok 1 - test module initialization completed
  ---
  duration_ms: 0.84894
  type: 'test'
  ...
1..1
# tests 1
# suites 0
# pass 1
# fail 0
# cancelled 0
# skipped 0
# todo 0
# duration_ms 88.537996
[node-tests] ok: tests/inference/generate-token-ids-contract.test.js
TAP version 13
# generation-constraints.test: ok
# generation-constraints decode dispatch: ok
# Subtest: test module initialization completed
ok 1 - test module initialization completed
  ---
  duration_ms: 1.049117
  type: 'test'
  ...
1..1
# tests 1
# suites 0
# pass 1
# fail 0
# cancelled 0
# skipped 0
# todo 0
# duration_ms 293.790621
[node-tests] ok: tests/inference/generation-constraints.test.js
TAP version 13
# generation-prompt-state-reset.test: ok
# Subtest: test module initialization completed
ok 1 - test module initialization completed
  ---
  duration_ms: 1.11987
  type: 'test'
  ...
1..1
# tests 1
# suites 0
# pass 1
# fail 0
# cancelled 0
# skipped 0
# todo 0
# duration_ms 288.386768
[node-tests] ok: tests/inference/generation-prompt-state-reset.test.js
TAP version 13
# Subtest: test module initialization completed
ok 1 - test module initialization completed
  ---
  duration_ms: 0.92888
  type: 'test'
  ...
1..1
# tests 1
# suites 0
# pass 1
# fail 0
# cancelled 0
# skipped 0
# todo 0
# duration_ms 122.778696
[node-tests] ok: tests/inference/generation-request.test.js
TAP version 13
# generator-finiteness-fallback.test: ok
# Subtest: test module initialization completed
ok 1 - test module initialization completed
  ---
  duration_ms: 1.130831
  type: 'test'
  ...
1..1
# tests 1
# suites 0
# pass 1
# fail 0
# cancelled 0
# skipped 0
# todo 0
# duration_ms 242.853218
[node-tests] ok: tests/inference/generator-finiteness-fallback.test.js
TAP version 13
# Subtest: test module initialization completed
ok 1 - test module initialization completed
  ---
  duration_ms: 0.924392
  type: 'test'
  ...
1..1
# tests 1
# suites 0
# pass 1
# fail 0
# cancelled 0
# skipped 0
# todo 0
# duration_ms 134.135267
[node-tests] ok: tests/inference/generator-helpers.test.js
TAP version 13
# generator-hot-vocab-batch-continuation.test: ok
# Subtest: test module initialization completed
ok 1 - test module initialization completed
  ---
  duration_ms: 1.166929
  type: 'test'
  ...
1..1
# tests 1
# suites 0
# pass 1
# fail 0
# cancelled 0
# skipped 0
# todo 0
# duration_ms 242.113784
[node-tests] ok: tests/inference/generator-hot-vocab-batch-continuation.test.js
TAP version 13
# generator-prefill-submit-mode.test: ok
# Subtest: test module initialization completed
ok 1 - test module initialization completed
  ---
  duration_ms: 1.08818
  type: 'test'
  ...
1..1
# tests 1
# suites 0
# pass 1
# fail 0
# cancelled 0
# skipped 0
# todo 0
# duration_ms 293.062439
[node-tests] ok: tests/inference/generator-prefill-submit-mode.test.js
TAP version 13
# generator-runtime.test: ok
# Subtest: test module initialization completed
ok 1 - test module initialization completed
  ---
  duration_ms: 1.008821
  type: 'test'
  ...
1..1
# tests 1
# suites 0
# pass 1
# fail 0
# cancelled 0
# skipped 0
# todo 0
# duration_ms 145.946673
[node-tests] ok: tests/inference/generator-runtime.test.js
TAP version 13
# generator-steps-cleanup.test: ok
# Subtest: test module initialization completed
ok 1 - test module initialization completed
  ---
  duration_ms: 1.010875
  type: 'test'
  ...
1..1
# tests 1
# suites 0
# pass 1
# fail 0
# cancelled 0
# skipped 0
# todo 0
# duration_ms 314.443689
[node-tests] ok: tests/inference/generator-steps-cleanup.test.js
TAP version 13
# generator-stop-token-parity.test: ok
# Subtest: test module initialization completed
ok 1 - test module initialization completed
  ---
  duration_ms: 1.131902
  type: 'test'
  ...
1..1
# tests 1
# suites 0
# pass 1
# fail 0
# cancelled 0
# skipped 0
# todo 0
# duration_ms 286.336144
[node-tests] ok: tests/inference/generator-stop-token-parity.test.js
TAP version 13
# generator-token-id-hint-contract.test: ok
# Subtest: test module initialization completed
ok 1 - test module initialization completed
  ---
  duration_ms: 0.868366
  type: 'test'
  ...
1..1
# tests 1
# suites 0
# pass 1
# fail 0
# cancelled 0
# skipped 0
# todo 0
# duration_ms 99.031509
[node-tests] ok: tests/inference/generator-token-id-hint-contract.test.js
TAP version 13
# glmocr-chat-format-contract.test: ok
# Subtest: test module initialization completed
ok 1 - test module initialization completed
  ---
  duration_ms: 0.920835
  type: 'test'
  ...
1..1
# tests 1
# suites 0
# pass 1
# fail 0
# cancelled 0
# skipped 0
# todo 0
# duration_ms 89.311884
[node-tests] ok: tests/inference/glmocr-chat-format-contract.test.js
TAP version 13
# glmocr-image-preprocess-contract.test: ok
# Subtest: test module initialization completed
ok 1 - test module initialization completed
  ---
  duration_ms: 1.142052
  type: 'test'
  ...
1..1
# tests 1
# suites 0
# pass 1
# fail 0
# cancelled 0
# skipped 0
# todo 0
# duration_ms 235.9766
[node-tests] ok: tests/inference/glmocr-image-preprocess-contract.test.js
TAP version 13
# glmocr-mrope-contract.test: ok
# Subtest: test module initialization completed
ok 1 - test module initialization completed
  ---
  duration_ms: 1.128656
  type: 'test'
  ...
1..1
# tests 1
# suites 0
# pass 1
# fail 0
# cancelled 0
# skipped 0
# todo 0
# duration_ms 177.74371
[node-tests] ok: tests/inference/glmocr-mrope-contract.test.js
TAP version 13
# glmocr-vision-config-contract.test: ok
# Subtest: test module initialization completed
ok 1 - test module initialization completed
  ---
  duration_ms: 1.011827
  type: 'test'
  ...
1..1
# tests 1
# suites 0
# pass 1
# fail 0
# cancelled 0
# skipped 0
# todo 0
# duration_ms 139.121873
[node-tests] ok: tests/inference/glmocr-vision-config-contract.test.js
TAP version 13
# [250.7ms][Pipeline] Vision weights loaded (2 GLM-OCR encoder layers)
# glmocr-vision-weight-contract.test: ok
# Subtest: test module initialization completed
ok 1 - test module initialization completed
  ---
  duration_ms: 1.110222
  type: 'test'
  ...
1..1
# tests 1
# suites 0
# pass 1
# fail 0
# cancelled 0
# skipped 0
# todo 0
# duration_ms 291.62476
[node-tests] ok: tests/inference/glmocr-vision-weight-contract.test.js
TAP version 13
# heterogeneous-attention-contract.test: ok
# Subtest: test module initialization completed
ok 1 - test module initialization completed
  ---
  duration_ms: 1.128747
  type: 'test'
  ...
1..1
# tests 1
# suites 0
# pass 1
# fail 0
# cancelled 0
# skipped 0
# todo 0
# duration_ms 247.24788
[node-tests] ok: tests/inference/heterogeneous-attention-contract.test.js
TAP version 13
# image-transcription-node-url.test: ok
# Subtest: test module initialization completed
ok 1 - test module initialization completed
  ---
  duration_ms: 0.91285
  type: 'test'
  ...
1..1
# tests 1
# suites 0
# pass 1
# fail 0
# cancelled 0
# skipped 0
# todo 0
# duration_ms 342.05005
[node-tests] ok: tests/inference/image-transcription-node-url.test.js
TAP version 13
# image-transcription-resource-scope.test: ok
# Subtest: test module initialization completed
ok 1 - test module initialization completed
  ---
  duration_ms: 1.14616
  type: 'test'
  ...
1..1
# tests 1
# suites 0
# pass 1
# fail 0
# cancelled 0
# skipped 0
# todo 0
# duration_ms 128.414597
[node-tests] ok: tests/inference/image-transcription-resource-scope.test.js
TAP version 13
# json-grammar-mask.test: ok
# Subtest: test module initialization completed
ok 1 - test module initialization completed
  ---
  duration_ms: 0.934861
  type: 'test'
  ...
1..1
# tests 1
# suites 0
# pass 1
# fail 0
# cancelled 0
# skipped 0
# todo 0
# duration_ms 100.083081
[node-tests] ok: tests/inference/json-grammar-mask.test.js
TAP version 13
# kv-cache-direct-write.test: ok
# Subtest: test module initialization completed
ok 1 - test module initialization completed
  ---
  duration_ms: 1.00302
  type: 'test'
  ...
1..1
# tests 1
# suites 0
# pass 1
# fail 0
# cancelled 0
# skipped 0
# todo 0
# duration_ms 222.031494
[node-tests] ok: tests/inference/kv-cache-direct-write.test.js
TAP version 13
# [199.1ms][KVCache] Migrating 1 positions to GPU...
# [199.9ms][KVCache] Migrating 1 positions to GPU (paged)...
# kv-cache-sync.test: ok
# Subtest: test module initialization completed
ok 1 - test module initialization completed
  ---
  duration_ms: 0.996337
  type: 'test'
  ...
1..1
# tests 1
# suites 0
# pass 1
# fail 0
# cancelled 0
# skipped 0
# todo 0
# duration_ms 238.916911
[node-tests] ok: tests/inference/kv-cache-sync.test.js
TAP version 13
# [208.7ms][Pipeline] KV cache kvDtype mismatch: requested=f16, actual=f32 (rule-based resolution may have changed the dtype due to GPU capabilities or softcap policy)
# [209.4ms][Pipeline] KV cache kvDtype mismatch: requested=f16, actual=f32 (rule-based resolution may have changed the dtype due to GPU capabilities or softcap policy)
# [209.5ms][Pipeline] KV cache kvDtype mismatch: requested=f16, actual=f32 (rule-based resolution may have changed the dtype due to GPU capabilities or softcap policy)
# [209.6ms][Pipeline] KV cache kvDtype mismatch: requested=f16, actual=f32 (rule-based resolution may have changed the dtype due to GPU capabilities or softcap policy)
# [209.7ms][Pipeline] KV cache kvDtype mismatch: requested=f16, actual=f32 (rule-based resolution may have changed the dtype due to GPU capabilities or softcap policy)
# [210.1ms][Pipeline] KV cache kvDtype mismatch: requested=f16, actual=f32 (rule-based resolution may have changed the dtype due to GPU capabilities or softcap policy)
# [210.2ms][Pipeline] KV cache kvDtype mismatch: requested=f16, actual=f32 (rule-based resolution may have changed the dtype due to GPU capabilities or softcap policy)
# [210.4ms][Pipeline] KV cache kvDtype mismatch: requested=f16, actual=f32 (rule-based resolution may have changed the dtype due to GPU capabilities or softcap policy)
# [210.5ms][Pipeline] KV cache kvDtype mismatch: requested=f16, actual=f32 (rule-based resolution may have changed the dtype due to GPU capabilities or softcap policy)
# [210.7ms][Pipeline] KV cache kvDtype mismatch: requested=f16, actual=f32 (rule-based resolution may have changed the dtype due to GPU capabilities or softcap policy)
# [209.2ms][Pipeline] KV cache allocated: kvDtype=f32, maxSeqLen=8192, layout=contiguous, modelMaxSeqLen=8192, requestedKvDtype=f16, requestedMaxSeqLen=8192
# [209.4ms][Pipeline] KV cache allocated: kvDtype=f32, maxSeqLen=8192, layout=paged, modelMaxSeqLen=8192, requestedKvDtype=f16, requestedMaxSeqLen=8192
# [209.5ms][Pipeline] KV cache allocated: kvDtype=f32, maxSeqLen=8192, layout=paged, modelMaxSeqLen=8192, requestedKvDtype=f16, requestedMaxSeqLen=8192
# [209.6ms][Pipeline] KV cache allocated: kvDtype=f32, maxSeqLen=8192, layout=contiguous, modelMaxSeqLen=8192, requestedKvDtype=f16, requestedMaxSeqLen=8192
# [209.8ms][Pipeline] KV cache allocated: kvDtype=f32, maxSeqLen=8192, layout=paged, modelMaxSeqLen=8192, requestedKvDtype=f16, requestedMaxSeqLen=8192
# [210.1ms][Pipeline] KV cache allocated: kvDtype=f32, maxSeqLen=8191, layout=contiguous, modelMaxSeqLen=8191, requestedKvDtype=f16, requestedMaxSeqLen=8191
# [210.2ms][Pipeline] KV cache allocated: kvDtype=f32, maxSeqLen=8192, layout=paged, modelMaxSeqLen=8192, requestedKvDtype=f16, requestedMaxSeqLen=8192
# [210.4ms][Pipeline] KV cache allocated: kvDtype=f32, maxSeqLen=1024, layout=contiguous, modelMaxSeqLen=8192, requestedKvDtype=f16, requestedMaxSeqLen=1024
# [210.5ms][Pipeline] KV cache allocated: kvDtype=f32, maxSeqLen=512, layout=contiguous, modelMaxSeqLen=2048, requestedKvDtype=f16, requestedMaxSeqLen=2048
# [210.7ms][Pipeline] KV cache allocated: kvDtype=f32, maxSeqLen=2048, layout=contiguous, modelMaxSeqLen=2048, requestedKvDtype=f16, requestedMaxSeqLen=2048
# [210.8ms][Pipeline] KV cache allocated: kvDtype=f32, maxSeqLen=8192, layout=paged, modelMaxSeqLen=8192, requestedKvDtype=f16, requestedMaxSeqLen=8192
# [210.9ms][Pipeline] KV cache allocated: kvDtype=f32, maxSeqLen=8192, layout=paged, modelMaxSeqLen=8192, requestedKvDtype=f16, requestedMaxSeqLen=8192
# [210.9ms][Pipeline] KV cache allocated: kvDtype=f32, maxSeqLen=8192, layout=paged, modelMaxSeqLen=8192, requestedKvDtype=f16, requestedMaxSeqLen=8192
# [210.9ms][Pipeline] KV cache allocated: kvDtype=f32, maxSeqLen=8192, layout=paged, modelMaxSeqLen=8192, requestedKvDtype=f16, requestedMaxSeqLen=8192
# [210.9ms][Pipeline] KV cache allocated: kvDtype=f32, maxSeqLen=8192, layout=contiguous, modelMaxSeqLen=8192, requestedKvDtype=f16, requestedMaxSeqLen=8192
# [211.0ms][Pipeline] KV cache allocated: kvDtype=f32, maxSeqLen=8192, layout=contiguous, modelMaxSeqLen=8192, requestedKvDtype=f16, requestedMaxSeqLen=8192
# [211.0ms][Pipeline] KV cache allocated: kvDtype=f32, maxSeqLen=8192, layout=contiguous, modelMaxSeqLen=8192, requestedKvDtype=f16, requestedMaxSeqLen=8192
# [211.1ms][Pipeline] KV cache allocated: kvDtype=f32, maxSeqLen=8192, layout=contiguous, modelMaxSeqLen=8192, requestedKvDtype=f16, requestedMaxSeqLen=8192
# kvcache-layout-policy.test: ok
# [210.8ms][Pipeline] KV cache kvDtype mismatch: requested=f16, actual=f32 (rule-based resolution may have changed the dtype due to GPU capabilities or softcap policy)
# [210.9ms][Pipeline] KV cache kvDtype mismatch: requested=f16, actual=f32 (rule-based resolution may have changed the dtype due to GPU capabilities or softcap policy)
# [210.9ms][Pipeline] KV cache kvDtype mismatch: requested=f16, actual=f32 (rule-based resolution may have changed the dtype due to GPU capabilities or softcap policy)
# [210.9ms][Pipeline] KV cache kvDtype mismatch: requested=f16, actual=f32 (rule-based resolution may have changed the dtype due to GPU capabilities or softcap policy)
# [210.9ms][Pipeline] KV cache kvDtype mismatch: requested=f16, actual=f32 (rule-based resolution may have changed the dtype due to GPU capabilities or softcap policy)
# [211.0ms][Pipeline] KV cache kvDtype mismatch: requested=f16, actual=f32 (rule-based resolution may have changed the dtype due to GPU capabilities or softcap policy)
# [211.0ms][Pipeline] KV cache kvDtype mismatch: requested=f16, actual=f32 (rule-based resolution may have changed the dtype due to GPU capabilities or softcap policy)
# [211.1ms][Pipeline] KV cache kvDtype mismatch: requested=f16, actual=f32 (rule-based resolution may have changed the dtype due to GPU capabilities or softcap policy)
# Subtest: test module initialization completed
ok 1 - test module initialization completed
  ---
  duration_ms: 1.06694
  type: 'test'
  ...
1..1
# tests 1
# suites 0
# pass 1
# fail 0
# cancelled 0
# skipped 0
# todo 0
# duration_ms 246.522083
[node-tests] ok: tests/inference/kvcache-layout-policy.test.js
TAP version 13
# layer-dispatch-routing.test: ok
# Subtest: test module initialization completed
ok 1 - test module initialization completed
  ---
  duration_ms: 1.120121
  type: 'test'
  ...
1..1
# tests 1
# suites 0
# pass 1
# fail 0
# cancelled 0
# skipped 0
# todo 0
# duration_ms 258.494843
[node-tests] ok: tests/inference/layer-dispatch-routing.test.js
TAP version 13
# partition helper shape, comparison, and optional-field regressions passed
# Subtest: test module initialization completed
ok 1 - test module initialization completed
  ---
  duration_ms: 0.921316
  type: 'test'
  ...
1..1
# tests 1
# suites 0
# pass 1
# fail 0
# cancelled 0
# skipped 0
# todo 0
# duration_ms 95.376873
[node-tests] ok: tests/inference/layer-partition-contract.test.js
TAP version 13
# Warning: maxDynamicUniformBuffersPerPipelineLayout artificially reduced from 500000 to 16 to fit dynamic offset allocation limit.
# Warning: maxDynamicStorageBuffersPerPipelineLayout artificially reduced from 500000 to 16 to fit dynamic offset allocation limit.
# [GPU] amd rdna-3, f16/subgroups, 4.0GB, submit probe: 0.5ms
# layer-plan-layernorm.test: physical immediate/recorded parity and failure cleanup passed
# Subtest: test module initialization completed
ok 1 - test module initialization completed
  ---
  duration_ms: 1.526095
  type: 'test'
  ...
1..1
# tests 1
# suites 0
# pass 1
# fail 0
# cancelled 0
# skipped 0
# todo 0
# duration_ms 334.145085
[node-tests] ok: tests/inference/layer-plan-layernorm.test.js
TAP version 13
# layer-scalar-contract.test: ok
# Subtest: test module initialization completed
ok 1 - test module initialization completed
  ---
  duration_ms: 1.134367
  type: 'test'
  ...
1..1
# tests 1
# suites 0
# pass 1
# fail 0
# cancelled 0
# skipped 0
# todo 0
# duration_ms 243.444704
[node-tests] ok: tests/inference/layer-scalar-contract.test.js
TAP version 13
# layernorm-bias-contract.test: ok
# Subtest: test module initialization completed
ok 1 - test module initialization completed
  ---
  duration_ms: 0.844812
  type: 'test'
  ...
1..1
# tests 1
# suites 0
# pass 1
# fail 0
# cancelled 0
# skipped 0
# todo 0
# duration_ms 93.207715
[node-tests] ok: tests/inference/layernorm-bias-contract.test.js
TAP version 13
# Warning: maxDynamicUniformBuffersPerPipelineLayout artificially reduced from 500000 to 16 to fit dynamic offset allocation limit.
# Warning: maxDynamicStorageBuffersPerPipelineLayout artificially reduced from 500000 to 16 to fit dynamic offset allocation limit.
# [GPU] amd rdna-3, f16/subgroups, 4.0GB, submit probe: 0.3ms
# lfm2-conv-kernel-init.test: ok
# Subtest: test module initialization completed
ok 1 - test module initialization completed
  ---
  duration_ms: 1.074395
  type: 'test'
  ...
1..1
# tests 1
# suites 0
# pass 1
# fail 0
# cancelled 0
# skipped 0
# todo 0
# duration_ms 300.990249
[node-tests] ok: tests/inference/lfm2-conv-kernel-init.test.js
TAP version 13
# Warning: maxDynamicUniformBuffersPerPipelineLayout artificially reduced from 500000 to 16 to fit dynamic offset allocation limit.
# Warning: maxDynamicStorageBuffersPerPipelineLayout artificially reduced from 500000 to 16 to fit dynamic offset allocation limit.
# [GPU] amd rdna-3, f16/subgroups, 4.0GB, submit probe: 0.5ms
# [263.0ms][KernelSelect] matmul variant=f32 reason=default
# lfm2-layer-plan-conv-state.test: ok
# Subtest: test module initialization completed
ok 1 - test module initialization completed
  ---
  duration_ms: 1.547656
  type: 'test'
  ...
1..1
# tests 1
# suites 0
# pass 1
# fail 0
# cancelled 0
# skipped 0
# todo 0
# duration_ms 316.697528
[node-tests] ok: tests/inference/lfm2-layer-plan-conv-state.test.js
TAP version 13
# linear-attention-contract.test: ok
# Subtest: test module initialization completed
ok 1 - test module initialization completed
  ---
  duration_ms: 1.116684
  type: 'test'
  ...
1..1
# tests 1
# suites 0
# pass 1
# fail 0
# cancelled 0
# skipped 0
# todo 0
# duration_ms 220.483818
[node-tests] ok: tests/inference/linear-attention-contract.test.js
TAP version 13
# Warning: maxDynamicUniformBuffersPerPipelineLayout artificially reduced from 500000 to 16 to fit dynamic offset allocation limit.
# Warning: maxDynamicStorageBuffersPerPipelineLayout artificially reduced from 500000 to 16 to fit dynamic offset allocation limit.
# [GPU] amd rdna-3, f16/subgroups, 4.0GB, submit probe: 0.5ms
# linear-attention-core-gpu-regression.test: ok
# Subtest: test module initialization completed
ok 1 - test module initialization completed
  ---
  duration_ms: 1.161749
  type: 'test'
  ...
1..1
# tests 1
# suites 0
# pass 1
# fail 0
# cancelled 0
# skipped 0
# todo 0
# duration_ms 291.932672
[node-tests] ok: tests/inference/linear-attention-core-gpu-regression.test.js
TAP version 13
# linear-attention-lora-contract.test: ok
# Subtest: test module initialization completed
ok 1 - test module initialization completed
  ---
  duration_ms: 0.984315
  type: 'test'
  ...
1..1
# tests 1
# suites 0
# pass 1
# fail 0
# cancelled 0
# skipped 0
# todo 0
# duration_ms 86.70928
[node-tests] ok: tests/inference/linear-attention-lora-contract.test.js
TAP version 13
# linear-attention-norm-mode.test: ok
# Subtest: test module initialization completed
ok 1 - test module initialization completed
  ---
  duration_ms: 1.144187
  type: 'test'
  ...
1..1
# tests 1
# suites 0
# pass 1
# fail 0
# cancelled 0
# skipped 0
# todo 0
# duration_ms 226.2534
[node-tests] ok: tests/inference/linear-attention-norm-mode.test.js
TAP version 13
# linear-attention-state-probes.test: ok
# Subtest: test module initialization completed
ok 1 - test module initialization completed
  ---
  duration_ms: 0.953818
  type: 'test'
  ...
1..1
# tests 1
# suites 0
# pass 1
# fail 0
# cancelled 0
# skipped 0
# todo 0
# duration_ms 87.337204
[node-tests] ok: tests/inference/linear-attention-state-probes.test.js
TAP version 13
# Subtest: rewriteWeightLoadError preserves unrelated errors
ok 1 - rewriteWeightLoadError preserves unrelated errors
  ---
  duration_ms: 0.975748
  type: 'test'
  ...
# Subtest: annotateWeightLoadError records the failing tensor context
ok 2 - annotateWeightLoadError records the failing tensor context
  ---
  duration_ms: 0.903162
  type: 'test'
  ...
# Subtest: rewriteWeightLoadError rewrites device lifecycle failures with explicit guidance
ok 3 - rewriteWeightLoadError rewrites device lifecycle failures with explicit guidance
  ---
  duration_ms: 0.343788
  type: 'test'
  ...
# Subtest: test module initialization completed
ok 4 - test module initialization completed
  ---
  duration_ms: 0.06386
  type: 'test'
  ...
1..4
# tests 4
# suites 0
# pass 4
# fail 0
# cancelled 0
# skipped 0
# todo 0
# duration_ms 102.798278
[node-tests] ok: tests/inference/load-errors.test.js
TAP version 13
# local-multimodal-manifest-contract.test: ok
# Subtest: test module initialization completed
ok 1 - test module initialization completed
  ---
  duration_ms: 0.890377
  type: 'test'
  ...
1..1
# tests 1
# suites 0
# pass 1
# fail 0
# cancelled 0
# skipped 0
# todo 0
# duration_ms 104.846938
[node-tests] ok: tests/inference/local-multimodal-manifest-contract.test.js
TAP version 13
# logit-output-probes.test: ok
# Subtest: test module initialization completed
ok 1 - test module initialization completed
  ---
  duration_ms: 0.967703
  type: 'test'
  ...
1..1
# tests 1
# suites 0
# pass 1
# fail 0
# cancelled 0
# skipped 0
# todo 0
# duration_ms 86.548487
[node-tests] ok: tests/inference/logit-output-probes.test.js
TAP version 13
# logit-output-transform.test: ok
# Subtest: test module initialization completed
ok 1 - test module initialization completed
  ---
  duration_ms: 0.995216
  type: 'test'
  ...
1..1
# tests 1
# suites 0
# pass 1
# fail 0
# cancelled 0
# skipped 0
# todo 0
# duration_ms 153.105824
[node-tests] ok: tests/inference/logit-output-transform.test.js
TAP version 13
# Warning: maxDynamicUniformBuffersPerPipelineLayout artificially reduced from 500000 to 16 to fit dynamic offset allocation limit.
# Warning: maxDynamicStorageBuffersPerPipelineLayout artificially reduced from 500000 to 16 to fit dynamic offset allocation limit.
# [GPU] amd rdna-3, f16/subgroups, 4.0GB, submit probe: 0.5ms
# logits-bias.test: ok
# Subtest: test module initialization completed
ok 1 - test module initialization completed
  ---
  duration_ms: 1.507581
  type: 'test'
  ...
1..1
# tests 1
# suites 0
# pass 1
# fail 0
# cancelled 0
# skipped 0
# todo 0
# duration_ms 256.320687
[node-tests] ok: tests/inference/logits-bias.test.js
TAP version 13
# logits-large-weight-config-contract.test: ok
# Subtest: test module initialization completed
ok 1 - test module initialization completed
  ---
  duration_ms: 1.120071
  type: 'test'
  ...
1..1
# tests 1
# suites 0
# pass 1
# fail 0
# cancelled 0
# skipped 0
# todo 0
# duration_ms 227.362711
[node-tests] ok: tests/inference/logits-large-weight-config-contract.test.js
TAP version 13
# logits-last-position-phase-contract.test: ok
# Subtest: test module initialization completed
ok 1 - test module initialization completed
  ---
  duration_ms: 1.148414
  type: 'test'
  ...
1..1
# tests 1
# suites 0
# pass 1
# fail 0
# cancelled 0
# skipped 0
# todo 0
# duration_ms 242.188828
[node-tests] ok: tests/inference/logits-last-position-phase-contract.test.js
TAP version 13
# Warning: maxDynamicUniformBuffersPerPipelineLayout artificially reduced from 500000 to 16 to fit dynamic offset allocation limit.
# Warning: maxDynamicStorageBuffersPerPipelineLayout artificially reduced from 500000 to 16 to fit dynamic offset allocation limit.
# [GPU] amd rdna-3, f16/subgroups, 4.0GB, submit probe: 0.4ms
# [237.8ms][KernelSelect] matmul variant=f32 reason=default
# logits-output-ownership: GPU checks passed
# Subtest: test module initialization completed
ok 1 - test module initialization completed
  ---
  duration_ms: 1.064516
  type: 'test'
  ...
1..1
# tests 1
# suites 0
# pass 1
# fail 0
# cancelled 0
# skipped 0
# todo 0
# duration_ms 290.909826
[node-tests] ok: tests/inference/logits-output-ownership.test.js
TAP version 13
# logits-softcap-f32-tail-contract.test: ok
# Subtest: test module initialization completed
ok 1 - test module initialization completed
  ---
  duration_ms: 1.005945
  type: 'test'
  ...
1..1
# tests 1
# suites 0
# pass 1
# fail 0
# cancelled 0
# skipped 0
# todo 0
# duration_ms 113.023706
[node-tests] ok: tests/inference/logits-softcap-f32-tail-contract.test.js
TAP version 13
# logits-utils-cleanup.test: ok
# Subtest: test module initialization completed
ok 1 - test module initialization completed
  ---
  duration_ms: 0.982551
  type: 'test'
  ...
1..1
# tests 1
# suites 0
# pass 1
# fail 0
# cancelled 0
# skipped 0
# todo 0
# duration_ms 129.193927
[node-tests] ok: tests/inference/logits-utils-cleanup.test.js
TAP version 13
# logits-weight-buffer-final-norm.test: ok
# Subtest: test module initialization completed
ok 1 - test module initialization completed
  ---
  duration_ms: 0.995896
  type: 'test'
  ...
1..1
# tests 1
# suites 0
# pass 1
# fail 0
# cancelled 0
# skipped 0
# todo 0
# duration_ms 137.651824
[node-tests] ok: tests/inference/logits-weight-buffer-final-norm.test.js
TAP version 13
# lora-runtime-matmul-layout-contract.test: ok
# Subtest: test module initialization completed
ok 1 - test module initialization completed
  ---
  duration_ms: 1.0721
  type: 'test'
  ...
1..1
# tests 1
# suites 0
# pass 1
# fail 0
# cancelled 0
# skipped 0
# todo 0
# duration_ms 237.547192
[node-tests] ok: tests/inference/lora-runtime-matmul-layout-contract.test.js
TAP version 13
# manifest-compute-lane-binding.test: ok
# Subtest: test module initialization completed
ok 1 - test module initialization completed
  ---
  duration_ms: 1.180134
  type: 'test'
  ...
1..1
# tests 1
# suites 0
# pass 1
# fail 0
# cancelled 0
# skipped 0
# todo 0
# duration_ms 263.915329
[node-tests] ok: tests/inference/manifest-compute-lane-binding.test.js
TAP version 13
# manifest-unsupported-contract.test: ok
# Subtest: test module initialization completed
ok 1 - test module initialization completed
  ---
  duration_ms: 1.127695
  type: 'test'
  ...
1..1
# tests 1
# suites 0
# pass 1
# fail 0
# cancelled 0
# skipped 0
# todo 0
# duration_ms 128.422463
[node-tests] ok: tests/inference/manifest-unsupported-contract.test.js
TAP version 13
# [154.6ms][KernelSelect] matmul variant=f16w_f32a reason=path_override
# [155.3ms][KernelSelect] matmul variant=q4_fused_widetile reason=path_override_f16_fallthrough
# [155.6ms][KernelSelect] matmul variant=q4_fused_gemv reason=path_override_f16_fallthrough
# [155.7ms][KernelSelect] matmul variant=gemv_subgroup_vec4 reason=gemv
# [155.9ms][KernelSelect] matmul variant=q4_fused_batched reason=q4k_fused
# [156.0ms][KernelSelect] matmul variant=q4_fused_multicol reason=q4k_fused
# [156.1ms][KernelSelect] matmul variant=q4_fused_widetile_residual reason=q4k_fused
# [156.2ms][KernelSelect] matmul variant=f32 reason=path_override_quantized_fallthrough
# [156.4ms][KernelSelect] matmul variant=litert_int4_multicol_f32a_f32out reason=path_override
# [156.8ms][KernelSelect] matmul variant=gemv_subgroup_multicol reason=path_override
# matmul-kernel-path-weight-dtype-contract.test: ok
# Subtest: test module initialization completed
ok 1 - test module initialization completed
  ---
  duration_ms: 1.201904
  type: 'test'
  ...
1..1
# tests 1
# suites 0
# pass 1
# fail 0
# cancelled 0
# skipped 0
# todo 0
# duration_ms 194.158513
[node-tests] ok: tests/inference/matmul-kernel-path-weight-dtype-contract.test.js
TAP version 13
# [220.0ms][Pipeline] KV cache allocated: kvDtype=f32, maxSeqLen=1024, layout=contiguous, modelMaxSeqLen=131072, requestedKvDtype=f32, requestedMaxSeqLen=1024
# [224.6ms][Pipeline] KV cache allocated: kvDtype=f32, maxSeqLen=1024, layout=contiguous, modelMaxSeqLen=131072, requestedKvDtype=f32, requestedMaxSeqLen=1024
# [238.3ms][Pipeline] KV cache allocated: kvDtype=f32, maxSeqLen=1024, layout=contiguous, modelMaxSeqLen=131072, requestedKvDtype=f32, requestedMaxSeqLen=1024
# mixed-geometry-kvcache.test: ok
# Subtest: test module initialization completed
ok 1 - test module initialization completed
  ---
  duration_ms: 1.122004
  type: 'test'
  ...
1..1
# tests 1
# suites 0
# pass 1
# fail 0
# cancelled 0
# skipped 0
# todo 0
# duration_ms 281.750687
[node-tests] ok: tests/inference/mixed-geometry-kvcache.test.js
TAP version 13
# [261.4ms][Pipeline] KV cache allocated: kvDtype=f32, maxSeqLen=32, layout=contiguous, modelMaxSeqLen=131072, requestedKvDtype=f32, requestedMaxSeqLen=32
# mixed-geometry-prefill-with-embedding.test: ok
# Subtest: test module initialization completed
ok 1 - test module initialization completed
  ---
  duration_ms: 1.019922
  type: 'test'
  ...
1..1
# tests 1
# suites 0
# pass 1
# fail 0
# cancelled 0
# skipped 0
# todo 0
# duration_ms 309.425937
[node-tests] ok: tests/inference/mixed-geometry-prefill-with-embedding.test.js
TAP version 13
# Subtest: builds complete full-model checkpoint evidence across prefill and decode
ok 1 - builds complete full-model checkpoint evidence across prefill and decode
  ---
  duration_ms: 5.286482
  type: 'test'
  ...
# Subtest: fails closed when a tensor class, KV proof, or decode floor is missing
ok 2 - fails closed when a tensor class, KV proof, or decode floor is missing
  ---
  duration_ms: 0.778557
  type: 'test'
  ...
# Subtest: test module initialization completed
ok 3 - test module initialization completed
  ---
  duration_ms: 0.103855
  type: 'test'
  ...
1..3
# tests 3
# suites 0
# pass 3
# fail 0
# cancelled 0
# skipped 0
# todo 0
# duration_ms 93.74584
[node-tests] ok: tests/inference/model-checkpoint-evidence.test.js
TAP version 13
# [230.0ms][Pipeline] Resolved session applied (lfm2-manifest-session-test): batchSize=16, stopCheckMode=batch, readbackInterval=4, disableCommandBatching=false
# [231.6ms][Pipeline] Resolved session applied (manifest-session-kvtype-preserved-test): batchSize=16, stopCheckMode=batch, readbackInterval=4, disableCommandBatching=false
# [231.7ms][Pipeline] Resolved session applied (qwen3-runtime-session-override-test): batchSize=4, stopCheckMode=batch, readbackInterval=1, disableCommandBatching=true
# [231.7ms][Pipeline] Resolved session applied (lfm2-manifest-ring-defaults-test): batchSize=8, stopCheckMode=batch, readbackInterval=8, disableCommandBatching=false
# [231.8ms][Pipeline] Resolved session applied (lfm2-manifest-ring-disable-test): batchSize=8, stopCheckMode=batch, readbackInterval=8, disableCommandBatching=false
# [231.8ms][Pipeline] Resolved session applied (lfm2-runtime-override-wins-test): batchSize=16, stopCheckMode=batch, readbackInterval=2, disableCommandBatching=false
# [231.8ms][Pipeline] Resolved session applied (lfm2-null-runtime-overrides-do-not-mask-session-test): batchSize=32, stopCheckMode=batch, readbackInterval=64, disableCommandBatching=false
# [231.9ms][Pipeline] Resolved session applied (lfm2-disable-command-batching-override-test): batchSize=8, stopCheckMode=batch, readbackInterval=8, disableCommandBatching=true
# [232.2ms][Pipeline] Resolved session applied (lfm2-full-runtime-override-test): batchSize=8, stopCheckMode=batch, readbackInterval=4, disableCommandBatching=true
# model-load-batching-defaults.test: ok
# Subtest: test module initialization completed
ok 1 - test module initialization completed
  ---
  duration_ms: 1.022026
  type: 'test'
  ...
1..1
# tests 1
# suites 0
# pass 1
# fail 0
# cancelled 0
# skipped 0
# todo 0
# duration_ms 273.783675
[node-tests] ok: tests/inference/model-load-batching-defaults.test.js
TAP version 13
# [206.9ms][Pipeline] KernelPath: inline-f32 (1 decode steps, 1 kernels, source=model)
# [207.9ms][Pipeline] KernelPath: inline-f32 (1 decode steps, 1 kernels, source=model)
# model-load-kernel-path-dtype-contract.test: ok
# Subtest: test module initialization completed
ok 1 - test module initialization completed
  ---
  duration_ms: 1.088351
  type: 'test'
  ...
1..1
# tests 1
# suites 0
# pass 1
# fail 0
# cancelled 0
# skipped 0
# todo 0
# duration_ms 249.115952
[node-tests] ok: tests/inference/model-load-kernel-path-dtype-contract.test.js
TAP version 13
# [210.5ms][Pipeline] Resolved session applied (large-weights-runtime-override-fixture): batchSize=1, stopCheckMode=batch, readbackInterval=1, disableCommandBatching=false
# [211.7ms][Pipeline] Resolved session applied (large-weights-runtime-override-fixture): batchSize=1, stopCheckMode=batch, readbackInterval=1, disableCommandBatching=false
# model-load-large-weights-runtime-override.test: ok
# Subtest: test module initialization completed
ok 1 - test module initialization completed
  ---
  duration_ms: 1.105894
  type: 'test'
  ...
1..1
# tests 1
# suites 0
# pass 1
# fail 0
# cancelled 0
# skipped 0
# todo 0
# duration_ms 257.16532
[node-tests] ok: tests/inference/model-load-large-weights-runtime-override.test.js
TAP version 13
# moe-active-expert-schedule.test: ok
# Subtest: test module initialization completed
ok 1 - test module initialization completed
  ---
  duration_ms: 1.147251
  type: 'test'
  ...
1..1
# tests 1
# suites 0
# pass 1
# fail 0
# cancelled 0
# skipped 0
# todo 0
# duration_ms 217.232272
[node-tests] ok: tests/inference/moe-active-expert-schedule.test.js
TAP version 13
# moe-cache-cleanup.test: ok
# Subtest: test module initialization completed
ok 1 - test module initialization completed
  ---
  duration_ms: 0.96598
  type: 'test'
  ...
1..1
# tests 1
# suites 0
# pass 1
# fail 0
# cancelled 0
# skipped 0
# todo 0
# duration_ms 117.754592
[node-tests] ok: tests/inference/moe-cache-cleanup.test.js
TAP version 13
# moe-dtype-contract-source.test: ok
# Subtest: test module initialization completed
ok 1 - test module initialization completed
  ---
  duration_ms: 0.877734
  type: 'test'
  ...
1..1
# tests 1
# suites 0
# pass 1
# fail 0
# cancelled 0
# skipped 0
# todo 0
# duration_ms 87.92414
[node-tests] ok: tests/inference/moe-dtype-contract-source.test.js
TAP version 13
# moe-mixtral-runtime-wiring.test: ok
# Subtest: test module initialization completed
ok 1 - test module initialization completed
  ---
  duration_ms: 1.451385
  type: 'test'
  ...
1..1
# tests 1
# suites 0
# pass 1
# fail 0
# cancelled 0
# skipped 0
# todo 0
# duration_ms 167.155359
[node-tests] ok: tests/inference/moe-mixtral-runtime-wiring.test.js
TAP version 13
# [223.0ms][KernelSelect] matmul variant=f32 reason=default
# moe-ops-cleanup.test: ok
# Subtest: test module initialization completed
ok 1 - test module initialization completed
  ---
  duration_ms: 1.084223
  type: 'test'
  ...
1..1
# tests 1
# suites 0
# pass 1
# fail 0
# cancelled 0
# skipped 0
# todo 0
# duration_ms 269.288655
[node-tests] ok: tests/inference/moe-ops-cleanup.test.js
TAP version 13
# [321.5ms][Pipeline] Unloaded
# moe-router-cleanup.test: ok
# Subtest: test module initialization completed
ok 1 - test module initialization completed
  ---
  duration_ms: 1.026675
  type: 'test'
  ...
1..1
# tests 1
# suites 0
# pass 1
# fail 0
# cancelled 0
# skipped 0
# todo 0
# duration_ms 361.400647
[node-tests] ok: tests/inference/moe-router-cleanup.test.js
TAP version 13
# moe-routing-contract.test: ok
# Subtest: test module initialization completed
ok 1 - test module initialization completed
  ---
  duration_ms: 0.914193
  type: 'test'
  ...
1..1
# tests 1
# suites 0
# pass 1
# fail 0
# cancelled 0
# skipped 0
# todo 0
# duration_ms 92.346043
[node-tests] ok: tests/inference/moe-routing-contract.test.js
TAP version 13
# multimodal-config-contract.test: ok
# Subtest: test module initialization completed
ok 1 - test module initialization completed
  ---
  duration_ms: 1.017106
  type: 'test'
  ...
1..1
# tests 1
# suites 0
# pass 1
# fail 0
# cancelled 0
# skipped 0
# todo 0
# duration_ms 130.892458
[node-tests] ok: tests/inference/multimodal-config-contract.test.js
TAP version 13
# multimodal-generation-options.test: ok
# Subtest: test module initialization completed
ok 1 - test module initialization completed
  ---
  duration_ms: 1.120662
  type: 'test'
  ...
1..1
# tests 1
# suites 0
# pass 1
# fail 0
# cancelled 0
# skipped 0
# todo 0
# duration_ms 289.649843
[node-tests] ok: tests/inference/multimodal-generation-options.test.js
TAP version 13
# [285.7ms][Pipeline] Loading vision weights on demand
# [287.0ms][Pipeline] Loading audio weights on demand
# multimodal-lazy-weight-load.test: ok
# Subtest: test module initialization completed
ok 1 - test module initialization completed
  ---
  duration_ms: 1.049668
  type: 'test'
  ...
1..1
# tests 1
# suites 0
# pass 1
# fail 0
# cancelled 0
# skipped 0
# todo 0
# duration_ms 327.065527
[node-tests] ok: tests/inference/multimodal-lazy-weight-load.test.js
TAP version 13
# multimodal-prefill-command-batching.test: ok
# Subtest: test module initialization completed
ok 1 - test module initialization completed
  ---
  duration_ms: 1.164665
  type: 'test'
  ...
1..1
# tests 1
# suites 0
# pass 1
# fail 0
# cancelled 0
# skipped 0
# todo 0
# duration_ms 259.644782
[node-tests] ok: tests/inference/multimodal-prefill-command-batching.test.js
TAP version 13
# multimodal-sequence-capacity-contract.test: ok
# Subtest: test module initialization completed
ok 1 - test module initialization completed
  ---
  duration_ms: 0.908351
  type: 'test'
  ...
1..1
# tests 1
# suites 0
# pass 1
# fail 0
# cancelled 0
# skipped 0
# todo 0
# duration_ms 97.751869
[node-tests] ok: tests/inference/multimodal-sequence-capacity-contract.test.js
TAP version 13
# node-file-shard-storage-context.test: ok
# Subtest: test module initialization completed
ok 1 - test module initialization completed
  ---
  duration_ms: 1.014101
  type: 'test'
  ...
1..1
# tests 1
# suites 0
# pass 1
# fail 0
# cancelled 0
# skipped 0
# todo 0
# duration_ms 265.617418
[node-tests] ok: tests/inference/node-file-shard-storage-context.test.js
TAP version 13
# operator-diagnostics-forwarding-contract.test: ok
# Subtest: test module initialization completed
ok 1 - test module initialization completed
  ---
  duration_ms: 0.882443
  type: 'test'
  ...
1..1
# tests 1
# suites 0
# pass 1
# fail 0
# cancelled 0
# skipped 0
# todo 0
# duration_ms 98.55365
[node-tests] ok: tests/inference/operator-diagnostics-forwarding-contract.test.js
TAP version 13
#   stage-names: ok
#   operator-identity: ok
#   operator-events: ok
#   drift-policy: ok
#   capture-policy: ok
#   failure-reduction: ok
# operator-diffing.test: ok
# Subtest: test module initialization completed
ok 1 - test module initialization completed
  ---
  duration_ms: 0.868386
  type: 'test'
  ...
1..1
# tests 1
# suites 0
# pass 1
# fail 0
# cancelled 0
# skipped 0
# todo 0
# duration_ms 101.741647
[node-tests] ok: tests/inference/operator-diffing.test.js
TAP version 13
# [215.8ms][Pipeline] KV cache allocated: kvDtype=f32, maxSeqLen=16, layout=contiguous, modelMaxSeqLen=16, requestedKvDtype=f32, requestedMaxSeqLen=16
# [216.4ms][Pipeline] KV cache allocated: kvDtype=f32, maxSeqLen=16, layout=contiguous, modelMaxSeqLen=16, requestedKvDtype=f32, requestedMaxSeqLen=16
# [216.6ms][Pipeline] KV cache allocated: kvDtype=f32, maxSeqLen=16, layout=contiguous, modelMaxSeqLen=16, requestedKvDtype=f32, requestedMaxSeqLen=16
# [217.9ms][Pipeline] KV cache allocated: kvDtype=f32, maxSeqLen=4, layout=contiguous, modelMaxSeqLen=16, requestedKvDtype=f32, requestedMaxSeqLen=16
# partition-kv-cache: range allocation, model policy, isolation, bounds, subclass identity, and cleanup passed
# Subtest: test module initialization completed
ok 1 - test module initialization completed
  ---
  duration_ms: 1.099592
  type: 'test'
  ...
1..1
# tests 1
# suites 0
# pass 1
# fail 0
# cancelled 0
# skipped 0
# todo 0
# duration_ms 259.490332
[node-tests] ok: tests/inference/partition-kv-cache.test.js
TAP version 13
# [254.5ms][EnergyRowHead] Loaded model "dream-energy-head-test" (dream_energy_head)
# [256.4ms][Energy] Loaded energy model "energy-test"
# [257.1ms][Energy] Quintel backend: GPU
# [257.2ms][Energy] GPU quintel path failed: writeBuffer failed at 1
# [257.4ms][Energy] Quintel backend: CPU
# pipeline-buffer-write-cleanup.test: ok
# Subtest: test module initialization completed
ok 1 - test module initialization completed
  ---
  duration_ms: 1.006847
  type: 'test'
  ...
1..1
# tests 1
# suites 0
# pass 1
# fail 0
# cancelled 0
# skipped 0
# todo 0
# duration_ms 297.3058
[node-tests] ok: tests/inference/pipeline-buffer-write-cleanup.test.js
TAP version 13
# [184.8ms][GPU] Device lost: Test loss, Reason: destroyed
# [186.3ms][Trace] Kernel tracing enabled {
#   layers: [],
#   breakOnAnomaly: false,
#   explosionThreshold: 10,
#   collapseThreshold: 0.000001,
#   maxSteps: 5000
# }
# [187.6ms][GPU] Device lost: Test replacement, Reason: destroyed
# pipeline-context-restoration.test: ok
# Subtest: test module initialization completed
ok 1 - test module initialization completed
  ---
  duration_ms: 1.081939
  type: 'test'
  ...
1..1
# tests 1
# suites 0
# pass 1
# fail 0
# cancelled 0
# skipped 0
# todo 0
# duration_ms 227.709506
[node-tests] ok: tests/inference/pipeline-context-restoration.test.js
TAP version 13
# pipeline-embedding-fast-path.test: ok
# Subtest: test module initialization completed
ok 1 - test module initialization completed
  ---
  duration_ms: 1.10381
  type: 'test'
  ...
1..1
# tests 1
# suites 0
# pass 1
# fail 0
# cancelled 0
# skipped 0
# todo 0
# duration_ms 303.376008
[node-tests] ok: tests/inference/pipeline-embedding-fast-path.test.js
TAP version 13
# Subtest: every exposed pipeline method declares ownership
ok 1 - every exposed pipeline method declares ownership
  ---
  duration_ms: 1.592251
  type: 'test'
  ...
# Subtest: ordinary promise functions and wrapped iterators retain one owner through aliases
ok 2 - ordinary promise functions and wrapped iterators retain one owner through aliases
  ---
  duration_ms: 2.656605
  type: 'test'
  ...
# Subtest: embedding batch scheduling releases compatibility scope between explicit execution calls
ok 3 - embedding batch scheduling releases compatibility scope between explicit execution calls
  ---
  duration_ms: 4.103683
  type: 'test'
  ...
# Subtest: standalone batch scheduler needs only request and execution ports and honors cancellation
ok 4 - standalone batch scheduler needs only request and execution ports and honors cancellation
  ---
  duration_ms: 0.199506
  type: 'test'
  ...
# Subtest: test module initialization completed
ok 5 - test module initialization completed
  ---
  duration_ms: 0.064792
  type: 'test'
  ...
1..5
# tests 5
# suites 0
# pass 5
# fail 0
# cancelled 0
# skipped 0
# todo 0
# duration_ms 344.363283
[node-tests] ok: tests/inference/pipeline-operation-contract.test.js
TAP version 13
# pipeline-registry-isolation.test: construction, serialized execution, stream return, cancellation, close and observers passed (contract doubles)
# Subtest: test module initialization completed
ok 1 - test module initialization completed
  ---
  duration_ms: 1.033818
  type: 'test'
  ...
1..1
# tests 1
# suites 0
# pass 1
# fail 0
# cancelled 0
# skipped 0
# todo 0
# duration_ms 278.882164
[node-tests] ok: tests/inference/pipeline-registry-isolation.test.js
TAP version 13
# Subtest: test module initialization completed
ok 1 - test module initialization completed
  ---
  duration_ms: 1.077771
  type: 'test'
  ...
1..1
# tests 1
# suites 0
# pass 1
# fail 0
# cancelled 0
# skipped 0
# todo 0
# duration_ms 187.917093
[node-tests] ok: tests/inference/pipeline-session-config.test.js
TAP version 13
# Subtest: cancelled load releases its scope before another load (shared device: true)
ok 1 - cancelled load releases its scope before another load (shared device: true)
  ---
  duration_ms: 9.967742
  type: 'test'
  ...
# Subtest: cancelled load releases its scope before another load (shared device: false)
ok 2 - cancelled load releases its scope before another load (shared device: false)
  ---
  duration_ms: 3.257358
  type: 'test'
  ...
# Subtest: stream cleanup failure and loss of A do not invalidate B or its queued work
ok 3 - stream cleanup failure and loss of A do not invalidate B or its queued work
  ---
  duration_ms: 5.416787
  type: 'test'
  ...
# Subtest: test module initialization completed
ok 4 - test module initialization completed
  ---
  duration_ms: 0.073228
  type: 'test'
  ...
1..4
# tests 4
# suites 0
# pass 4
# fail 0
# cancelled 0
# skipped 0
# todo 0
# duration_ms 217.722027
[node-tests] ok: tests/inference/pipeline-session-interleaving.test.js
TAP version 13
# pipeline-shader-scope.test: ok (contract doubles)
# Subtest: test module initialization completed
ok 1 - test module initialization completed
  ---
  duration_ms: 1.167069
  type: 'test'
  ...
1..1
# tests 1
# suites 0
# pass 1
# fail 0
# cancelled 0
# skipped 0
# todo 0
# duration_ms 198.958719
[node-tests] ok: tests/inference/pipeline-shader-scope.test.js
TAP version 13
# [264.0ms][Pipeline] Unloaded
# [264.6ms][Pipeline] Unloaded
# [264.7ms][Pipeline] Unloaded
# Subtest: unload destroys session KV and decode allocations, not another session
ok 1 - unload destroys session KV and decode allocations, not another session
  ---
  duration_ms: 3.72544
  type: 'test'
  ...
# Subtest: loader cleanup failure does not skip session or storage cleanup
ok 2 - loader cleanup failure does not skip session or storage cleanup
  ---
  duration_ms: 0.519609
  type: 'test'
  ...
# Subtest: partial decode allocation failure releases every acquired buffer and permits retry
ok 3 - partial decode allocation failure releases every acquired buffer and permits retry
  ---
  duration_ms: 0.767065
  type: 'test'
  ...
# Subtest: test module initialization completed
ok 4 - test module initialization completed
  ---
  duration_ms: 0.060284
  type: 'test'
  ...
1..4
# tests 4
# suites 0
# pass 4
# fail 0
# cancelled 0
# skipped 0
# todo 0
# duration_ms 307.164318
[node-tests] ok: tests/inference/pipeline-unload-resources.test.js
TAP version 13
# postnorm-contract.test: ok
# Subtest: test module initialization completed
ok 1 - test module initialization completed
  ---
  duration_ms: 0.922157
  type: 'test'
  ...
1..1
# tests 1
# suites 0
# pass 1
# fail 0
# cancelled 0
# skipped 0
# todo 0
# duration_ms 91.866349
[node-tests] ok: tests/inference/postnorm-contract.test.js
TAP version 13
# prefill-output-ownership: passed
# Subtest: test module initialization completed
ok 1 - test module initialization completed
  ---
  duration_ms: 1.109321
  type: 'test'
  ...
1..1
# tests 1
# suites 0
# pass 1
# fail 0
# cancelled 0
# skipped 0
# todo 0
# duration_ms 296.188776
[node-tests] ok: tests/inference/prefill-output-ownership.test.js
TAP version 13
# presence-penalty.test: ok
# Subtest: test module initialization completed
ok 1 - test module initialization completed
  ---
  duration_ms: 0.964819
  type: 'test'
  ...
1..1
# tests 1
# suites 0
# pass 1
# fail 0
# cancelled 0
# skipped 0
# todo 0
# duration_ms 123.355997
[node-tests] ok: tests/inference/presence-penalty.test.js
TAP version 13
# [Doppler] Trace categories: embed
# [Doppler] Trace disabled
# probes-readback.test: ok
# Subtest: test module initialization completed
ok 1 - test module initialization completed
  ---
  duration_ms: 1.003281
  type: 'test'
  ...
1..1
# tests 1
# suites 0
# pass 1
# fail 0
# cancelled 0
# skipped 0
# todo 0
# duration_ms 178.142906
[node-tests] ok: tests/inference/probes-readback.test.js
TAP version 13
# q4k-loader-kernel-path-contract.test: ok
# Subtest: test module initialization completed
ok 1 - test module initialization completed
  ---
  duration_ms: 1.041583
  type: 'test'
  ...
1..1
# tests 1
# suites 0
# pass 1
# fail 0
# cancelled 0
# skipped 0
# todo 0
# duration_ms 252.489581
[node-tests] ok: tests/inference/q4k-loader-kernel-path-contract.test.js
TAP version 13
# qk-norm-buffer-cache-contract.test: ok
# Subtest: test module initialization completed
ok 1 - test module initialization completed
  ---
  duration_ms: 0.998311
  type: 'test'
  ...
1..1
# tests 1
# suites 0
# pass 1
# fail 0
# cancelled 0
# skipped 0
# todo 0
# duration_ms 117.066095
[node-tests] ok: tests/inference/qk-norm-buffer-cache-contract.test.js
TAP version 13
# qk-norm-weight-shape.test: ok
# Subtest: test module initialization completed
ok 1 - test module initialization completed
  ---
  duration_ms: 1.692269
  type: 'test'
  ...
1..1
# tests 1
# suites 0
# pass 1
# fail 0
# cancelled 0
# skipped 0
# todo 0
# duration_ms 230.961074
[node-tests] ok: tests/inference/qk-norm-weight-shape.test.js
TAP version 13
# qwen-linear-norm-offset.test: ok
# Subtest: test module initialization completed
ok 1 - test module initialization completed
  ---
  duration_ms: 1.136191
  type: 'test'
  ...
1..1
# tests 1
# suites 0
# pass 1
# fail 0
# cancelled 0
# skipped 0
# todo 0
# duration_ms 227.27074
[node-tests] ok: tests/inference/qwen-linear-norm-offset.test.js
TAP version 13
# qwen-manifest-completeness.test: ok
# Subtest: test module initialization completed
ok 1 - test module initialization completed
  ---
  duration_ms: 1.090054
  type: 'test'
  ...
1..1
# tests 1
# suites 0
# pass 1
# fail 0
# cancelled 0
# skipped 0
# todo 0
# duration_ms 240.741133
[node-tests] ok: tests/inference/qwen-manifest-completeness.test.js
TAP version 13
# qwen-output-gate-recorder-contract.test: ok
# Subtest: test module initialization completed
ok 1 - test module initialization completed
  ---
  duration_ms: 0.882533
  type: 'test'
  ...
1..1
# tests 1
# suites 0
# pass 1
# fail 0
# cancelled 0
# skipped 0
# todo 0
# duration_ms 107.401593
[node-tests] ok: tests/inference/qwen-output-gate-recorder-contract.test.js
TAP version 13
# qwen-q4k-eos-contract.test: ok
# Subtest: test module initialization completed
ok 1 - test module initialization completed
  ---
  duration_ms: 1.002549
  type: 'test'
  ...
1..1
# tests 1
# suites 0
# pass 1
# fail 0
# cancelled 0
# skipped 0
# todo 0
# duration_ms 86.533801
[node-tests] ok: tests/inference/qwen-q4k-eos-contract.test.js
TAP version 13
# qwen-rmsnorm-offset-contract.test: ok
# Subtest: test module initialization completed
ok 1 - test module initialization completed
  ---
  duration_ms: 0.975027
  type: 'test'
  ...
1..1
# tests 1
# suites 0
# pass 1
# fail 0
# cancelled 0
# skipped 0
# todo 0
# duration_ms 87.23898
[node-tests] ok: tests/inference/qwen-rmsnorm-offset-contract.test.js
TAP version 13
# Warning: maxDynamicUniformBuffersPerPipelineLayout artificially reduced from 500000 to 16 to fit dynamic offset allocation limit.
# Warning: maxDynamicStorageBuffersPerPipelineLayout artificially reduced from 500000 to 16 to fit dynamic offset allocation limit.
# [GPU] amd rdna-3, f16/subgroups, 4.0GB, submit probe: 0.4ms
# qwen-rope-runtime-config.test: ok
# Subtest: test module initialization completed
ok 1 - test module initialization completed
  ---
  duration_ms: 1.081979
  type: 'test'
  ...
1..1
# tests 1
# suites 0
# pass 1
# fail 0
# cancelled 0
# skipped 0
# todo 0
# duration_ms 306.00805
[node-tests] ok: tests/inference/qwen-rope-runtime-config.test.js
TAP version 13
# [96.0ms][Config] Experimental: Overriding 18 allowlisted model param(s) via runtime: vision_config.vision_architecture, vision_config.depth, vision_config.hidden_size, vision_config.intermediate_size, vision_config.num_heads, vision_config.num_key_value_heads, vision_config.head_dim, vision_config.out_hidden_size, vision_config.patch_size, vision_config.pooling_kernel_size, vision_config.spatial_merge_size, vision_config.temporal_patch_size, vision_config.eps, vision_config.hidden_activation, vision_config.min_pixels, vision_config.max_pixels, vision_config.normalization.mean, vision_config.normalization.std. Manifest values are recommended.
# qwen-vision-config-runtime-override.test: ok
# Subtest: test module initialization completed
ok 1 - test module initialization completed
  ---
  duration_ms: 1.057773
  type: 'test'
  ...
1..1
# tests 1
# suites 0
# pass 1
# fail 0
# cancelled 0
# skipped 0
# todo 0
# duration_ms 133.194858
[node-tests] ok: tests/inference/qwen-vision-config-runtime-override.test.js
TAP version 13
# refactor-receipt.test: ok
# Subtest: test module initialization completed
ok 1 - test module initialization completed
  ---
  duration_ms: 0.87551
  type: 'test'
  ...
1..1
# tests 1
# suites 0
# pass 1
# fail 0
# cancelled 0
# skipped 0
# todo 0
# duration_ms 110.560857
[node-tests] ok: tests/inference/refactor-receipt.test.js
TAP version 13
# rerank-scoring-details.test: ok
# Subtest: test module initialization completed
ok 1 - test module initialization completed
  ---
  duration_ms: 0.905115
  type: 'test'
  ...
1..1
# tests 1
# suites 0
# pass 1
# fail 0
# cancelled 0
# skipped 0
# todo 0
# duration_ms 257.34447
[node-tests] ok: tests/inference/rerank-scoring-details.test.js
TAP version 13
# Subtest: resolved runtime session is immutable and detached from mutable inputs
ok 1 - resolved runtime session is immutable and detached from mutable inputs
  ---
  duration_ms: 3.616605
  type: 'test'
  ...
# Subtest: attention accepts only the resolved session boundary
ok 2 - attention accepts only the resolved session boundary
  ---
  duration_ms: 1.054558
  type: 'test'
  ...
# Subtest: observation context keeps command intent out of numeric runtime policy
ok 3 - observation context keeps command intent out of numeric runtime policy
  ---
  duration_ms: 0.194176
  type: 'test'
  ...
# Subtest: test module initialization completed
ok 4 - test module initialization completed
  ---
  duration_ms: 0.051738
  type: 'test'
  ...
1..4
# tests 4
# suites 0
# pass 4
# fail 0
# cancelled 0
# skipped 0
# todo 0
# duration_ms 98.179996
[node-tests] ok: tests/inference/resolved-runtime-session.test.js
TAP version 13
# Subtest: immediate failure cleanup releases every acquired stage exactly once
ok 1 - immediate failure cleanup releases every acquired stage exactly once
  ---
  duration_ms: 1.850928
  type: 'test'
  ...
# Subtest: aliasing, transfer, retention, and output replacement are explicit
ok 2 - aliasing, transfer, retention, and output replacement are explicit
  ---
  duration_ms: 0.376229
  type: 'test'
  ...
# Subtest: recorded scope retains submit-owned buffers and prevents duplicate tracking
ok 3 - recorded scope retains submit-owned buffers and prevents duplicate tracking
  ---
  duration_ms: 0.155964
  type: 'test'
  ...
# Subtest: early return closes owned temporaries while preserving borrowed resources
ok 4 - early return closes owned temporaries while preserving borrowed resources
  ---
  duration_ms: 0.088837
  type: 'test'
  ...
# Subtest: pooled resource reacquisition starts a new ownership lifetime
ok 5 - pooled resource reacquisition starts a new ownership lifetime
  ---
  duration_ms: 0.158028
  type: 'test'
  ...
# Subtest: test module initialization completed
ok 6 - test module initialization completed
  ---
  duration_ms: 0.045836
  type: 'test'
  ...
1..6
# tests 6
# suites 0
# pass 6
# fail 0
# cancelled 0
# skipped 0
# todo 0
# duration_ms 117.117031
[node-tests] ok: tests/inference/resource-scope.test.js
TAP version 13
# rmsnorm-cache-bypass.test: ok
# Subtest: test module initialization completed
ok 1 - test module initialization completed
  ---
  duration_ms: 1.133116
  type: 'test'
  ...
1..1
# tests 1
# suites 0
# pass 1
# fail 0
# cancelled 0
# skipped 0
# todo 0
# duration_ms 216.172868
[node-tests] ok: tests/inference/rmsnorm-cache-bypass.test.js
TAP version 13
# rmsnorm-fusion-gate.test: ok
# Subtest: test module initialization completed
ok 1 - test module initialization completed
  ---
  duration_ms: 0.84934
  type: 'test'
  ...
1..1
# tests 1
# suites 0
# pass 1
# fail 0
# cancelled 0
# skipped 0
# todo 0
# duration_ms 96.020237
[node-tests] ok: tests/inference/rmsnorm-fusion-gate.test.js
TAP version 13
# rope-frequency-cache-contract.test: ok
# Subtest: test module initialization completed
ok 1 - test module initialization completed
  ---
  duration_ms: 1.032085
  type: 'test'
  ...
1..1
# tests 1
# suites 0
# pass 1
# fail 0
# cancelled 0
# skipped 0
# todo 0
# duration_ms 295.020175
[node-tests] ok: tests/inference/rope-frequency-cache-contract.test.js
TAP version 13
# Warning: maxDynamicUniformBuffersPerPipelineLayout artificially reduced from 500000 to 16 to fit dynamic offset allocation limit.
# Warning: maxDynamicStorageBuffersPerPipelineLayout artificially reduced from 500000 to 16 to fit dynamic offset allocation limit.
# [GPU] amd rdna-3, f16/subgroups, 4.0GB, submit probe: 0.5ms
# rope-source-frequencies-gpu.test: ok (generated, source-preserved and legacy signed shader frequencies)
# Subtest: test module initialization completed
ok 1 - test module initialization completed
  ---
  duration_ms: 1.186265
  type: 'test'
  ...
1..1
# tests 1
# suites 0
# pass 1
# fail 0
# cancelled 0
# skipped 0
# todo 0
# duration_ms 281.368841
[node-tests] ok: tests/inference/rope-source-frequencies-gpu.test.js
TAP version 13
# [295.2ms][Pipeline] KV cache kvDtype mismatch: requested=f16, actual=f32 (rule-based resolution may have changed the dtype due to GPU capabilities or softcap policy)
# [295.9ms][Pipeline] KV cache kvDtype mismatch: requested=f16, actual=f32 (rule-based resolution may have changed the dtype due to GPU capabilities or softcap policy)
# [295.8ms][Pipeline] KV cache allocated: kvDtype=f32, maxSeqLen=8192, layout=paged, modelMaxSeqLen=8192, requestedKvDtype=f16, requestedMaxSeqLen=8192
# [296.0ms][Pipeline] KV cache allocated: kvDtype=f32, maxSeqLen=8192, layout=contiguous, modelMaxSeqLen=8192, requestedKvDtype=f16, requestedMaxSeqLen=8192
# runtime-contract-regressions.test: ok
# Subtest: test module initialization completed
ok 1 - test module initialization completed
  ---
  duration_ms: 1.022637
  type: 'test'
  ...
1..1
# tests 1
# suites 0
# pass 1
# fail 0
# cancelled 0
# skipped 0
# todo 0
# duration_ms 338.514795
[node-tests] ok: tests/inference/runtime-contract-regressions.test.js
TAP version 13
# sampling-config.test: ok
# Subtest: test module initialization completed
ok 1 - test module initialization completed
  ---
  duration_ms: 0.862205
  type: 'test'
  ...
1..1
# tests 1
# suites 0
# pass 1
# fail 0
# cancelled 0
# skipped 0
# todo 0
# duration_ms 97.586078
[node-tests] ok: tests/inference/sampling-config.test.js
TAP version 13
# sampling-nan-guard.test: ok
# Subtest: test module initialization completed
ok 1 - test module initialization completed
  ---
  duration_ms: 0.949769
  type: 'test'
  ...
1..1
# tests 1
# suites 0
# pass 1
# fail 0
# cancelled 0
# skipped 0
# todo 0
# duration_ms 107.45255
[node-tests] ok: tests/inference/sampling-nan-guard.test.js
TAP version 13
# sampling-topk-fast-path.test: ok
# Subtest: test module initialization completed
ok 1 - test module initialization completed
  ---
  duration_ms: 0.993492
  type: 'test'
  ...
1..1
# tests 1
# suites 0
# pass 1
# fail 0
# cancelled 0
# skipped 0
# todo 0
# duration_ms 100.552447
[node-tests] ok: tests/inference/sampling-topk-fast-path.test.js
TAP version 13
# Subtest: SD3 transformer plan is immutable and derives geometry without GPU state
ok 1 - SD3 transformer plan is immutable and derives geometry without GPU state
  ---
  duration_ms: 1.684425
  type: 'test'
  ...
# Subtest: SD3 position and modulation plans remain JSON-safe
ok 2 - SD3 position and modulation plans remain JSON-safe
  ---
  duration_ms: 0.589922
  type: 'test'
  ...
# Subtest: test module initialization completed
ok 3 - test module initialization completed
  ---
  duration_ms: 0.065483
  type: 'test'
  ...
1..3
# tests 3
# suites 0
# pass 3
# fail 0
# cancelled 0
# skipped 0
# todo 0
# duration_ms 138.458176
[node-tests] ok: tests/inference/sd3-transformer-plan.test.js
TAP version 13
# selected-logits-diagnostics.test: ok (synthetic execution; no physical inference claim)
# Subtest: test module initialization completed
ok 1 - test module initialization completed
  ---
  duration_ms: 1.25247
  type: 'test'
  ...
1..1
# tests 1
# suites 0
# pass 1
# fail 0
# cancelled 0
# skipped 0
# todo 0
# duration_ms 290.930448
[node-tests] ok: tests/inference/selected-logits-diagnostics.test.js
TAP version 13
# sequence-encoding-contract.test: ok
# Subtest: test module initialization completed
ok 1 - test module initialization completed
  ---
  duration_ms: 1.096015
  type: 'test'
  ...
1..1
# tests 1
# suites 0
# pass 1
# fail 0
# cancelled 0
# skipped 0
# todo 0
# duration_ms 291.065564
[node-tests] ok: tests/inference/sequence-encoding-contract.test.js
TAP version 13
# Subtest: test module initialization completed
ok 1 - test module initialization completed
  ---
  duration_ms: 0.92888
  type: 'test'
  ...
1..1
# tests 1
# suites 0
# pass 1
# fail 0
# cancelled 0
# skipped 0
# todo 0
# duration_ms 93.518012
[node-tests] ok: tests/inference/sequence-state.test.js
TAP version 13
# soft-embedding-split-contract.test: ok
# Subtest: test module initialization completed
ok 1 - test module initialization completed
  ---
  duration_ms: 1.090986
  type: 'test'
  ...
1..1
# tests 1
# suites 0
# pass 1
# fail 0
# cancelled 0
# skipped 0
# todo 0
# duration_ms 203.440617
[node-tests] ok: tests/inference/soft-embedding-split-contract.test.js
TAP version 13
# speculative-decoding.test: ok
# Subtest: test module initialization completed
ok 1 - test module initialization completed
  ---
  duration_ms: 0.925674
  type: 'test'
  ...
1..1
# tests 1
# suites 0
# pass 1
# fail 0
# cancelled 0
# skipped 0
# todo 0
# duration_ms 102.06094
[node-tests] ok: tests/inference/speculative-decoding.test.js
TAP version 13
# Subtest: test module initialization completed
ok 1 - test module initialization completed
  ---
  duration_ms: 0.91796
  type: 'test'
  ...
1..1
# tests 1
# suites 0
# pass 1
# fail 0
# cancelled 0
# skipped 0
# todo 0
# duration_ms 93.842063
[node-tests] ok: tests/inference/stopping.test.js
TAP version 13
# test-harness-storage-context.test: ok
# Subtest: test module initialization completed
ok 1 - test module initialization completed
  ---
  duration_ms: 1.072621
  type: 'test'
  ...
1..1
# tests 1
# suites 0
# pass 1
# fail 0
# cancelled 0
# skipped 0
# todo 0
# duration_ms 307.925925
[node-tests] ok: tests/inference/test-harness-storage-context.test.js
TAP version 13
# [198.8ms][TurboQuant] Computed rotation matrix: d=64, seed=1414616389
# [380.2ms][TurboQuant] Computed codebook: d=64, b=4, centroids=16
# [381.0ms][TurboQuant] Computed QJL matrix: d=64, seed=1363823696
# tiered-turboquant-clone.test: ok
# Subtest: test module initialization completed
ok 1 - test module initialization completed
  ---
  duration_ms: 1.105163
  type: 'test'
  ...
1..1
# tests 1
# suites 0
# pass 1
# fail 0
# cancelled 0
# skipped 0
# todo 0
# duration_ms 422.495276
[node-tests] ok: tests/inference/tiered-turboquant-clone.test.js
TAP version 13
# token-sampling-contract: canonical validation, penalty window and filter order passed
# Subtest: test module initialization completed
ok 1 - test module initialization completed
  ---
  duration_ms: 0.857947
  type: 'test'
  ...
1..1
# tests 1
# suites 0
# pass 1
# fail 0
# cancelled 0
# skipped 0
# todo 0
# duration_ms 93.868142
[node-tests] ok: tests/inference/token-sampling-contract.test.js
TAP version 13
# token-selection-lifecycle: passed
# Subtest: test module initialization completed
ok 1 - test module initialization completed
  ---
  duration_ms: 0.731178
  type: 'test'
  ...
1..1
# tests 1
# suites 0
# pass 1
# fail 0
# cancelled 0
# skipped 0
# todo 0
# duration_ms 89.308961
[node-tests] ok: tests/inference/token-selection-lifecycle.test.js
TAP version 13
# [80.6ms][Tokenizer] Loaded 13 tokens (bpe)
# [82.1ms][Tokenizer] HuggingFace model.type="BPE", using type="bpe"
# [82.2ms][Tokenizer] Loaded HuggingFace 13 tokens (bpe), 3 special patterns, 0 merges
# tokenizer-bundled-added-tokens.test: ok
# Subtest: test module initialization completed
ok 1 - test module initialization completed
  ---
  duration_ms: 0.970298
  type: 'test'
  ...
1..1
# tests 1
# suites 0
# pass 1
# fail 0
# cancelled 0
# skipped 0
# todo 0
# duration_ms 117.195249
[node-tests] ok: tests/inference/tokenizer-bundled-added-tokens.test.js
TAP version 13
# [77.6ms][Tokenizer] Loaded 3 tokens (bpe)
# [79.0ms][Tokenizer] HuggingFace model.type="BPE", using type="bpe"
# [79.1ms][Tokenizer] Loaded HuggingFace 3 tokens (bpe), 0 special patterns, 0 merges
# [79.2ms][Tokenizer] HuggingFace model.type="BPE", using type="bpe"
# [79.3ms][Tokenizer] Loaded HuggingFace 4 tokens (bpe), 3 special patterns, 0 merges
# [79.4ms][Tokenizer] HuggingFace model.type="BPE", using type="bpe"
# [79.5ms][Tokenizer] Loaded HuggingFace 200002 tokens (bpe), 3 special patterns, 0 merges
# tokenizer-bundled-flags.test: ok
# Subtest: test module initialization completed
ok 1 - test module initialization completed
  ---
  duration_ms: 0.95506
  type: 'test'
  ...
1..1
# tests 1
# suites 0
# pass 1
# fail 0
# cancelled 0
# skipped 0
# todo 0
# duration_ms 110.811199
[node-tests] ok: tests/inference/tokenizer-bundled-flags.test.js
TAP version 13
# [77.4ms][Tokenizer] HuggingFace model.type="BPE", using type="bpe"
# [78.2ms][Tokenizer] Loaded HuggingFace 7413 tokens (bpe), 0 special patterns, 0 merges
# tokenizer-bundled-hot-token-ranking.test: ok
# Subtest: test module initialization completed
ok 1 - test module initialization completed
  ---
  duration_ms: 0.984786
  type: 'test'
  ...
1..1
# tests 1
# suites 0
# pass 1
# fail 0
# cancelled 0
# skipped 0
# todo 0
# duration_ms 111.345245
[node-tests] ok: tests/inference/tokenizer-bundled-hot-token-ranking.test.js
TAP version 13
# [76.9ms][Tokenizer] HuggingFace model.type="BPE", using type="bpe"
# [78.2ms][Tokenizer] Loaded HuggingFace 94 tokens (bpe), 4 special patterns, 6 merges
# tokenizer-bundled-split-pretokenizer.test: ok
# Subtest: test module initialization completed
ok 1 - test module initialization completed
  ---
  duration_ms: 1.034149
  type: 'test'
  ...
1..1
# tests 1
# suites 0
# pass 1
# fail 0
# cancelled 0
# skipped 0
# todo 0
# duration_ms 119.09559
[node-tests] ok: tests/inference/tokenizer-bundled-split-pretokenizer.test.js
TAP version 13
# [76.8ms][Tokenizer] HuggingFace model.type="BPE", using type="bpe"
# [77.6ms][Tokenizer] Loaded HuggingFace 6 tokens (bpe), 0 special patterns, 0 merges
# [78.1ms][Tokenizer] Loaded 3 tokens (bpe)
# tokenizer-bundled-unicode-decode.test: ok
# Subtest: test module initialization completed
ok 1 - test module initialization completed
  ---
  duration_ms: 1.082791
  type: 'test'
  ...
1..1
# tests 1
# suites 0
# pass 1
# fail 0
# cancelled 0
# skipped 0
# todo 0
# duration_ms 120.283057
[node-tests] ok: tests/inference/tokenizer-bundled-unicode-decode.test.js
TAP version 13
# [77.7ms][Tokenizer] HuggingFace model.type="WordPiece", using type="wordpiece"
# [78.6ms][Tokenizer] Loaded HuggingFace 8 tokens (wordpiece), 5 special patterns, 0 merges
# [79.9ms][Tokenizer] HuggingFace model.type="WordPiece", using type="wordpiece"
# [80.1ms][Tokenizer] Loaded HuggingFace 5 tokens (wordpiece), 2 special patterns, 0 merges
# [81.3ms][Tokenizer] HuggingFace model.type="BPE", using type="bpe"
# [81.4ms][Tokenizer] Loaded HuggingFace 6 tokens (bpe), 4 special patterns, 0 merges
# [81.7ms][Tokenizer] HuggingFace model.type="BPE", using type="bpe"
# [81.7ms][Tokenizer] Loaded HuggingFace 9 tokens (bpe), 4 special patterns, 0 merges
# tokenizer-bundled-wordpiece.test: ok
# Subtest: test module initialization completed
ok 1 - test module initialization completed
  ---
  duration_ms: 1.08751
  type: 'test'
  ...
1..1
# tests 1
# suites 0
# pass 1
# fail 0
# cancelled 0
# skipped 0
# todo 0
# duration_ms 116.556044
[node-tests] ok: tests/inference/tokenizer-bundled-wordpiece.test.js
TAP version 13
# [81.0ms][Tokenizer] HuggingFace model.type="BPE", using type="bpe"
# [82.2ms][Tokenizer] Loaded HuggingFace 261 tokens (bpe), 1 special patterns, 0 merges
# [147.3ms][Tokenizer] HuggingFace model.type="BPE", using type="bpe"
# [147.5ms][Tokenizer] Loaded HuggingFace 261 tokens (bpe), 1 special patterns, 0 merges
# [208.5ms][Tokenizer] HuggingFace model.type="WordPiece", using type="wordpiece"
# [208.7ms][Tokenizer] Loaded HuggingFace 261 tokens (wordpiece), 1 special patterns, 0 merges
# tokenizer-incremental-decode.test: ok
# Subtest: test module initialization completed
ok 1 - test module initialization completed
  ---
  duration_ms: 1.237642
  type: 'test'
  ...
1..1
# tests 1
# suites 0
# pass 1
# fail 0
# cancelled 0
# skipped 0
# todo 0
# duration_ms 247.189255
[node-tests] ok: tests/inference/tokenizer-incremental-decode.test.js
TAP version 13
# [107.3ms][Tokenizer] Loading bundled tokenizer from tokenizer.json
# [108.4ms][Tokenizer] Loaded 3 tokens (bpe)
# [109.5ms][Tokenizer] Loading bundled tokenizer from tokenizer.json
# [109.5ms][Tokenizer] Bundled tokenizer cache hit: tokenizer.json
# tokenizer-load-timing.test: ok
# Subtest: test module initialization completed
ok 1 - test module initialization completed
  ---
  duration_ms: 1.056311
  type: 'test'
  ...
1..1
# tests 1
# suites 0
# pass 1
# fail 0
# cancelled 0
# skipped 0
# todo 0
# duration_ms 147.35975
[node-tests] ok: tests/inference/tokenizer-load-timing.test.js
TAP version 13
# [100.1ms][Tokenizer] Loaded 3 tokens (bpe)
# [100.6ms][Tokenizer] Loaded 3 tokens (bpe)
# [101.0ms][Tokenizer] Failed to parse model, using byte fallback: Unexpected end of buffer
# [101.9ms][Tokenizer] Loaded 16 pieces (bpe)
# tokenizer-reload-cleanup.test: ok
# Subtest: test module initialization completed
ok 1 - test module initialization completed
  ---
  duration_ms: 1.099021
  type: 'test'
  ...
1..1
# tests 1
# suites 0
# pass 1
# fail 0
# cancelled 0
# skipped 0
# todo 0
# duration_ms 142.787424
[node-tests] ok: tests/inference/tokenizer-reload-cleanup.test.js
TAP version 13
# tokenizer.test: ok
# Subtest: test module initialization completed
ok 1 - test module initialization completed
  ---
  duration_ms: 1.020553
  type: 'test'
  ...
1..1
# tests 1
# suites 0
# pass 1
# fail 0
# cancelled 0
# skipped 0
# todo 0
# duration_ms 115.003068
[node-tests] ok: tests/inference/tokenizer.test.js
TAP version 13
# tsir-fixture-writer.test: ok
# Subtest: test module initialization completed
ok 1 - test module initialization completed
  ---
  duration_ms: 1.930808
  type: 'test'
  ...
1..1
# tests 1
# suites 0
# pass 1
# fail 0
# cancelled 0
# skipped 0
# todo 0
# duration_ms 140.79486
[node-tests] ok: tests/inference/tsir-fixture-writer.test.js
TAP version 13
# Subtest: createTsvGrammarMask
    # Subtest: blocks newline before any tabs are emitted (line cannot end without fields)
    ok 1 - blocks newline before any tabs are emitted (line cannot end without fields)
      ---
      duration_ms: 1.086247
      type: 'test'
      ...
    # Subtest: blocks newline mid-line (after some but not all field separators)
    ok 2 - blocks newline mid-line (after some but not all field separators)
      ---
      duration_ms: 0.143571
      type: 'test'
      ...
    # Subtest: allows newline once all 3 tabs are emitted
    ok 3 - allows newline once all 3 tabs are emitted
      ---
      duration_ms: 0.144292
      type: 'test'
      ...
    # Subtest: blocks a 4th tab on the same line (would push past the schema)
    ok 4 - blocks a 4th tab on the same line (would push past the schema)
      ---
      duration_ms: 0.124114
      type: 'test'
      ...
    # Subtest: resets per-line tab counter on newline
    ok 5 - resets per-line tab counter on newline
      ---
      duration_ms: 0.078228
      type: 'test'
      ...
    # Subtest: does NOT enforce category content (any string token allowed at line start)
    ok 6 - does NOT enforce category content (any string token allowed at line start)
      ---
      duration_ms: 0.063109
      type: 'test'
      ...
    # Subtest: handles a multi-character token piece containing tab + newline together
    ok 7 - handles a multi-character token piece containing tab + newline together
      ---
      duration_ms: 0.098195
      type: 'test'
      ...
    # Subtest: blocks a multi-character piece that would over-fill the tab budget
    ok 8 - blocks a multi-character piece that would over-fill the tab budget
      ---
      duration_ms: 0.138752
      type: 'test'
      ...
    # Subtest: returns a no-op when no tokenizer is provided
    ok 9 - returns a no-op when no tokenizer is provided
      ---
      duration_ms: 0.163398
      type: 'test'
      ...
    1..9
ok 1 - createTsvGrammarMask
  ---
  duration_ms: 3.01436
  type: 'suite'
  ...
# Subtest: test module initialization completed
ok 2 - test module initialization completed
  ---
  duration_ms: 0.126539
  type: 'test'
  ...
1..2
# tests 10
# suites 1
# pass 10
# fail 0
# cancelled 0
# skipped 0
# todo 0
# duration_ms 104.46972
[node-tests] ok: tests/inference/tsv-grammar-mask.test.js
TAP version 13
# turboquant-config-merge: merge tests passed
# [245.6ms][TurboQuant] Computed rotation matrix: d=8, seed=1414616389
# [438.6ms][TurboQuant] Computed codebook: d=8, b=4, centroids=16
# [439.0ms][Pipeline] KV cache allocated: kvDtype=f16, maxSeqLen=1024, layout=contiguous_quantized, modelMaxSeqLen=1024, requestedKvDtype=f16, requestedMaxSeqLen=1024
# [439.4ms][Pipeline] KV cache allocated: kvDtype=f16, maxSeqLen=1024, layout=contiguous_quantized, modelMaxSeqLen=1024, requestedKvDtype=f16, requestedMaxSeqLen=1024
# [439.5ms][Pipeline] KV cache allocated: kvDtype=f16, maxSeqLen=1024, layout=contiguous_quantized, modelMaxSeqLen=1024, requestedKvDtype=f16, requestedMaxSeqLen=1024
# [439.7ms][Pipeline] KV cache allocated: kvDtype=f16, maxSeqLen=1024, layout=contiguous_quantized, modelMaxSeqLen=1024, requestedKvDtype=f16, requestedMaxSeqLen=1024
# [439.8ms][Pipeline] KV cache allocated: kvDtype=f16, maxSeqLen=1024, layout=contiguous_quantized, modelMaxSeqLen=1024, requestedKvDtype=f16, requestedMaxSeqLen=1024
# [440.0ms][TurboQuant] Computed QJL matrix: d=8, seed=1363823696
# [440.2ms][Pipeline] KV cache allocated: kvDtype=f16, maxSeqLen=1024, layout=contiguous_quantized, modelMaxSeqLen=1024, requestedKvDtype=f16, requestedMaxSeqLen=1024
# [440.4ms][Pipeline] KV cache allocated: kvDtype=f16, maxSeqLen=1024, layout=contiguous_quantized, modelMaxSeqLen=1024, requestedKvDtype=f16, requestedMaxSeqLen=1024
# [440.4ms][Pipeline] KV cache allocated: kvDtype=f16, maxSeqLen=1024, layout=contiguous_quantized, modelMaxSeqLen=1024, requestedKvDtype=f16, requestedMaxSeqLen=1024
# [440.7ms][Pipeline] KV cache kvDtype mismatch: requested=f16, actual=f32 (rule-based resolution may have changed the dtype due to GPU capabilities or softcap policy)
# [440.8ms][Pipeline] KV cache allocated: kvDtype=f32, maxSeqLen=1024, layout=contiguous, modelMaxSeqLen=1024, requestedKvDtype=f16, requestedMaxSeqLen=1024
# [441.1ms][Pipeline] KV cache allocated: kvDtype=f16, maxSeqLen=1024, layout=contiguous_quantized, modelMaxSeqLen=1024, requestedKvDtype=f16, requestedMaxSeqLen=1024
# [441.2ms][Pipeline] KV cache kvDtype mismatch: requested=f16, actual=f32 (rule-based resolution may have changed the dtype due to GPU capabilities or softcap policy)
# [441.3ms][Pipeline] KV cache allocated: kvDtype=f32, maxSeqLen=512, layout=contiguous, modelMaxSeqLen=1024, requestedKvDtype=f16, requestedMaxSeqLen=1024
# turboquant-config-merge: layout resolution tests passed
# turboquant-config-merge.test: ok
# Subtest: test module initialization completed
ok 1 - test module initialization completed
  ---
  duration_ms: 1.198027
  type: 'test'
  ...
1..1
# tests 1
# suites 0
# pass 1
# fail 0
# cancelled 0
# skipped 0
# todo 0
# duration_ms 483.795179
[node-tests] ok: tests/inference/turboquant-config-merge.test.js
TAP version 13
# vision-pipeline-capability.test: ok
# Subtest: test module initialization completed
ok 1 - test module initialization completed
  ---
  duration_ms: 1.242361
  type: 'test'
  ...
1..1
# tests 1
# suites 0
# pass 1
# fail 0
# cancelled 0
# skipped 0
# todo 0
# duration_ms 327.484171
[node-tests] ok: tests/inference/vision-pipeline-capability.test.js
TAP version 13
# weight-buffer-runtime-dtype.test: ok
# Subtest: test module initialization completed
ok 1 - test module initialization completed
  ---
  duration_ms: 1.333162
  type: 'test'
  ...
1..1
# tests 1
# suites 0
# pass 1
# fail 0
# cancelled 0
# skipped 0
# todo 0
# duration_ms 272.688786
[node-tests] ok: tests/inference/weight-buffer-runtime-dtype.test.js
TAP version 13
# adapter artifact contract tests passed
# Subtest: test module initialization completed
ok 1 - test module initialization completed
  ---
  duration_ms: 0.956813
  type: 'test'
  ...
1..1
# tests 1
# suites 0
# pass 1
# fail 0
# cancelled 0
# skipped 0
# todo 0
# duration_ms 93.225181
[node-tests] ok: tests/integration/adapter-artifact-contract.test.js
TAP version 13
# adapter-evaluation-fixture: ok
# Subtest: test module initialization completed
ok 1 - test module initialization completed
  ---
  duration_ms: 1.028909
  type: 'test'
  ...
1..1
# tests 1
# suites 0
# pass 1
# fail 0
# cancelled 0
# skipped 0
# todo 0
# duration_ms 153.261622
[node-tests] ok: tests/integration/adapter-evaluation-fixture.test.js
TAP version 13
# adapter-registry-browser-contract.test: ok
# Subtest: test module initialization completed
ok 1 - test module initialization completed
  ---
  duration_ms: 1.035361
  type: 'test'
  ...
1..1
# tests 1
# suites 0
# pass 1
# fail 0
# cancelled 0
# skipped 0
# todo 0
# duration_ms 108.042112
[node-tests] ok: tests/integration/adapter-registry-browser-contract.test.js
TAP version 13
# [81.9ms][ExtensionBridge] Disconnected: unknown
# bridge-extension-client-contract.test: ok
# Subtest: test module initialization completed
ok 1 - test module initialization completed
  ---
  duration_ms: 1.097307
  type: 'test'
  ...
1..1
# tests 1
# suites 0
# pass 1
# fail 0
# cancelled 0
# skipped 0
# todo 0
# duration_ms 117.032433
[node-tests] ok: tests/integration/bridge-extension-client-contract.test.js
TAP version 13
# [373.3ms][DopplerProvider] Bridge source runtime ready: bridge-source-test (safetensors, 2 tensors)
# [377.0ms][DopplerProvider] Bridge source runtime ready: bridge-source-tflite (tflite, 2 tensors)
# [382.9ms][DopplerProvider] Mixed litert-task tensor dtypes detected (F16, F32). Using F32 source quantization for direct-source parity.
# [1682.9ms][DopplerProvider] Bridge source runtime ready: bridge-source-litert-task (litert-task, 12 tensors)
# [1688.0ms][DopplerProvider] Mixed litertlm tensor dtypes detected (F16, F32). Using F32 source quantization for direct-source parity.
# [2991.4ms][DopplerProvider] Bridge source runtime ready: bridge-source-litertlm (litertlm, 12 tensors)
# bridge-source-runtime.test: ok
# Subtest: test module initialization completed
ok 1 - test module initialization completed
  ---
  duration_ms: 1.567644
  type: 'test'
  ...
1..1
# tests 1
# suites 0
# pass 1
# fail 0
# cancelled 0
# skipped 0
# todo 0
# duration_ms 3069.853316
[node-tests] ok: tests/integration/bridge-source-runtime.test.js
TAP version 13
# browser-convert-command-surface.test: ok
# Subtest: test module initialization completed
ok 1 - test module initialization completed
  ---
  duration_ms: 1.102057
  type: 'test'
  ...
1..1
# tests 1
# suites 0
# pass 1
# fail 0
# cancelled 0
# skipped 0
# todo 0
# duration_ms 321.594254
[node-tests] ok: tests/integration/browser-convert-command-surface.test.js
TAP version 13
# browser-converter-file-picker-contract.test: ok
# Subtest: test module initialization completed
ok 1 - test module initialization completed
  ---
  duration_ms: 1.080927
  type: 'test'
  ...
1..1
# tests 1
# suites 0
# pass 1
# fail 0
# cancelled 0
# skipped 0
# todo 0
# duration_ms 189.567666
[node-tests] ok: tests/integration/browser-converter-file-picker-contract.test.js
TAP version 13
# browser-file-picker-contract.test: ok
# Subtest: test module initialization completed
ok 1 - test module initialization completed
  ---
  duration_ms: 1.362548
  type: 'test'
  ...
1..1
# tests 1
# suites 0
# pass 1
# fail 0
# cancelled 0
# skipped 0
# todo 0
# duration_ms 118.798431
[node-tests] ok: tests/integration/browser-file-picker-contract.test.js
TAP version 13
# browser-harness-batching-metrics.test: ok
# Subtest: test module initialization completed
ok 1 - test module initialization completed
  ---
  duration_ms: 1.055408
  type: 'test'
  ...
1..1
# tests 1
# suites 0
# pass 1
# fail 0
# cancelled 0
# skipped 0
# todo 0
# duration_ms 363.879145
[node-tests] ok: tests/integration/browser-harness-batching-metrics.test.js
TAP version 13
# [302.2ms][HarnessOverride] DEBUG_SNAPSHOT_MARKER:first
# [308.9ms][HarnessOverride] DEBUG_SNAPSHOT_MARKER:second
# browser-harness-debug-snapshot.test: ok
# Subtest: test module initialization completed
ok 1 - test module initialization completed
  ---
  duration_ms: 1.156569
  type: 'test'
  ...
1..1
# tests 1
# suites 0
# pass 1
# fail 0
# cancelled 0
# skipped 0
# todo 0
# duration_ms 352.043853
[node-tests] ok: tests/integration/browser-harness-debug-snapshot.test.js
TAP version 13
# browser-harness-dispatch-map.test: ok
# Subtest: test module initialization completed
ok 1 - test module initialization completed
  ---
  duration_ms: 1.021675
  type: 'test'
  ...
1..1
# tests 1
# suites 0
# pass 1
# fail 0
# cancelled 0
# skipped 0
# todo 0
# duration_ms 323.26341
[node-tests] ok: tests/integration/browser-harness-dispatch-map.test.js
TAP version 13
# browser-harness-generation-diagnostics.test: ok
# Subtest: test module initialization completed
ok 1 - test module initialization completed
  ---
  duration_ms: 1.030662
  type: 'test'
  ...
1..1
# tests 1
# suites 0
# pass 1
# fail 0
# cancelled 0
# skipped 0
# todo 0
# duration_ms 369.843644
[node-tests] ok: tests/integration/browser-harness-generation-diagnostics.test.js
TAP version 13
# browser-harness-image-transcription.test: ok
# Subtest: test module initialization completed
ok 1 - test module initialization completed
  ---
  duration_ms: 1.084083
  type: 'test'
  ...
1..1
# tests 1
# suites 0
# pass 1
# fail 0
# cancelled 0
# skipped 0
# todo 0
# duration_ms 345.788355
[node-tests] ok: tests/integration/browser-harness-image-transcription.test.js
TAP version 13
# browser-harness-local-source-model-url.test: ok
# Subtest: test module initialization completed
ok 1 - test module initialization completed
  ---
  duration_ms: 1.078653
  type: 'test'
  ...
1..1
# tests 1
# suites 0
# pass 1
# fail 0
# cancelled 0
# skipped 0
# todo 0
# duration_ms 329.296999
[node-tests] ok: tests/integration/browser-harness-local-source-model-url.test.js
TAP version 13
# browser-harness-reference-transcript.test: ok
# Subtest: test module initialization completed
ok 1 - test module initialization completed
  ---
  duration_ms: 1.109932
  type: 'test'
  ...
1..1
# tests 1
# suites 0
# pass 1
# fail 0
# cancelled 0
# skipped 0
# todo 0
# duration_ms 277.587098
[node-tests] ok: tests/integration/browser-harness-reference-transcript.test.js
TAP version 13
# browser-harness-runtime-input-composition.test: ok
# Subtest: test module initialization completed
ok 1 - test module initialization completed
  ---
  duration_ms: 1.097298
  type: 'test'
  ...
1..1
# tests 1
# suites 0
# pass 1
# fail 0
# cancelled 0
# skipped 0
# todo 0
# duration_ms 346.515135
[node-tests] ok: tests/integration/browser-harness-runtime-input-composition.test.js
TAP version 13
# browser-harness-suite-routing.test: ok
# Subtest: test module initialization completed
ok 1 - test module initialization completed
  ---
  duration_ms: 1.182468
  type: 'test'
  ...
1..1
# tests 1
# suites 0
# pass 1
# fail 0
# cancelled 0
# skipped 0
# todo 0
# duration_ms 369.975965
[node-tests] ok: tests/integration/browser-harness-suite-routing.test.js
TAP version 13
# browser-remote-tensor-source-contract.test: ok
# Subtest: test module initialization completed
ok 1 - test module initialization completed
  ---
  duration_ms: 1.127284
  type: 'test'
  ...
1..1
# tests 1
# suites 0
# pass 1
# fail 0
# cancelled 0
# skipped 0
# todo 0
# duration_ms 136.917344
[node-tests] ok: tests/integration/browser-remote-tensor-source-contract.test.js
TAP version 13
# browser-shard-io-contract.test: ok
# Subtest: test module initialization completed
ok 1 - test module initialization completed
  ---
  duration_ms: 1.082409
  type: 'test'
  ...
1..1
# tests 1
# suites 0
# pass 1
# fail 0
# cancelled 0
# skipped 0
# todo 0
# duration_ms 183.07385
[node-tests] ok: tests/integration/browser-shard-io-contract.test.js
TAP version 13
# capsule-serve.test: ok
# Subtest: test module initialization completed
ok 1 - test module initialization completed
  ---
  duration_ms: 0.796301
  type: 'test'
  ...
1..1
# tests 1
# suites 0
# pass 1
# fail 0
# cancelled 0
# skipped 0
# todo 0
# duration_ms 474.282798
[node-tests] ok: tests/integration/capsule-serve.test.js
TAP version 13
# Subtest: test module initialization completed
ok 1 - test module initialization completed
  ---
  duration_ms: 1.109661
  type: 'test'
  ...
1..1
# tests 1
# suites 0
# pass 1
# fail 0
# cancelled 0
# skipped 0
# todo 0
# duration_ms 970.632469
[node-tests] ok: tests/integration/cli-runtime-profiles.test.js
TAP version 13
# cli-surface-contract.test: ok
# Subtest: test module initialization completed
ok 1 - test module initialization completed
  ---
  duration_ms: 0.978104
  type: 'test'
  ...
1..1
# tests 1
# suites 0
# pass 1
# fail 0
# cancelled 0
# skipped 0
# todo 0
# duration_ms 10361.733332
[node-tests] ok: tests/integration/cli-surface-contract.test.js
TAP version 13
# command-api.test: ok
# Subtest: test module initialization completed
ok 1 - test module initialization completed
  ---
  duration_ms: 0.893193
  type: 'test'
  ...
1..1
# tests 1
# suites 0
# pass 1
# fail 0
# cancelled 0
# skipped 0
# todo 0
# duration_ms 134.822378
[node-tests] ok: tests/integration/command-api.test.js
TAP version 13
# command-envelope.test: ok
# Subtest: test module initialization completed
ok 1 - test module initialization completed
  ---
  duration_ms: 0.851995
  type: 'test'
  ...
1..1
# tests 1
# suites 0
# pass 1
# fail 0
# cancelled 0
# skipped 0
# todo 0
# duration_ms 99.170405
[node-tests] ok: tests/integration/command-envelope.test.js
TAP version 13
# command-runner-shared.test: ok
# Subtest: test module initialization completed
ok 1 - test module initialization completed
  ---
  duration_ms: 0.835294
  type: 'test'
  ...
1..1
# tests 1
# suites 0
# pass 1
# fail 0
# cancelled 0
# skipped 0
# todo 0
# duration_ms 107.283935
[node-tests] ok: tests/integration/command-runner-shared.test.js
TAP version 13
# [Doppler] Log level set to: WARN
# [Doppler] Trace categories: perf,kv
# [Doppler] Trace disabled
# [Doppler] Silent mode enabled - logging silenced
# [Doppler] Silent mode disabled - logging restored
# debug-config-contract.test: ok
# Subtest: test module initialization completed
ok 1 - test module initialization completed
  ---
  duration_ms: 0.866383
  type: 'test'
  ...
1..1
# tests 1
# suites 0
# pass 1
# fail 0
# cancelled 0
# skipped 0
# todo 0
# duration_ms 92.931048
[node-tests] ok: tests/integration/debug-config-contract.test.js
TAP version 13
# debug-signals-contract.test: ok
# Subtest: test module initialization completed
ok 1 - test module initialization completed
  ---
  duration_ms: 0.91801
  type: 'test'
  ...
1..1
# tests 1
# suites 0
# pass 1
# fail 0
# cancelled 0
# skipped 0
# todo 0
# duration_ms 87.149373
[node-tests] ok: tests/integration/debug-signals-contract.test.js
TAP version 13
# debug-tensor-contract.test: ok
# Subtest: test module initialization completed
ok 1 - test module initialization completed
  ---
  duration_ms: 0.87045
  type: 'test'
  ...
1..1
# tests 1
# suites 0
# pass 1
# fail 0
# cancelled 0
# skipped 0
# todo 0
# duration_ms 90.1139
[node-tests] ok: tests/integration/debug-tensor-contract.test.js
TAP version 13
# demo-surface-contract.test: ok
# Subtest: test module initialization completed
ok 1 - test module initialization completed
  ---
  duration_ms: 0.881371
  type: 'test'
  ...
1..1
# tests 1
# suites 0
# pass 1
# fail 0
# cancelled 0
# skipped 0
# todo 0
# duration_ms 97.710003
[node-tests] ok: tests/integration/demo-surface-contract.test.js
TAP version 13
# descriptor-transport-contract.test: ok
# Subtest: test module initialization completed
ok 1 - test module initialization completed
  ---
  duration_ms: 0.973855
  type: 'test'
  ...
1..1
# tests 1
# suites 0
# pass 1
# fail 0
# cancelled 0
# skipped 0
# todo 0
# duration_ms 105.871552
[node-tests] ok: tests/integration/descriptor-transport-contract.test.js
TAP version 13
# diagnostics-controller-contract.test: ok
# Subtest: test module initialization completed
ok 1 - test module initialization completed
  ---
  duration_ms: 0.954258
  type: 'test'
  ...
1..1
# tests 1
# suites 0
# pass 1
# fail 0
# cancelled 0
# skipped 0
# todo 0
# duration_ms 123.179558
[node-tests] ok: tests/integration/diagnostics-controller-contract.test.js
TAP version 13
# diffusion-command-smoke.test: ok
# Subtest: test module initialization completed
ok 1 - test module initialization completed
  ---
  duration_ms: 1.13024
  type: 'test'
  ...
1..1
# tests 1
# suites 0
# pass 1
# fail 0
# cancelled 0
# skipped 0
# todo 0
# duration_ms 342.168999
[node-tests] ok: tests/integration/diffusion-command-smoke.test.js
TAP version 13
# diffusion-image-regression.test: ok
# Subtest: test module initialization completed
ok 1 - test module initialization completed
  ---
  duration_ms: 0.920765
  type: 'test'
  ...
1..1
# tests 1
# suites 0
# pass 1
# fail 0
# cancelled 0
# skipped 0
# todo 0
# duration_ms 87.120038
[node-tests] ok: tests/integration/diffusion-image-regression.test.js
TAP version 13
# diffusion-runtime-contract.test: ok
# Subtest: test module initialization completed
ok 1 - test module initialization completed
  ---
  duration_ms: 1.160216
  type: 'test'
  ...
1..1
# tests 1
# suites 0
# pass 1
# fail 0
# cancelled 0
# skipped 0
# todo 0
# duration_ms 226.30675
[node-tests] ok: tests/integration/diffusion-runtime-contract.test.js
TAP version 13
# [168.0ms][Tokenizer] HuggingFace model.type="Unigram", using type="unigram"
# [168.7ms][Tokenizer] Loaded HuggingFace 4 tokens (unigram), 0 special patterns, 0 merges
# diffusion-tokenizer-loader.test: ok
# Subtest: test module initialization completed
ok 1 - test module initialization completed
  ---
  duration_ms: 1.067472
  type: 'test'
  ...
1..1
# tests 1
# suites 0
# pass 1
# fail 0
# cancelled 0
# skipped 0
# todo 0
# duration_ms 210.316367
[node-tests] ok: tests/integration/diffusion-tokenizer-loader.test.js
TAP version 13
# [195.1ms][Downloader] IndexedDB unavailable, download resume will not work
# [196.7ms][Downloader] IndexedDB unavailable, download resume will not work
# [298.5ms][Downloader] IndexedDB unavailable, download resume will not work
# [303.2ms][OPFSCache] Cache hit: "gemma-3-direct-source-opfs-test"
# [304.8ms][OPFSCache] Cache manifest refreshed: "gemma-3-direct-source-opfs-test" (cached bytes verified)
# [305.6ms][OPFSCache] Cache stale: "gemma-3-direct-source-opfs-test" direct-source assets are incomplete (tokenizer.json)
# [305.7ms][OPFSCache] Cache stale: "gemma-3-direct-source-opfs-test" manifest/shards changed; deleting old version and re-importing
# [305.8ms][OPFSCache] Deleted stale OPFS cache for "gemma-3-direct-source-opfs-test"
# [307.0ms][Downloader] IndexedDB unavailable, download resume will not work
# [307.8ms][Downloader] IndexedDB unavailable, download resume will not work
# [408.9ms][Downloader] IndexedDB unavailable, download resume will not work
# [409.0ms][OPFSCache] Import complete: "gemma-3-direct-source-opfs-test"
# direct-source-opfs-cache-contract.test: ok
# Subtest: test module initialization completed
ok 1 - test module initialization completed
  ---
  duration_ms: 1.168512
  type: 'test'
  ...
1..1
# tests 1
# suites 0
# pass 1
# fail 0
# cancelled 0
# skipped 0
# todo 0
# duration_ms 448.702189
[node-tests] ok: tests/integration/direct-source-opfs-cache-contract.test.js
TAP version 13
# distill-command-threading-parity.test: ok
# Subtest: test module initialization completed
ok 1 - test module initialization completed
  ---
  duration_ms: 1.16745
  type: 'test'
  ...
1..1
# tests 1
# suites 0
# pass 1
# fail 0
# cancelled 0
# skipped 0
# todo 0
# duration_ms 328.837577
[node-tests] ok: tests/integration/distill-command-threading-parity.test.js
TAP version 13
# [165.8ms][ShardManager] No persistent storage available (OPFS/IndexedDB); falling back to in-memory storage. Model data will not persist across reloads.
# [167.5ms][Distribution] All shard delivery sources failed for shard 0: Shard 0 HTTP stream read failed on attempt 1/1 received=2 expected=4: socket dropped
# [180.6ms][Distribution] All shard delivery sources failed for shard 16: [DOPPLER_DISTRIBUTION_SHARD_HASH_MISMATCH] Hash mismatch for shard 16: expected 9f64a747e1b97f131fabb6b447296c9b6f0201e79fb3c5356e6c77e89b6a806a, got 1571902abec0a45661de965dbe90cb0177b98c49fc58a5aabfa1edb6c678d972
# [181.1ms][Distribution] All shard delivery sources failed for shard 100: [DOPPLER_DISTRIBUTION_SHARD_SIZE_MISMATCH] Shard 100 content-length mismatch: expected 10, received 4.
# [181.3ms][Distribution] All shard delivery sources failed for shard 101: [DOPPLER_DISTRIBUTION_SHARD_SIZE_MISMATCH] Shard 101 returned HTTP 206 without content-range header.
# [181.6ms][Distribution] All shard delivery sources failed for shard 102: [DOPPLER_DISTRIBUTION_SHARD_SIZE_MISMATCH] Shard 102 content-range total mismatch: expected 4, got 5.
# [189.3ms][Distribution] All shard delivery sources failed for shard 13: [DOPPLER_DISTRIBUTION_SHARD_MANIFEST_VERSION_SET_MISMATCH] Shard 13 source "p2p" manifestVersionSet mismatch: expected manifest:v1:sha256:abc123, got manifest:v0:sha256:deadbeef
# distribution-shard-delivery.test: ok
# Subtest: test module initialization completed
ok 1 - test module initialization completed
  ---
  duration_ms: 1.163041
  type: 'test'
  ...
1..1
# tests 1
# suites 0
# pass 1
# fail 0
# cancelled 0
# skipped 0
# todo 0
# duration_ms 334.369492
[node-tests] ok: tests/integration/distribution-shard-delivery.test.js
TAP version 13
# doppler-browser-api-parity.test: ok
# Subtest: test module initialization completed
ok 1 - test module initialization completed
  ---
  duration_ms: 1.112697
  type: 'test'
  ...
1..1
# tests 1
# suites 0
# pass 1
# fail 0
# cancelled 0
# skipped 0
# todo 0
# duration_ms 334.795024
[node-tests] ok: tests/integration/doppler-browser-api-parity.test.js
TAP version 13
# Warning: maxDynamicUniformBuffersPerPipelineLayout artificially reduced from 500000 to 16 to fit dynamic offset allocation limit.
# Warning: maxDynamicStorageBuffersPerPipelineLayout artificially reduced from 500000 to 16 to fit dynamic offset allocation limit.
# doppler-bundle-capture-precondition.test: ok
# Subtest: test module initialization completed
ok 1 - test module initialization completed
  ---
  duration_ms: 1.096336
  type: 'test'
  ...
1..1
# tests 1
# suites 0
# pass 1
# fail 0
# cancelled 0
# skipped 0
# todo 0
# duration_ms 566.974491
[node-tests] ok: tests/integration/doppler-bundle-capture-precondition.test.js
TAP version 13
# doppler-bundle-cli: ok
# Subtest: test module initialization completed
ok 1 - test module initialization completed
  ---
  duration_ms: 1.540894
  type: 'test'
  ...
1..1
# tests 1
# suites 0
# pass 1
# fail 0
# cancelled 0
# skipped 0
# todo 0
# duration_ms 2171.499623
[node-tests] ok: tests/integration/doppler-bundle-cli.test.js
TAP version 13
# doppler-bundle-parity-emit.test: ok
# Subtest: test module initialization completed
ok 1 - test module initialization completed
  ---
  duration_ms: 1.267618
  type: 'test'
  ...
1..1
# tests 1
# suites 0
# pass 1
# fail 0
# cancelled 0
# skipped 0
# todo 0
# duration_ms 354.039138
[node-tests] ok: tests/integration/doppler-bundle-parity-emit.test.js
TAP version 13
# doppler-cli-external-model-resolution.test: ok
# Subtest: test module initialization completed
ok 1 - test module initialization completed
  ---
  duration_ms: 0.942135
  type: 'test'
  ...
1..1
# tests 1
# suites 0
# pass 1
# fail 0
# cancelled 0
# skipped 0
# todo 0
# duration_ms 103.607878
[node-tests] ok: tests/integration/doppler-cli-external-model-resolution.test.js
TAP version 13
# doppler-generation-evidence.test: ok
# doppler-generation-evidence constraints: ok
# doppler-generation-evidence inspection streaming: ok
# doppler-generation-evidence probability streaming: ok
# Subtest: test module initialization completed
ok 1 - test module initialization completed
  ---
  duration_ms: 0.882924
  type: 'test'
  ...
1..1
# tests 1
# suites 0
# pass 1
# fail 0
# cancelled 0
# skipped 0
# todo 0
# duration_ms 259.237535
[node-tests] ok: tests/integration/doppler-generation-evidence.test.js
TAP version 13
# doppler-model-session-reset.test: ok
# Subtest: test module initialization completed
ok 1 - test module initialization completed
  ---
  duration_ms: 1.134057
  type: 'test'
  ...
1..1
# tests 1
# suites 0
# pass 1
# fail 0
# cancelled 0
# skipped 0
# todo 0
# duration_ms 242.21083
[node-tests] ok: tests/integration/doppler-model-session-reset.test.js
TAP version 13
# doppler-provider-contract.test: ok
# Subtest: test module initialization completed
ok 1 - test module initialization completed
  ---
  duration_ms: 1.051612
  type: 'test'
  ...
1..1
# tests 1
# suites 0
# pass 1
# fail 0
# cancelled 0
# skipped 0
# todo 0
# duration_ms 322.956747
[node-tests] ok: tests/integration/doppler-provider-contract.test.js
TAP version 13
# doppler-generation-contract.test: ok
# Subtest: test module initialization completed
ok 1 - test module initialization completed
  ---
  duration_ms: 1.145188
  type: 'test'
  ...
1..1
# tests 1
# suites 0
# pass 1
# fail 0
# cancelled 0
# skipped 0
# todo 0
# duration_ms 233.846779
[node-tests] ok: tests/integration/doppler-provider-generation-contract.test.js
TAP version 13
# [284.9ms][doppler] Resolving model
# doppler-quickstart-api.test: ok
# Subtest: test module initialization completed
ok 1 - test module initialization completed
  ---
  duration_ms: 1.074856
  type: 'test'
  ...
1..1
# tests 1
# suites 0
# pass 1
# fail 0
# cancelled 0
# skipped 0
# todo 0
# duration_ms 331.180134
[node-tests] ok: tests/integration/doppler-quickstart-api.test.js
TAP version 13
# doppler-quickstart-cli.test: ok
# Subtest: test module initialization completed
ok 1 - test module initialization completed
  ---
  duration_ms: 1.218226
  type: 'test'
  ...
1..1
# tests 1
# suites 0
# pass 1
# fail 0
# cancelled 0
# skipped 0
# todo 0
# duration_ms 884.12549
[node-tests] ok: tests/integration/doppler-quickstart-cli.test.js
TAP version 13
# doppler-rerank-evidence.test: ok
# Subtest: test module initialization completed
ok 1 - test module initialization completed
  ---
  duration_ms: 1.056912
  type: 'test'
  ...
1..1
# tests 1
# suites 0
# pass 1
# fail 0
# cancelled 0
# skipped 0
# todo 0
# duration_ms 239.950862
[node-tests] ok: tests/integration/doppler-rerank-evidence.test.js
TAP version 13
# Subtest: test module initialization completed
ok 1 - test module initialization completed
  ---
  duration_ms: 1.044107
  type: 'test'
  ...
1..1
# tests 1
# suites 0
# pass 1
# fail 0
# cancelled 0
# skipped 0
# todo 0
# duration_ms 246.396639
[node-tests] ok: tests/integration/doppler-resolution-policy.test.js
TAP version 13
# Subtest: scoped session exposes explicit capabilities and stable results
ok 1 - scoped session exposes explicit capabilities and stable results
  ---
  duration_ms: 1.276545
  type: 'test'
  ...
# Subtest: stream emits semantic events instead of return-dependent unions
ok 2 - stream emits semantic events instead of return-dependent unions
  ---
  duration_ms: 1.07758
  type: 'test'
  ...
# Subtest: specialized models reject generation and streaming capabilities
ok 3 - specialized models reject generation and streaming capabilities
  ---
  duration_ms: 0.538956
  type: 'test'
  ...
# Subtest: unsupported observation policies fail closed on a generation session
ok 4 - unsupported observation policies fail closed on a generation session
  ---
  duration_ms: 0.136888
  type: 'test'
  ...
# Subtest: close is idempotent and blocks later work
ok 5 - close is idempotent and blocks later work
  ---
  duration_ms: 0.161334
  type: 'test'
  ...
# Subtest: concurrent close and disposal wait for the same unload
ok 6 - concurrent close and disposal wait for the same unload
  ---
  duration_ms: 0.211879
  type: 'test'
  ...
# Subtest: every close caller observes the original unload failure without retrying cleanup
ok 7 - every close caller observes the original unload failure without retrying cleanup
  ---
  duration_ms: 0.401707
  type: 'test'
  ...
# Subtest: guided and deep inspection disclose non-representative execution
ok 8 - guided and deep inspection disclose non-representative execution
  ---
  duration_ms: 0.201179
  type: 'test'
  ...
# Subtest: test module initialization completed
ok 9 - test module initialization completed
  ---
  duration_ms: 0.176883
  type: 'test'
  ...
1..9
# tests 9
# suites 0
# pass 9
# fail 0
# cancelled 0
# skipped 0
# todo 0
# duration_ms 100.31343
[node-tests] ok: tests/integration/doppler-scoped-session.test.js
TAP version 13
# doppler-serve-args.test: ok
# Subtest: test module initialization completed
ok 1 - test module initialization completed
  ---
  duration_ms: 1.126463
  type: 'test'
  ...
1..1
# tests 1
# suites 0
# pass 1
# fail 0
# cancelled 0
# skipped 0
# todo 0
# duration_ms 336.15583
[node-tests] ok: tests/integration/doppler-serve-args.test.js
TAP version 13
# [doppler-serve] POST /v1/chat/completions: Request body is empty.
# [doppler-serve] POST /v1/chat/completions: "messages" must be a non-empty array.
# [doppler-serve] POST /v1/chat/completions: messages[0].role must be a non-empty string.
# [doppler-serve] POST /v1/chat/completions: Unknown model "nonexistent-model". Use GET /v1/models for supported chat models.
# [doppler-serve] POST /v1/chat/completions: Model "embeddinggemma-300m" is not text-generative. Use GET /v1/models for supported chat models.
# [doppler-serve] POST /v1/chat/completions: "include_receipt" is not supported with streaming responses.
# [doppler-serve] POST /v1/chat/completions: "include_receipt" and "doppler_receipt" must agree when both are provided.
# doppler-serve-handler.test: ok
# Subtest: test module initialization completed
ok 1 - test module initialization completed
  ---
  duration_ms: 1.121714
  type: 'test'
  ...
1..1
# tests 1
# suites 0
# pass 1
# fail 0
# cancelled 0
# skipped 0
# todo 0
# duration_ms 359.850931
[node-tests] ok: tests/integration/doppler-serve-handler.test.js
TAP version 13
# downloader-external-signal-contract.test: ok
# Subtest: test module initialization completed
ok 1 - test module initialization completed
  ---
  duration_ms: 0.866132
  type: 'test'
  ...
1..1
# tests 1
# suites 0
# pass 1
# fail 0
# cancelled 0
# skipped 0
# todo 0
# duration_ms 175.762436
[node-tests] ok: tests/integration/downloader-external-signal-contract.test.js
TAP version 13
# downloader-persistence-policy.test: ok
# Subtest: test module initialization completed
ok 1 - test module initialization completed
  ---
  duration_ms: 1.019732
  type: 'test'
  ...
1..1
# tests 1
# suites 0
# pass 1
# fail 0
# cancelled 0
# skipped 0
# todo 0
# duration_ms 177.534595
[node-tests] ok: tests/integration/downloader-persistence-policy.test.js
TAP version 13
# downloader-resume-admission-contract.test: ok
# Subtest: test module initialization completed
ok 1 - test module initialization completed
  ---
  duration_ms: 0.977642
  type: 'test'
  ...
1..1
# tests 1
# suites 0
# pass 1
# fail 0
# cancelled 0
# skipped 0
# todo 0
# duration_ms 320.681521
[node-tests] ok: tests/integration/downloader-resume-admission-contract.test.js
TAP version 13
# [287.8ms][Downloader] Manifest version-set changed for manifest-model-id, resetting cached shards
# [391.5ms][Downloader] Manifest version-set changed for manifest-model-id, resetting cached shards
# downloader-tokenizer-contract.test: ok
# Subtest: test module initialization completed
ok 1 - test module initialization completed
  ---
  duration_ms: 0.921677
  type: 'test'
  ...
1..1
# tests 1
# suites 0
# pass 1
# fail 0
# cancelled 0
# skipped 0
# todo 0
# duration_ms 533.722314
[node-tests] ok: tests/integration/downloader-tokenizer-contract.test.js
TAP version 13
# dream-provider-contract.test: ok
# Subtest: test module initialization completed
ok 1 - test module initialization completed
  ---
  duration_ms: 1.036854
  type: 'test'
  ...
1..1
# tests 1
# suites 0
# pass 1
# fail 0
# cancelled 0
# skipped 0
# todo 0
# duration_ms 326.494736
[node-tests] ok: tests/integration/dream-provider-contract.test.js
TAP version 13
# ecosystem-runtime-schema.test: ok
# Subtest: test module initialization completed
ok 1 - test module initialization completed
  ---
  duration_ms: 1.014682
  type: 'test'
  ...
1..1
# tests 1
# suites 0
# pass 1
# fail 0
# cancelled 0
# skipped 0
# todo 0
# duration_ms 98.34442
[node-tests] ok: tests/integration/ecosystem-runtime-schema.test.js
TAP version 13
# execution-graph-transforms.test: 373 assertions passed
# Subtest: test module initialization completed
ok 1 - test module initialization completed
  ---
  duration_ms: 0.977071
  type: 'test'
  ...
1..1
# tests 1
# suites 0
# pass 1
# fail 0
# cancelled 0
# skipped 0
# todo 0
# duration_ms 113.700196
[node-tests] ok: tests/integration/execution-graph-transforms.test.js
TAP version 13
# [228.5ms][ExecutionV1] Capability transforms applied: [removeSubgroups, widenToF32Activations] (GPU lacks subgroups and shader-f16.)
# [231.0ms][ExecutionV1] Capability transforms applied: [widenToF32CorrectnessFallback] (Runtime KV cache resolved f32.)
# [231.4ms][ExecutionV1] Capability transforms applied: [widenToF32Activations] (GPU lacks shader-f16.)
# [233.8ms][ExecutionV1] Capability transforms applied: [removeSubgroups, widenToF32Activations] (GPU lacks subgroups and shader-f16.)
# [235.0ms][ExecutionV1] Capability transforms applied: [widenToF32Activations] (GPU lacks shader-f16.)
# [236.2ms][Pipeline] Resolved session applied (qwen-3-5-0-8b-q4k-ehaf16): batchSize=4, stopCheckMode=batch, readbackInterval=8, disableCommandBatching=false
# [236.7ms][Pipeline] KernelPath: qwen-3-5-0-8b-q4k-ehaf16-execution-inline (15 decode steps, 10 kernels, source=execution-v1)
# [237.0ms][ExecutionV1] Capability transforms applied: [widenToF32Activations] (GPU lacks shader-f16.)
# [237.1ms][ExecutionRuntime] [Execution] Layer pipeline contains ops not in PIPELINE_COMPATIBLE_OPS: rms_norm. Pipeline will be degraded.
# [237.4ms][ExecutionRuntime] [Execution] Layer pipeline contains ops not in PIPELINE_COMPATIBLE_OPS: rms_norm. Pipeline will be degraded.
# [238.0ms][ExecutionV1] Capability transforms applied: [narrowToF16Activations] (Runtime requested f16 activations on a shader-f16 GPU.)
# execution-v1-capability-policy.test: ok
# Subtest: test module initialization completed
ok 1 - test module initialization completed
  ---
  duration_ms: 1.101054
  type: 'test'
  ...
1..1
# tests 1
# suites 0
# pass 1
# fail 0
# cancelled 0
# skipped 0
# todo 0
# duration_ms 277.27731
[node-tests] ok: tests/integration/execution-v1-capability-policy.test.js
TAP version 13
# Subtest: classifyProviderFailure — fine-grained classes
    # Subtest: classifies OOM as gpu_oom
    ok 1 - classifies OOM as gpu_oom
      ---
      duration_ms: 1.053545
      type: 'test'
      ...
    # Subtest: classifies device lost as gpu_device_lost
    ok 2 - classifies device lost as gpu_device_lost
      ---
      duration_ms: 0.186091
      type: 'test'
      ...
    # Subtest: classifies timeout as gpu_timeout
    ok 3 - classifies timeout as gpu_timeout
      ---
      duration_ms: 0.118694
      type: 'test'
      ...
    # Subtest: classifies unsupported adapter as gpu_unsupported
    ok 4 - classifies unsupported adapter as gpu_unsupported
      ---
      duration_ms: 0.141256
      type: 'test'
      ...
    # Subtest: classifies webgpu unavailable as gpu_unavailable
    ok 5 - classifies webgpu unavailable as gpu_unavailable
      ---
      duration_ms: 0.14829
      type: 'test'
      ...
    # Subtest: classifies model load errors as model_load_failed
    ok 6 - classifies model load errors as model_load_failed
      ---
      duration_ms: 0.126659
      type: 'test'
      ...
    # Subtest: classifies policy_denied from errors with a Doppler error code
    ok 7 - classifies policy_denied from errors with a Doppler error code
      ---
      duration_ms: 0.118063
      type: 'test'
      ...
    # Subtest: classifies fallback network errors as fallback_failed
    ok 8 - classifies fallback network errors as fallback_failed
      ---
      duration_ms: 0.118063
      type: 'test'
      ...
    # Subtest: classifies unclassifiable errors as unknown
    ok 9 - classifies unclassifiable errors as unknown
      ---
      duration_ms: 0.219744
      type: 'test'
      ...
    # Subtest: prefers errors with a Doppler error code over message regex
    ok 10 - prefers errors with a Doppler error code over message regex
      ---
      duration_ms: 0.273526
      type: 'test'
      ...
    # Subtest: detects simulated failures via __dopplerFaultInjected
    ok 11 - detects simulated failures via __dopplerFaultInjected
      ---
      duration_ms: 0.092224
      type: 'test'
      ...
    # Subtest: marks non-injected failures as not simulated
    ok 12 - marks non-injected failures as not simulated
      ---
      duration_ms: 0.055354
      type: 'test'
      ...
    # Subtest: infers stage from error message
    ok 13 - infers stage from error message
      ---
      duration_ms: 0.097774
      type: 'test'
      ...
    # Subtest: infers surface from error message
    ok 14 - infers surface from error message
      ---
      duration_ms: 0.062428
      type: 'test'
      ...
    # Subtest: accepts context overrides for every FailureRecord field
    ok 15 - accepts context overrides for every FailureRecord field
      ---
      duration_ms: 0.055134
      type: 'test'
      ...
    # Subtest: handles non-Error inputs
    ok 16 - handles non-Error inputs
      ---
      duration_ms: 0.033453
      type: 'test'
      ...
    # Subtest: returns every FailureRecord field including runtimeProfile and kernelPathId
    ok 17 - returns every FailureRecord field including runtimeProfile and kernelPathId
      ---
      duration_ms: 0.081874
      type: 'test'
      ...
    # Subtest: defaults runtimeProfile and kernelPathId to null when not provided
    ok 18 - defaults runtimeProfile and kernelPathId to null when not provided
      ---
      duration_ms: 0.040937
      type: 'test'
      ...
    1..18
ok 1 - classifyProviderFailure — fine-grained classes
  ---
  duration_ms: 4.039051
  type: 'suite'
  ...
# Subtest: test module initialization completed
ok 2 - test module initialization completed
  ---
  duration_ms: 0.031429
  type: 'test'
  ...
1..2
# tests 19
# suites 1
# pass 19
# fail 0
# cancelled 0
# skipped 0
# todo 0
# duration_ms 91.856064
[node-tests] ok: tests/integration/failure-taxonomy.test.js
TAP version 13
# Subtest: createFaultInjector
    # Subtest: does not inject when not enabled
    ok 1 - does not inject when not enabled
      ---
      duration_ms: 1.353821
      type: 'test'
      ...
    # Subtest: does not inject when enabled is false
    ok 2 - does not inject when enabled is false
      ---
      duration_ms: 0.142238
      type: 'test'
      ...
    # Subtest: injects when enabled with default probability
    ok 3 - injects when enabled with default probability
      ---
      duration_ms: 0.090029
      type: 'test'
      ...
    # Subtest: respects stage filtering
    ok 4 - respects stage filtering
      ---
      duration_ms: 0.080311
      type: 'test'
      ...
    # Subtest: wildcard stage matches any stage
    ok 5 - wildcard stage matches any stage
      ---
      duration_ms: 0.080361
      type: 'test'
      ...
    # Subtest: creates error with __dopplerFaultInjected flag
    ok 6 - creates error with __dopplerFaultInjected flag
      ---
      duration_ms: 0.163238
      type: 'test'
      ...
    # Subtest: uses default failureCode when not specified
    ok 7 - uses default failureCode when not specified
      ---
      duration_ms: 0.148971
      type: 'test'
      ...
    # Subtest: respects probability of 0
    ok 8 - respects probability of 0
      ---
      duration_ms: 0.189797
      type: 'test'
      ...
    # Subtest: clamps probability between 0 and 1
    ok 9 - clamps probability between 0 and 1
      ---
      duration_ms: 0.226778
      type: 'test'
      ...
    1..9
ok 1 - createFaultInjector
  ---
  duration_ms: 3.938953
  type: 'suite'
  ...
# Subtest: test module initialization completed
ok 2 - test module initialization completed
  ---
  duration_ms: 0.192623
  type: 'test'
  ...
1..2
# tests 10
# suites 1
# pass 10
# fail 0
# cancelled 0
# skipped 0
# todo 0
# duration_ms 117.356035
[node-tests] ok: tests/integration/fault-injection.test.js
TAP version 13
# Testing functional tensor artifacts...
# Subtest: test module initialization completed
ok 1 - test module initialization completed
  ---
  duration_ms: 0.850052
  type: 'test'
  ...
1..1
# tests 1
# suites 0
# pass 1
# fail 0
# cancelled 0
# skipped 0
# todo 0
# duration_ms 89.044124
[node-tests] ok: tests/integration/functional-tensor.test.js
TAP version 13
# [133.1ms][ExecutionV1] Capability transforms applied: [useGemma412BTextF16Activations] (af16 manifest variant on shader-f16 GPU - dispatch the Gemma 4 12B text f16-residual lane with stable f32-Q/f16-KV prefill/decode attention boundaries and stable post-layer tail.)
# gemma4-12b-f16-activations.test: ok
# Subtest: test module initialization completed
ok 1 - test module initialization completed
  ---
  duration_ms: 1.062132
  type: 'test'
  ...
1..1
# tests 1
# suites 0
# pass 1
# fail 0
# cancelled 0
# skipped 0
# todo 0
# duration_ms 174.508934
[node-tests] ok: tests/integration/gemma4-12b-f16-activations.test.js
TAP version 13
# [131.8ms][ExecutionV1] Capability transforms applied: [useGemma431BTextF16Activations] (af16 manifest variant on shader-f16 GPU - dispatch the all-f16 lane.)
# gemma4-31b-f16-activations.test: ok
# Subtest: test module initialization completed
ok 1 - test module initialization completed
  ---
  duration_ms: 1.035882
  type: 'test'
  ...
1..1
# tests 1
# suites 0
# pass 1
# fail 0
# cancelled 0
# skipped 0
# todo 0
# duration_ms 170.3623
[node-tests] ok: tests/integration/gemma4-31b-f16-activations.test.js
TAP version 13
# gemma4-chat-template.test: ok
# Subtest: test module initialization completed
ok 1 - test module initialization completed
  ---
  duration_ms: 1.180294
  type: 'test'
  ...
1..1
# tests 1
# suites 0
# pass 1
# fail 0
# cancelled 0
# skipped 0
# todo 0
# duration_ms 246.761997
[node-tests] ok: tests/integration/gemma4-chat-template.test.js
TAP version 13
# generation-surface-contract.test: ok
# Subtest: test module initialization completed
ok 1 - test module initialization completed
  ---
  duration_ms: 1.11438
  type: 'test'
  ...
1..1
# tests 1
# suites 0
# pass 1
# fail 0
# cancelled 0
# skipped 0
# todo 0
# duration_ms 295.054039
[node-tests] ok: tests/integration/generation-surface-contract.test.js
TAP version 13
# harness-page-contract.test: ok
# Subtest: test module initialization completed
ok 1 - test module initialization completed
  ---
  duration_ms: 0.85961
  type: 'test'
  ...
1..1
# tests 1
# suites 0
# pass 1
# fail 0
# cancelled 0
# skipped 0
# todo 0
# duration_ms 87.894067
[node-tests] ok: tests/integration/harness-page-contract.test.js
TAP version 13
# hotswap-intent-bundle-contract.test: ok
# Subtest: test module initialization completed
ok 1 - test module initialization completed
  ---
  duration_ms: 0.958266
  type: 'test'
  ...
1..1
# tests 1
# suites 0
# pass 1
# fail 0
# cancelled 0
# skipped 0
# todo 0
# duration_ms 91.878626
[node-tests] ok: tests/integration/hotswap-intent-bundle-contract.test.js
TAP version 13
# hotswap-manifest-contract.test: ok
# Subtest: test module initialization completed
ok 1 - test module initialization completed
  ---
  duration_ms: 1.083642
  type: 'test'
  ...
1..1
# tests 1
# suites 0
# pass 1
# fail 0
# cancelled 0
# skipped 0
# todo 0
# duration_ms 112.635349
[node-tests] ok: tests/integration/hotswap-manifest-contract.test.js
TAP version 13
# hotswap-rollout.test: ok
# Subtest: test module initialization completed
ok 1 - test module initialization completed
  ---
  duration_ms: 0.906939
  type: 'test'
  ...
1..1
# tests 1
# suites 0
# pass 1
# fail 0
# cancelled 0
# skipped 0
# todo 0
# duration_ms 99.770056
[node-tests] ok: tests/integration/hotswap-rollout.test.js
TAP version 13
# hybrid-linear-execution-v1-contract.test: ok
# Subtest: test module initialization completed
ok 1 - test module initialization completed
  ---
  duration_ms: 0.964288
  type: 'test'
  ...
1..1
# tests 1
# suites 0
# pass 1
# fail 0
# cancelled 0
# skipped 0
# todo 0
# duration_ms 126.277527
[node-tests] ok: tests/integration/hybrid-linear-execution-v1-contract.test.js
TAP version 13
# index-browser-export-surface.test: ok
# Subtest: test module initialization completed
ok 1 - test module initialization completed
  ---
  duration_ms: 1.183971
  type: 'test'
  ...
1..1
# tests 1
# suites 0
# pass 1
# fail 0
# cancelled 0
# skipped 0
# todo 0
# duration_ms 316.325323
[node-tests] ok: tests/integration/index-browser-export-surface.test.js
TAP version 13
# Subtest: installed lifecycle acceptance covers repeated work, cancellation, and surviving sessions
ok 1 - installed lifecycle acceptance covers repeated work, cancellation, and surviving sessions
  ---
  duration_ms: 2.566286
  type: 'test'
  ...
# Subtest: pre-aborted acceptance does not claim partial GPU execution
ok 2 - pre-aborted acceptance does not claim partial GPU execution
  ---
  duration_ms: 0.376028
  type: 'test'
  ...
# Subtest: acceptance rejects a preparation that ignores cancellation
ok 3 - acceptance rejects a preparation that ignores cancellation
  ---
  duration_ms: 0.422577
  type: 'test'
  ...
# Subtest: acceptance rejects a late completion after cancellation
ok 4 - acceptance rejects a late completion after cancellation
  ---
  duration_ms: 0.293162
  type: 'test'
  ...
# Subtest: acceptance preserves the original failure when cleanup fails
ok 5 - acceptance preserves the original failure when cleanup fails
  ---
  duration_ms: 0.263697
  type: 'test'
  ...
# Subtest: adapter acceptance rejects a completion without exact loaded tensor evidence
ok 6 - adapter acceptance rejects a completion without exact loaded tensor evidence
  ---
  duration_ms: 0.175541
  type: 'test'
  ...
# Subtest: adapter acceptance checks failed preparation and base requests after unloading and cancellation
ok 7 - adapter acceptance checks failed preparation and base requests after unloading and cancellation
  ---
  duration_ms: 24.718209
  type: 'test'
  ...
# Subtest: test module initialization completed
ok 8 - test module initialization completed
  ---
  duration_ms: 0.080682
  type: 'test'
  ...
1..8
# tests 8
# suites 0
# pass 8
# fail 0
# cancelled 0
# skipped 0
# todo 0
# duration_ms 133.871648
[node-tests] ok: tests/integration/installed-capability-lifecycle.test.js
TAP version 13
# installed-capability-memory: passed (instrumentation doubles, not physical evidence)
# Subtest: test module initialization completed
ok 1 - test module initialization completed
  ---
  duration_ms: 0.945031
  type: 'test'
  ...
1..1
# tests 1
# suites 0
# pass 1
# fail 0
# cancelled 0
# skipped 0
# todo 0
# duration_ms 101.505617
[node-tests] ok: tests/integration/installed-capability-memory.test.js
TAP version 13
# litert-gemma4-task-ple-scale.test: skipped (source artifact not available at /home/x/deco/doppler/models/source/litert/gemma-4-e2b-it/gemma-4-E2B-it-web.task)
# Subtest: /home/x/deco/doppler/tests/integration/litert-gemma4-task-ple-scale.test.js
ok 1 - /home/x/deco/doppler/tests/integration/litert-gemma4-task-ple-scale.test.js
  ---
  duration_ms: 85.153353
  type: 'test'
  ...
1..1
# tests 1
# suites 0
# pass 1
# fail 0
# cancelled 0
# skipped 0
# todo 0
# duration_ms 91.011863
[node-tests] ok: tests/integration/litert-gemma4-task-ple-scale.test.js
TAP version 13
# [316.2ms][doppler] LoRA adapter loaded: columbo-peft-demo
# [319.1ms][doppler] LoRA adapter loaded: qwen-linear-attention-lora
# lora-activation-contract.test: ok
# Subtest: test module initialization completed
ok 1 - test module initialization completed
  ---
  duration_ms: 0.963385
  type: 'test'
  ...
1..1
# tests 1
# suites 0
# pass 1
# fail 0
# cancelled 0
# skipped 0
# todo 0
# duration_ms 357.456151
[node-tests] ok: tests/integration/lora-activation-contract.test.js
TAP version 13
# lora-loader-contract.test: ok
# Subtest: test module initialization completed
ok 1 - test module initialization completed
  ---
  duration_ms: 1.06705
  type: 'test'
  ...
1..1
# tests 1
# suites 0
# pass 1
# fail 0
# cancelled 0
# skipped 0
# todo 0
# duration_ms 166.303563
[node-tests] ok: tests/integration/lora-loader-contract.test.js
TAP version 13
# [306.5ms][doppler] LoRA adapter loaded: b
# [307.4ms][doppler] LoRA adapter unloaded
# [322.1ms][GPU] Device lost: test preparation device loss, Reason: destroyed
# Subtest: loadLoRA cannot mutate an active stream
ok 1 - loadLoRA cannot mutate an active stream
  ---
  duration_ms: 9.047028
  type: 'test'
  ...
# Subtest: unloadLoRA cannot mutate an active stream
ok 2 - unloadLoRA cannot mutate an active stream
  ---
  duration_ms: 1.606097
  type: 'test'
  ...
# Subtest: setLoRAAdapter cannot mutate an active stream
ok 3 - setLoRAAdapter cannot mutate an active stream
  ---
  duration_ms: 1.378739
  type: 'test'
  ...
# Subtest: resetGenerationState cannot mutate an active stream
ok 4 - resetGenerationState cannot mutate an active stream
  ---
  duration_ms: 1.15117
  type: 'test'
  ...
# Subtest: resetToSeqLen cannot mutate an active stream
ok 5 - resetToSeqLen cannot mutate an active stream
  ---
  duration_ms: 1.450414
  type: 'test'
  ...
# Subtest: closing during adapter loading drains preparation without activating the result
ok 6 - closing during adapter loading drains preparation without activating the result
  ---
  duration_ms: 1.554219
  type: 'test'
  ...
# Subtest: direct text adapter activation rejects mutation while generation is active
ok 7 - direct text adapter activation rejects mutation while generation is active
  ---
  duration_ms: 0.211338
  type: 'test'
  ...
# Subtest: adapter loading excludes other work and duplicate preparation on the same owner
ok 8 - adapter loading excludes other work and duplicate preparation on the same owner
  ---
  duration_ms: 3.312652
  type: 'test'
  ...
# Subtest: failed adapter preparation preserves the old adapter and releases its operation
ok 9 - failed adapter preparation preserves the old adapter and releases its operation
  ---
  duration_ms: 3.21588
  type: 'test'
  ...
# Subtest: rejected callback mutations leave generation evidence unchanged
ok 10 - rejected callback mutations leave generation evidence unchanged
  ---
  duration_ms: 5.275401
  type: 'test'
  ...
# Subtest: queued execution reserves its adapter before acquiring the compatibility scope
ok 11 - queued execution reserves its adapter before acquiring the compatibility scope
  ---
  duration_ms: 2.420121
  type: 'test'
  ...
# Subtest: close cancels queued adapter preparation before it touches the loader
ok 12 - close cancels queued adapter preparation before it touches the loader
  ---
  duration_ms: 1.461985
  type: 'test'
  ...
# Subtest: a loader failure during close is preserved while cleanup still drains it
ok 13 - a loader failure during close is preserved while cleanup still drains it
  ---
  duration_ms: 0.831477
  type: 'test'
  ...
# Subtest: loss of the owning device during preparation prevents adapter activation
ok 14 - loss of the owning device during preparation prevents adapter activation
  ---
  duration_ms: 1.356406
  type: 'test'
  ...
# Subtest: provider adapter restoration cannot hide an execution failure during close
ok 15 - provider adapter restoration cannot hide an execution failure during close
  ---
  duration_ms: 1.127354
  type: 'test'
  ...
# Subtest: rejected provider mutations do not add or remove registry entries
ok 16 - rejected provider mutations do not add or remove registry entries
  ---
  duration_ms: 10.417371
  type: 'test'
  ...
# Subtest: test module initialization completed
ok 17 - test module initialization completed
  ---
  duration_ms: 0.07421
  type: 'test'
  ...
1..17
# tests 17
# suites 0
# pass 17
# fail 0
# cancelled 0
# skipped 0
# todo 0
# duration_ms 370.068778
[node-tests] ok: tests/integration/lora-session-ownership.test.js
TAP version 13
# model-manager-contract.test: ok
# Subtest: test module initialization completed
ok 1 - test module initialization completed
  ---
  duration_ms: 1.138686
  type: 'test'
  ...
1..1
# tests 1
# suites 0
# pass 1
# fail 0
# cancelled 0
# skipped 0
# todo 0
# duration_ms 333.663115
[node-tests] ok: tests/integration/model-manager-contract.test.js
TAP version 13
# node-browser-command-relay-contract.test: ok
# Subtest: test module initialization completed
ok 1 - test module initialization completed
  ---
  duration_ms: 1.2258
  type: 'test'
  ...
1..1
# tests 1
# suites 0
# pass 1
# fail 0
# cancelled 0
# skipped 0
# todo 0
# duration_ms 6380.873546
[node-tests] ok: tests/integration/node-browser-command-relay-contract.test.js
TAP version 13
# node-command-runtime-gating.test: ok
# Subtest: test module initialization completed
ok 1 - test module initialization completed
  ---
  duration_ms: 1.013329
  type: 'test'
  ...
1..1
# tests 1
# suites 0
# pass 1
# fail 0
# cancelled 0
# skipped 0
# todo 0
# duration_ms 321.018118
[node-tests] ok: tests/integration/node-command-runtime-gating.test.js
TAP version 13
# node-convert-command-surface.test: ok
# Subtest: test module initialization completed
ok 1 - test module initialization completed
  ---
  duration_ms: 0.997399
  type: 'test'
  ...
1..1
# tests 1
# suites 0
# pass 1
# fail 0
# cancelled 0
# skipped 0
# todo 0
# duration_ms 342.002802
[node-tests] ok: tests/integration/node-convert-command-surface.test.js
TAP version 13
# Subtest: test module initialization completed
ok 1 - test module initialization completed
  ---
  duration_ms: 0.799026
  type: 'test'
  ...
# Subtest: test module initialization completed
ok 2 - test module initialization completed
  ---
  duration_ms: 0.749502
  type: 'test'
  ...
1..2
# tests 2
# suites 0
# pass 2
# fail 0
# cancelled 0
# skipped 0
# todo 0
# duration_ms 292.277829
[node-tests] ok: tests/integration/node-convert-worker-pool.test.js
TAP version 13
# node-converter-atomicity.test: ok
# Subtest: test module initialization completed
ok 1 - test module initialization completed
  ---
  duration_ms: 0.989224
  type: 'test'
  ...
1..1
# tests 1
# suites 0
# pass 1
# fail 0
# cancelled 0
# skipped 0
# todo 0
# duration_ms 207.42373
[node-tests] ok: tests/integration/node-converter-atomicity.test.js
TAP version 13
# node-converter-large-tensor-batching.test: ok
# Subtest: test module initialization completed
ok 1 - test module initialization completed
  ---
  duration_ms: 1.04025
  type: 'test'
  ...
1..1
# tests 1
# suites 0
# pass 1
# fail 0
# cancelled 0
# skipped 0
# todo 0
# duration_ms 94.673894
[node-tests] ok: tests/integration/node-converter-large-tensor-batching.test.js
TAP version 13
# Subtest: test module initialization completed
ok 1 - test module initialization completed
  ---
  duration_ms: 0.816538
  type: 'test'
  ...
# Subtest: test module initialization completed
ok 2 - test module initialization completed
  ---
  duration_ms: 0.783987
  type: 'test'
  ...
1..2
# tests 2
# suites 0
# pass 2
# fail 0
# cancelled 0
# skipped 0
# todo 0
# duration_ms 375.59852
[node-tests] ok: tests/integration/node-converter-success-paths.test.js
TAP version 13
# [186.5ms][Convert] Tensor count (1) seems low for 1-layer architecture (expected at least ~4). Verify source checkpoint is complete.
# node-converter-surface-errors.test: ok
# Subtest: test module initialization completed
ok 1 - test module initialization completed
  ---
  duration_ms: 1.174072
  type: 'test'
  ...
1..1
# tests 1
# suites 0
# pass 1
# fail 0
# cancelled 0
# skipped 0
# todo 0
# duration_ms 296.705564
[node-tests] ok: tests/integration/node-converter-surface-errors.test.js
TAP version 13
# node-diagnose-command-surface.test: ok (synthetic provider contract)
# Subtest: test module initialization completed
ok 1 - test module initialization completed
  ---
  duration_ms: 1.068052
  type: 'test'
  ...
1..1
# tests 1
# suites 0
# pass 1
# fail 0
# cancelled 0
# skipped 0
# todo 0
# duration_ms 355.577773
[node-tests] ok: tests/integration/node-diagnose-command-surface.test.js
TAP version 13
# node-file-fetch-shim.test: ok
# Subtest: test module initialization completed
ok 1 - test module initialization completed
  ---
  duration_ms: 0.802172
  type: 'test'
  ...
1..1
# tests 1
# suites 0
# pass 1
# fail 0
# cancelled 0
# skipped 0
# todo 0
# duration_ms 143.040106
[node-tests] ok: tests/integration/node-file-fetch-shim.test.js
TAP version 13
# node-provider-standalone.test: ok (synthetic host lifecycle, no Doe required)
# Subtest: test module initialization completed
ok 1 - test module initialization completed
  ---
  duration_ms: 1.18326
  type: 'test'
  ...
1..1
# tests 1
# suites 0
# pass 1
# fail 0
# cancelled 0
# skipped 0
# todo 0
# duration_ms 105.607898
[node-tests] ok: tests/integration/node-provider-standalone.test.js
TAP version 13
# node-quickstart-cache.test: ok
# Subtest: test module initialization completed
ok 1 - test module initialization completed
  ---
  duration_ms: 0.788826
  type: 'test'
  ...
1..1
# tests 1
# suites 0
# pass 1
# fail 0
# cancelled 0
# skipped 0
# todo 0
# duration_ms 215.109594
[node-tests] ok: tests/integration/node-quickstart-cache.test.js
TAP version 13
# node-webgpu-bootstrap.test: ok
# Subtest: test module initialization completed
ok 1 - test module initialization completed
  ---
  duration_ms: 0.883515
  type: 'test'
  ...
1..1
# tests 1
# suites 0
# pass 1
# fail 0
# cancelled 0
# skipped 0
# todo 0
# duration_ms 92.457358
[node-tests] ok: tests/integration/node-webgpu-bootstrap.test.js
TAP version 13
# [153.4ms][OPFSCache] Cache validation failed (network unavailable); refusing cached model "opfs-cache-contract-model"
# [178.7ms][OPFSCache] Cache manifest refreshed: "opfs-cache-contract-model" (cached bytes verified)
# [179.6ms][OPFSCache] Cache manifest refreshed: "opfs-cache-contract-model" (cached bytes verified)
# [179.4ms][OPFSCache] Cached manifest for "opfs-cache-contract-model" is not executable; source refresh required: Invalid manifest:
#   - Missing or invalid inference field
# [180.0ms][OPFSCache] Cached manifest for "opfs-cache-contract-model" is not executable; source refresh required: Invalid manifest:
#   - Missing or invalid inference field
# [180.1ms][OPFSCache] Cache integrity failed for "opfs-cache-contract-model"; metadata-only refresh refused
# [180.1ms][OPFSCache] Cache stale: "opfs-cache-contract-model" manifest/shards changed; deleting old version and re-importing
# [180.2ms][OPFSCache] Deleted stale OPFS cache for "opfs-cache-contract-model"
# [182.3ms][Downloader] IndexedDB unavailable, download resume will not work
# [182.7ms][OPFSCache] Import failed: Insufficient storage: need 1 B, have 0 B
# opfs-cache-contract.test: ok
# Subtest: test module initialization completed
ok 1 - test module initialization completed
  ---
  duration_ms: 1.053836
  type: 'test'
  ...
1..1
# tests 1
# suites 0
# pass 1
# fail 0
# cancelled 0
# skipped 0
# todo 0
# duration_ms 221.849415
[node-tests] ok: tests/integration/opfs-cache-contract.test.js
TAP version 13
# [156.1ms][OPFSCache] Cache miss: "opfs-cached-source-contract". Triggering full model download from https://example.test/opfs-cached-source-contract
# [182.0ms][Downloader] IndexedDB unavailable, download resume will not work
# [185.6ms][Downloader] IndexedDB unavailable, download resume will not work
# [285.4ms][Downloader] IndexedDB unavailable, download resume will not work
# [285.7ms][OPFSCache] Import complete: "opfs-cached-source-contract"
# [294.5ms][OPFSCache] Cache incomplete: "opfs-cached-source-contract" is missing shards 0
# [294.5ms][OPFSCache] Cache stale: "opfs-cached-source-contract" manifest/shards changed; deleting old version and re-importing
# [294.6ms][OPFSCache] Deleted stale OPFS cache for "opfs-cached-source-contract"
# [295.5ms][Downloader] IndexedDB unavailable, download resume will not work
# [296.2ms][Downloader] IndexedDB unavailable, download resume will not work
# [395.7ms][Downloader] IndexedDB unavailable, download resume will not work
# [395.9ms][OPFSCache] Import complete: "opfs-cached-source-contract"
# [398.0ms][OPFSCache] Cache validation failed (Remote manifest hash mismatch for "opfs-cached-source-contract"; cached model left unchanged.); refusing cached model "opfs-cached-source-contract"
# opfs-cached-source-contract.test: ok
# Subtest: test module initialization completed
ok 1 - test module initialization completed
  ---
  duration_ms: 0.858949
  type: 'test'
  ...
1..1
# tests 1
# suites 0
# pass 1
# fail 0
# cancelled 0
# skipped 0
# todo 0
# duration_ms 437.555584
[node-tests] ok: tests/integration/opfs-cached-source-contract.test.js
TAP version 13
# opfs-store-contract.test: ok
# Subtest: test module initialization completed
ok 1 - test module initialization completed
  ---
  duration_ms: 0.969386
  type: 'test'
  ...
1..1
# tests 1
# suites 0
# pass 1
# fail 0
# cancelled 0
# skipped 0
# todo 0
# duration_ms 106.112589
[node-tests] ok: tests/integration/opfs-store-contract.test.js
TAP version 13
# p2p-control-plane-contract.test: ok
# Subtest: test module initialization completed
ok 1 - test module initialization completed
  ---
  duration_ms: 0.95005
  type: 'test'
  ...
1..1
# tests 1
# suites 0
# pass 1
# fail 0
# cancelled 0
# skipped 0
# todo 0
# duration_ms 90.252293
[node-tests] ok: tests/integration/p2p-control-plane-contract.test.js
TAP version 13
# p2p-control-plane.test: ok
# Subtest: test module initialization completed
ok 1 - test module initialization completed
  ---
  duration_ms: 1.067242
  type: 'test'
  ...
1..1
# tests 1
# suites 0
# pass 1
# fail 0
# cancelled 0
# skipped 0
# todo 0
# duration_ms 259.458406
[node-tests] ok: tests/integration/p2p-control-plane.test.js
TAP version 13
# {
#   "schemaVersion": 1,
#   "input": "/tmp/doppler-p2p-obsv-6hKZgz/metrics.json",
#   "summary": {
#     "schemaVersion": 1,
#     "generatedAtMs": 1790538329430,
#     "totals": {
#       "records": 2,
#       "successful": 2,
#       "failed": 0,
#       "p2pHits": 1,
#       "httpFallbacks": 1
#     },
#     "rates": {
#       "availability": 1,
#       "p2pHitRate": 0.5,
#       "httpFallbackRate": 0.5
#     },
#     "latencyMs": {
#       "p50": 100,
#       "p95": 400,
#       "p99": 400
#     },
#     "failureCodes": {
#       "DOPPLER_DISTRIBUTION_P2P_TRANSPORT_UNAVAILABLE": 1
#     },
#     "slo": {
#       "targets": {
#         "minAvailability": 0.995,
#         "minP2PHitRate": 0.5,
#         "maxHttpFallbackRate": 0.5,
#         "maxP95LatencyMs": 5000
#       },
#       "breaches": [],
#       "status": "pass"
#     }
#   },
#   "alerts": [],
#   "snapshot": {
#     "schemaVersion": 1,
#     "generatedAtMs": 1790538329430,
#     "summary": {
#       "schemaVersion": 1,
#       "generatedAtMs": 1790538329430,
#       "totals": {
#         "records": 2,
#         "successful": 2,
#         "failed": 0,
#         "p2pHits": 1,
#         "httpFallbacks": 1
#       },
#       "rates": {
#         "availability": 1,
#         "p2pHitRate": 0.5,
#         "httpFallbackRate": 0.5
#       },
#       "latencyMs": {
#         "p50": 100,
#         "p95": 400,
#         "p99": 400
#       },
#       "failureCodes": {
#         "DOPPLER_DISTRIBUTION_P2P_TRANSPORT_UNAVAILABLE": 1
#       },
#       "slo": {
#         "targets": {
#           "minAvailability": 0.995,
#           "minP2PHitRate": 0.5,
#           "maxHttpFallbackRate": 0.5,
#           "maxP95LatencyMs": 5000
#         },
#         "breaches": [],
#         "status": "pass"
#       }
#     },
#     "alerts": []
#   }
# }
# p2p-delivery-observability-script.test: ok
# Subtest: test module initialization completed
ok 1 - test module initialization completed
  ---
  duration_ms: 0.906368
  type: 'test'
  ...
1..1
# tests 1
# suites 0
# pass 1
# fail 0
# cancelled 0
# skipped 0
# todo 0
# duration_ms 95.664851
[node-tests] ok: tests/integration/p2p-delivery-observability-script.test.js
TAP version 13
# p2p-observability.test: ok
# Subtest: test module initialization completed
ok 1 - test module initialization completed
  ---
  duration_ms: 0.921266
  type: 'test'
  ...
1..1
# tests 1
# suites 0
# pass 1
# fail 0
# cancelled 0
# skipped 0
# todo 0
# duration_ms 91.540409
[node-tests] ok: tests/integration/p2p-observability.test.js
TAP version 13
# {
#   "schemaVersion": 1,
#   "generatedAtMs": 1790538330008,
#   "stage": "canary",
#   "summary": {
#     "total": 3,
#     "passed": 3,
#     "failed": 0
#   },
#   "scenarios": [
#     {
#       "id": "origin_outage_p2p_survives",
#       "description": "Origin outage with healthy peers should continue via P2P path.",
#       "status": "pass",
#       "expectedSource": "p2p",
#       "actualSource": "p2p",
#       "durationMs": 3,
#       "failureCodes": {},
#       "deliveryMetrics": {
#         "schemaVersion": 1,
#         "totalDurationMs": 1.100022999999993,
#         "sourceOrder": [
#           "p2p",
#           "http"
#         ],
#         "successSource": "p2p",
#         "attemptCount": 1,
#         "sourceAttempts": {
#           "cache": 0,
#           "p2p": 1,
#           "http": 0
#         },
#         "retries": {
#           "cache": 0,
#           "p2p": 0,
#           "http": 0
#         },
#         "failureCodes": {},
#         "p2pRttMs": {
#           "count": 1,
#           "min": 0.933148000000017,
#           "max": 0.933148000000017,
#           "avg": 0.933148000000017
#         },
#         "httpRttMs": {
#           "count": 0,
#           "min": null,
#           "max": null,
#           "avg": null
#         },
#         "storageWriteMs": null
#       },
#       "error": null
#     },
#     {
#       "id": "peer_collapse_http_fallback",
#       "description": "Peer collapse should degrade to HTTP with deterministic fallback policy.",
#       "status": "pass",
#       "expectedSource": "http",
#       "actualSource": "http",
#       "durationMs": 24,
#       "failureCodes": {
#         "DOPPLER_DISTRIBUTION_P2P_TRANSPORT_UNAVAILABLE": 1
#       },
#       "deliveryMetrics": {
#         "schemaVersion": 1,
#         "totalDurationMs": 23.534748999999977,
#         "sourceOrder": [
#           "p2p",
#           "http"
#         ],
#         "successSource": "http",
#         "attemptCount": 2,
#         "sourceAttempts": {
#           "cache": 0,
#           "p2p": 1,
#           "http": 1
#         },
#         "retries": {
#           "cache": 0,
#           "p2p": 0,
#           "http": 0
#         },
#         "failureCodes": {
#           "DOPPLER_DISTRIBUTION_P2P_TRANSPORT_UNAVAILABLE": 1
#         },
#         "p2pRttMs": {
#           "count": 1,
#           "min": 0.476317999999992,
#           "max": 0.476317999999992,
#           "avg": 0.476317999999992
#         },
#         "httpRttMs": {
#           "count": 1,
#           "min": 23.006102999999996,
#           "max": 23.006102999999996,
#           "avg": 23.006102999999996
#         },
#         "storageWriteMs": null
#       },
#       "error": null
#     },
#     {
#       "id": "anti_rollback_incident_http_recovery",
#       "description": "Anti-rollback incident from P2P should be detected and recovered via HTTP.",
#       "status": "pass",
#       "expectedSource": "http",
#       "actualSource": "http",
#       "durationMs": 0,
#       "failureCodes": {
#         "manifest_version_set_mismatch": 1
#       },
#       "deliveryMetrics": {
#         "schemaVersion": 1,
#         "totalDurationMs": 0.4098319999999944,
#         "sourceOrder": [
#           "p2p",
#           "http"
#         ],
#         "successSource": "http",
#         "attemptCount": 2,
#         "sourceAttempts": {
#           "cache": 0,
#           "p2p": 1,
#           "http": 1
#         },
#         "retries": {
#           "cache": 0,
#           "p2p": 0,
#           "http": 0
#         },
#         "failureCodes": {
#           "manifest_version_set_mismatch": 1
#         },
#         "p2pRttMs": {
#           "count": 1,
#           "min": 0.11612800000000334,
#           "max": 0.11612800000000334,
#           "avg": 0.11612800000000334
#         },
#         "httpRttMs": {
#           "count": 1,
#           "min": 0.28308299999997644,
#           "max": 0.28308299999997644,
#           "avg": 0.28308299999997644
#         },
#         "storageWriteMs": null
#       },
#       "error": null
#     }
#   ]
# }
# p2p-resilience-drill.test: ok
# Subtest: test module initialization completed
ok 1 - test module initialization completed
  ---
  duration_ms: 1.054267
  type: 'test'
  ...
1..1
# tests 1
# suites 0
# pass 1
# fail 0
# cancelled 0
# skipped 0
# todo 0
# duration_ms 210.982878
[node-tests] ok: tests/integration/p2p-resilience-drill.test.js
TAP version 13
# p2p-transport-contract.test: ok
# Subtest: test module initialization completed
ok 1 - test module initialization completed
  ---
  duration_ms: 0.978523
  type: 'test'
  ...
1..1
# tests 1
# suites 0
# pass 1
# fail 0
# cancelled 0
# skipped 0
# todo 0
# duration_ms 96.632104
[node-tests] ok: tests/integration/p2p-transport-contract.test.js
TAP version 13
# p2p-webrtc-browser.test: ok
# Subtest: test module initialization completed
ok 1 - test module initialization completed
  ---
  duration_ms: 0.858317
  type: 'test'
  ...
1..1
# tests 1
# suites 0
# pass 1
# fail 0
# cancelled 0
# skipped 0
# todo 0
# duration_ms 95.957073
[node-tests] ok: tests/integration/p2p-webrtc-browser.test.js
TAP version 13
# partition-layers-physical: skipped; set DOPPLER_PARTITION_MODEL_DIR to a local RDRR generation model
# Subtest: test module initialization completed
ok 1 - test module initialization completed
  ---
  duration_ms: 1.193729
  type: 'test'
  ...
1..1
# tests 1
# suites 0
# pass 1
# fail 0
# cancelled 0
# skipped 0
# todo 0
# duration_ms 295.388443
[node-tests] ok: tests/integration/partition-layers-physical.test.js
TAP version 13
# Subtest: buildProviderReceiptV1
    # Subtest: returns a receipt with version and id
    ok 1 - returns a receipt with version and id
      ---
      duration_ms: 3.557413
      type: 'test'
      ...
    # Subtest: populates source and policyMode
    ok 2 - populates source and policyMode
      ---
      duration_ms: 0.11162
      type: 'test'
      ...
    # Subtest: includes policyId when provided
    ok 3 - includes policyId when provided
      ---
      duration_ms: 0.074541
      type: 'test'
      ...
    # Subtest: defaults policyId to null when not provided
    ok 4 - defaults policyId to null when not provided
      ---
      duration_ms: 0.069511
      type: 'test'
      ...
    # Subtest: populates model fields
    ok 5 - populates model fields
      ---
      duration_ms: 0.076955
      type: 'test'
      ...
    # Subtest: defaults model to empty strings and nulls
    ok 6 - defaults model to empty strings and nulls
      ---
      duration_ms: 0.112833
      type: 'test'
      ...
    # Subtest: builds device snapshot from kernelCapabilities
    ok 7 - builds device snapshot from kernelCapabilities
      ---
      duration_ms: 0.090851
      type: 'test'
      ...
    # Subtest: device is null when no device info provided
    ok 8 - device is null when no device info provided
      ---
      duration_ms: 0.118423
      type: 'test'
      ...
    # Subtest: includes failure info with fine-grained class and extended fields
    ok 9 - includes failure info with fine-grained class and extended fields
      ---
      duration_ms: 0.192503
      type: 'test'
      ...
    # Subtest: defaults new FailureRecord fields to null when unspecified
    ok 10 - defaults new FailureRecord fields to null when unspecified
      ---
      duration_ms: 0.254389
      type: 'test'
      ...
    # Subtest: failure is null when not provided
    ok 11 - failure is null when not provided
      ---
      duration_ms: 0.101441
      type: 'test'
      ...
    # Subtest: includes fallback decision
    ok 12 - includes fallback decision
      ---
      duration_ms: 0.066014
      type: 'test'
      ...
    # Subtest: includes timing fields
    ok 13 - includes timing fields
      ---
      duration_ms: 0.051086
      type: 'test'
      ...
    # Subtest: defaults timing nulls correctly
    ok 14 - defaults timing nulls correctly
      ---
      duration_ms: 0.036279
      type: 'test'
      ...
    # Subtest: includes timestamp
    ok 15 - includes timestamp
      ---
      duration_ms: 0.045085
      type: 'test'
      ...
    # Subtest: defaults diagnoseArtifactRef to null
    ok 16 - defaults diagnoseArtifactRef to null
      ---
      duration_ms: 0.039114
      type: 'test'
      ...
    # Subtest: binds and validates exact local resolution identities
    ok 17 - binds and validates exact local resolution identities
      ---
      duration_ms: 1.020212
      type: 'test'
      ...
    # Subtest: marks opaque provider resolution unavailable instead of inventing identity
    ok 18 - marks opaque provider resolution unavailable instead of inventing identity
      ---
      duration_ms: 0.07402
      type: 'test'
      ...
    1..18
ok 1 - buildProviderReceiptV1
  ---
  duration_ms: 7.149162
  type: 'suite'
  ...
# Subtest: test module initialization completed
ok 2 - test module initialization completed
  ---
  duration_ms: 0.038062
  type: 'test'
  ...
1..2
# tests 19
# suites 1
# pass 19
# fail 0
# cancelled 0
# skipped 0
# todo 0
# duration_ms 103.000645
[node-tests] ok: tests/integration/provider-receipt-v1.test.js
TAP version 13
# qwen-chat-template.test: ok
# Subtest: test module initialization completed
ok 1 - test module initialization completed
  ---
  duration_ms: 1.514945
  type: 'test'
  ...
1..1
# tests 1
# suites 0
# pass 1
# fail 0
# cancelled 0
# skipped 0
# todo 0
# duration_ms 273.100774
[node-tests] ok: tests/integration/qwen-chat-template.test.js
TAP version 13
# qwen-execution-v1-gemv-diagnostic-transforms.test: ok
# Subtest: test module initialization completed
ok 1 - test module initialization completed
  ---
  duration_ms: 1.007258
  type: 'test'
  ...
1..1
# tests 1
# suites 0
# pass 1
# fail 0
# cancelled 0
# skipped 0
# todo 0
# duration_ms 141.33905
[node-tests] ok: tests/integration/qwen-execution-v1-gemv-diagnostic-transforms.test.js
TAP version 13
# [131.2ms][ExecutionV1] Capability transforms applied: [useQwenF16PrimaryMatmuls] (Runtime explicitly requested the selective f16 probe lane for Qwen 3.5 small execution-v1 Q4K models with the shared linear/full attention graph. Promotion remains device- and evidence-specific.)
# [134.5ms][ExecutionV1] Capability transforms applied: [useQwenF16PrimaryMatmuls] (Runtime explicitly requested the selective f16 probe lane for Qwen 3.5 small execution-v1 Q4K models with the shared linear/full attention graph. Promotion remains device- and evidence-specific.)
# [135.2ms][ExecutionV1] Capability transforms applied: [useQwenF16PrimaryMatmuls] (Runtime explicitly requested the selective f16 probe lane for Qwen 3.5 small execution-v1 Q4K models with the shared linear/full attention graph. Promotion remains device- and evidence-specific.)
# qwen-execution-v1-linear-decode-f16.test: ok
# Subtest: test module initialization completed
ok 1 - test module initialization completed
  ---
  duration_ms: 1.057913
  type: 'test'
  ...
1..1
# tests 1
# suites 0
# pass 1
# fail 0
# cancelled 0
# skipped 0
# todo 0
# duration_ms 171.557945
[node-tests] ok: tests/integration/qwen-execution-v1-linear-decode-f16.test.js
TAP version 13
# qwen-harness-explicit-prompt.test: ok
# Subtest: test module initialization completed
ok 1 - test module initialization completed
  ---
  duration_ms: 0.983984
  type: 'test'
  ...
1..1
# tests 1
# suites 0
# pass 1
# fail 0
# cancelled 0
# skipped 0
# todo 0
# duration_ms 323.462437
[node-tests] ok: tests/integration/qwen-harness-explicit-prompt.test.js
TAP version 13
# qwen-linear-attention-regression.test: skipped (set DOPPLER_QWEN35_LINEAR_MODEL_DIR)
# qwen-linear-attention-regression.test: ok
# Subtest: test module initialization completed
ok 1 - test module initialization completed
  ---
  duration_ms: 1.062522
  type: 'test'
  ...
1..1
# tests 1
# suites 0
# pass 1
# fail 0
# cancelled 0
# skipped 0
# todo 0
# duration_ms 314.746602
[node-tests] ok: tests/integration/qwen-linear-attention-regression.test.js
TAP version 13
# Subtest: readbackMode contract
    # Subtest: throws when readbackMode is overlapped and ringStaging < 2
    ok 1 - throws when readbackMode is overlapped and ringStaging < 2
      ---
      duration_ms: 0.866413
      type: 'test'
      ...
    # Subtest: throws when readbackMode is auto and submitLatencyThresholdMs is null
    ok 2 - throws when readbackMode is auto and submitLatencyThresholdMs is null
      ---
      duration_ms: 0.150263
      type: 'test'
      ...
    # Subtest: resolves auto to overlapped when probe exceeds threshold
    ok 3 - resolves auto to overlapped when probe exceeds threshold
      ---
      duration_ms: 0.084539
      type: 'test'
      ...
    # Subtest: resolves auto to sequential when probe is below threshold
    ok 4 - resolves auto to sequential when probe is below threshold
      ---
      duration_ms: 0.051146
      type: 'test'
      ...
    # Subtest: resolved mode is never auto
    ok 5 - resolved mode is never auto
      ---
      duration_ms: 0.136858
      type: 'test'
      ...
    1..5
ok 1 - readbackMode contract
  ---
  duration_ms: 2.1442
  type: 'suite'
  ...
# Subtest: test module initialization completed
ok 2 - test module initialization completed
  ---
  duration_ms: 0.099437
  type: 'test'
  ...
1..2
# tests 6
# suites 1
# pass 6
# fail 0
# cancelled 0
# skipped 0
# todo 0
# duration_ms 95.398881
[node-tests] ok: tests/integration/readback-mode-contract.test.js
TAP version 13
# reports-indexeddb-contract.test: ok
# Subtest: test module initialization completed
ok 1 - test module initialization completed
  ---
  duration_ms: 0.999243
  type: 'test'
  ...
1..1
# tests 1
# suites 0
# pass 1
# fail 0
# cancelled 0
# skipped 0
# todo 0
# duration_ms 127.179989
[node-tests] ok: tests/integration/reports-indexeddb-contract.test.js
TAP version 13
# reports-node-fallback.test: ok
# Subtest: test module initialization completed
ok 1 - test module initialization completed
  ---
  duration_ms: 1.010774
  type: 'test'
  ...
1..1
# tests 1
# suites 0
# pass 1
# fail 0
# cancelled 0
# skipped 0
# todo 0
# duration_ms 114.565248
[node-tests] ok: tests/integration/reports-node-fallback.test.js
TAP version 13
# root-opfs-cache-contract.test: ok
# Subtest: test module initialization completed
ok 1 - test module initialization completed
  ---
  duration_ms: 1.505998
  type: 'test'
  ...
1..1
# tests 1
# suites 0
# pass 1
# fail 0
# cancelled 0
# skipped 0
# todo 0
# duration_ms 332.590547
[node-tests] ok: tests/integration/root-opfs-cache-contract.test.js
TAP version 13
# runtime-embedding-limit-preflight.test: ok
# Subtest: test module initialization completed
ok 1 - test module initialization completed
  ---
  duration_ms: 1.01368
  type: 'test'
  ...
1..1
# tests 1
# suites 0
# pass 1
# fail 0
# cancelled 0
# skipped 0
# todo 0
# duration_ms 331.527014
[node-tests] ok: tests/integration/runtime-embedding-limit-preflight.test.js
TAP version 13
# runtime-input-composition.test: ok
# Subtest: test module initialization completed
ok 1 - test module initialization completed
  ---
  duration_ms: 0.898504
  type: 'test'
  ...
1..1
# tests 1
# suites 0
# pass 1
# fail 0
# cancelled 0
# skipped 0
# todo 0
# duration_ms 105.364851
[node-tests] ok: tests/integration/runtime-input-composition.test.js
TAP version 13
# runtime-model-source-file-url.test: ok
# Subtest: test module initialization completed
ok 1 - test module initialization completed
  ---
  duration_ms: 1.009984
  type: 'test'
  ...
1..1
# tests 1
# suites 0
# pass 1
# fail 0
# cancelled 0
# skipped 0
# todo 0
# duration_ms 171.611817
[node-tests] ok: tests/integration/runtime-model-source-file-url.test.js
TAP version 13
# safetensors-parser-browser-contract.test: ok
# Subtest: test module initialization completed
ok 1 - test module initialization completed
  ---
  duration_ms: 0.964437
  type: 'test'
  ...
1..1
# tests 1
# suites 0
# pass 1
# fail 0
# cancelled 0
# skipped 0
# todo 0
# duration_ms 105.37475
[node-tests] ok: tests/integration/safetensors-parser-browser-contract.test.js
TAP version 13
# shader-cache-node-file-url.test: ok
# Subtest: test module initialization completed
ok 1 - test module initialization completed
  ---
  duration_ms: 0.927628
  type: 'test'
  ...
1..1
# tests 1
# suites 0
# pass 1
# fail 0
# cancelled 0
# skipped 0
# todo 0
# duration_ms 99.825723
[node-tests] ok: tests/integration/shader-cache-node-file-url.test.js
TAP version 13
# shard-manager-existence-check-contract.test: ok
# Subtest: test module initialization completed
ok 1 - test module initialization completed
  ---
  duration_ms: 1.080076
  type: 'test'
  ...
1..1
# tests 1
# suites 0
# pass 1
# fail 0
# cancelled 0
# skipped 0
# todo 0
# duration_ms 171.975012
[node-tests] ok: tests/integration/shard-manager-existence-check-contract.test.js
TAP version 13
# [322.6ms][NodeSourceRuntime] Source runtime ready: llama-3-source-parity-fixture (safetensors, 11 tensors)
# Warning: maxDynamicUniformBuffersPerPipelineLayout artificially reduced from 500000 to 16 to fit dynamic offset allocation limit.
# Warning: maxDynamicStorageBuffersPerPipelineLayout artificially reduced from 500000 to 16 to fit dynamic offset allocation limit.
# [GPU] amd rdna-3, f16/subgroups, 4.0GB, submit probe: 0.4ms
# [374.4ms][Pipeline] Execution v1 enabled (steps=4, kernelPathInline=no, pipelineInline=no)
# [374.5ms][Config] Using manifest-first config (source of truth)
# [378.4ms][Pipeline] Resolved session applied (llama-3-source-parity-fixture): batchSize=1, stopCheckMode=batch, readbackInterval=1, disableCommandBatching=false
# [378.6ms][Pipeline] KernelPath: none (execution graph transforms handle capability adaptation)
# [378.9ms][Pipeline] 1L/2H/1heads (2dim), kernelPath=none
# [379.3ms][Tokenizer] Loading bundled tokenizer from tokenizer.json
# [379.9ms][Tokenizer] HuggingFace model.type="BPE", using type="bpe"
# [380.3ms][Tokenizer] Loaded HuggingFace 5 tokens (bpe), 0 special patterns, 0 merges
# [381.1ms][Pipeline] KV cache allocated: kvDtype=f32, maxSeqLen=8, layout=contiguous, modelMaxSeqLen=8, requestedKvDtype=f32, requestedMaxSeqLen=4096
# [381.4ms][Pipeline] Execution plan: active=primary, dtype=f32, kernelPath=none
# [383.2ms][ShardCache] Custom shard loader configured
# [383.4ms][Loader] Initializing...
# [394.4ms][HeapManager] Allocated segment 0: 1024MB
# [394.5ms][HeapManager] Segmented heap: 1GB per segment
# [394.5ms][HeapManager] Initialized with strategy: SEGMENTED
# [394.5ms][Loader] Initialized (f16, subgroups)
# [395.0ms][Loader] Loading: llama-3-source-parity-fixture
# [397.2ms][Loader] [0.0s] Memory (start): | RSS=199.16 MB (heap=20.62 MB/54.52 MB, external=1.00 GB, arrayBuffers=1.00 GB) | GPU=0 B (0 active, 0 pooled, peak=0 B) | ShardCache=0 B (0 shards) | Layers=0, GPUBuffers=0
# [397.6ms][Loader] Dense model on discrete GPU - performance limited. Consider MoE model.
# [398.8ms][Loader] Embedding "model.embed_tokens.weight" GPU-resident: shouldStreamLargeWeight returned false.
# [401.1ms][Loader] Embeddings tensor loaded: name=model.embed_tokens.weight, hasShape=true, shape=[5,2], isWeightBuffer=true
# [401.4ms][Loader] Layers: 0-0
# [404.9ms][Loader] Layers: 1 complete (0.00s)
# [405.9ms][Loader] Complete: 208 B in 0.01s (25.39 KB/s)
# [406.2ms][Loader] [0.0s] Memory (complete): | RSS=199.41 MB (heap=22.58 MB/55.02 MB, external=1.00 GB, arrayBuffers=1.00 GB) | GPU=2.75 KB (11 active, 0 pooled, peak=2.75 KB) | ShardCache=0 B (0 shards) | Layers=1, GPUBuffers=11
# [412.2ms][Pipeline] Model loaded successfully (40ms)
# [432.6ms][KernelSelect] matmul variant=f32 reason=default
# [443.0ms][KernelSelect] attention variant=decode_subgroup reason=subgroup_capable
# [466.8ms][ExpertCache] Cache cleared
# [467.0ms][Pipeline] Unloaded
# [467.9ms][Pipeline] Execution v1 enabled (steps=4, kernelPathInline=no, pipelineInline=no)
# [467.9ms][Config] Using manifest-first config (source of truth)
# [468.3ms][Pipeline] Resolved session applied (llama-3-source-parity-fixture): batchSize=1, stopCheckMode=batch, readbackInterval=1, disableCommandBatching=false
# [468.3ms][Pipeline] KernelPath: none (execution graph transforms handle capability adaptation)
# [468.3ms][Pipeline] 1L/2H/1heads (2dim), kernelPath=none
# [468.4ms][Tokenizer] Loading bundled tokenizer from tokenizer.json
# [468.4ms][Tokenizer] Bundled tokenizer cache hit: tokenizer.json
# [468.5ms][Pipeline] KV cache allocated: kvDtype=f32, maxSeqLen=8, layout=contiguous, modelMaxSeqLen=8, requestedKvDtype=f32, requestedMaxSeqLen=4096
# [468.6ms][Pipeline] Execution plan: active=primary, dtype=f32, kernelPath=none
# [469.3ms][ShardCache] Custom shard loader configured
# [469.3ms][Loader] Initializing...
# [473.5ms][Loader] Initialized (f16, subgroups)
# [473.6ms][Loader] Loading: llama-3-source-parity-fixture
# [473.7ms][Loader] [0.0s] Memory (start): | RSS=208.91 MB (heap=26.46 MB/57.77 MB, external=2.00 GB, arrayBuffers=2.00 GB) | GPU=0 B (0 active, 0 pooled, peak=8.75 KB) | ShardCache=0 B (0 shards) | Layers=0, GPUBuffers=0
# [474.1ms][Loader] Embedding "model.embed_tokens.weight" GPU-resident: shouldStreamLargeWeight returned false.
# [473.8ms][Loader] Dense model on discrete GPU - performance limited. Consider MoE model.
# [475.5ms][Loader] Embeddings tensor loaded: name=model.embed_tokens.weight, hasShape=true, shape=[5,2], isWeightBuffer=true
# [475.6ms][Loader] Layers: 0-0
# [482.3ms][Loader] Layers: 1 complete (0.01s)
# [482.9ms][Loader] Complete: 208 B in 0.01s (22.57 KB/s)
# [483.1ms][Loader] [0.0s] Memory (complete): | RSS=209.41 MB (heap=22.71 MB/59.77 MB, external=1.00 GB, arrayBuffers=1.00 GB) | GPU=2.75 KB (11 active, 0 pooled, peak=8.75 KB) | ShardCache=0 B (0 shards) | Layers=1, GPUBuffers=11
# [483.8ms][Pipeline] Model loaded successfully (16ms)
# [493.3ms][ExpertCache] Cache cleared
# [493.5ms][Pipeline] Unloaded
# source-runtime-parity.test: ok
# Subtest: test module initialization completed
ok 1 - test module initialization completed
  ---
  duration_ms: 1.057674
  type: 'test'
  ...
1..1
# tests 1
# suites 0
# pass 1
# fail 0
# cancelled 0
# skipped 0
# todo 0
# duration_ms 545.494056
[node-tests] ok: tests/integration/source-runtime-parity.test.js
TAP version 13
# storage-registry-contract.test: ok
# Subtest: test module initialization completed
ok 1 - test module initialization completed
  ---
  duration_ms: 1.076558
  type: 'test'
  ...
1..1
# tests 1
# suites 0
# pass 1
# fail 0
# cancelled 0
# skipped 0
# todo 0
# duration_ms 183.83977
[node-tests] ok: tests/integration/storage-registry-contract.test.js
TAP version 13
# stored-source-artifact-synthesis-contract.test: ok
# Subtest: test module initialization completed
ok 1 - test module initialization completed
  ---
  duration_ms: 1.10929
  type: 'test'
  ...
1..1
# tests 1
# suites 0
# pass 1
# fail 0
# cancelled 0
# skipped 0
# todo 0
# duration_ms 163.86011
[node-tests] ok: tests/integration/stored-source-artifact-synthesis-contract.test.js
TAP version 13
# tensor-source-http-contract.test: ok
# Subtest: test module initialization completed
ok 1 - test module initialization completed
  ---
  duration_ms: 0.91793
  type: 'test'
  ...
1..1
# tests 1
# suites 0
# pass 1
# fail 0
# cancelled 0
# skipped 0
# todo 0
# duration_ms 85.141942
[node-tests] ok: tests/integration/tensor-source-http-contract.test.js
TAP version 13
# tooling-browser-export-surface.test: ok
# Subtest: test module initialization completed
ok 1 - test module initialization completed
  ---
  duration_ms: 1.062112
  type: 'test'
  ...
1..1
# tests 1
# suites 0
# pass 1
# fail 0
# cancelled 0
# skipped 0
# todo 0
# duration_ms 926.042277
[node-tests] ok: tests/integration/tooling-browser-export-surface.test.js
TAP version 13
# training-command-malformed-surface.test: ok
# Subtest: test module initialization completed
ok 1 - test module initialization completed
  ---
  duration_ms: 1.599845
  type: 'test'
  ...
1..1
# tests 1
# suites 0
# pass 1
# fail 0
# cancelled 0
# skipped 0
# todo 0
# duration_ms 354.424022
[node-tests] ok: tests/integration/training-command-malformed-surface.test.js
TAP version 13
# Warning: maxDynamicUniformBuffersPerPipelineLayout artificially reduced from 500000 to 16 to fit dynamic offset allocation limit.
# Warning: maxDynamicStorageBuffersPerPipelineLayout artificially reduced from 500000 to 16 to fit dynamic offset allocation limit.
# [GPU] amd rdna-3, f16/subgroups, 4.0GB, submit probe: 0.4ms
# [339.9ms][KernelSelect] matmul variant=f32 reason=default
# training-force-resume-lineage.test: ok
# Subtest: test module initialization completed
ok 1 - test module initialization completed
  ---
  duration_ms: 1.112817
  type: 'test'
  ...
1..1
# tests 1
# suites 0
# pass 1
# fail 0
# cancelled 0
# skipped 0
# todo 0
# duration_ms 423.693905
[node-tests] ok: tests/integration/training-force-resume-lineage.test.js
TAP version 13
# Warning: maxDynamicUniformBuffersPerPipelineLayout artificially reduced from 500000 to 16 to fit dynamic offset allocation limit.
# Warning: maxDynamicStorageBuffersPerPipelineLayout artificially reduced from 500000 to 16 to fit dynamic offset allocation limit.
# [GPU] amd rdna-3, f16/subgroups, 4.0GB, submit probe: 0.4ms
# [321.1ms][KernelSelect] matmul variant=f32 reason=default
# training-intent-split.test: ok
# Subtest: test module initialization completed
ok 1 - test module initialization completed
  ---
  duration_ms: 1.16219
  type: 'test'
  ...
1..1
# tests 1
# suites 0
# pass 1
# fail 0
# cancelled 0
# skipped 0
# todo 0
# duration_ms 404.371113
[node-tests] ok: tests/integration/training-intent-split.test.js
TAP version 13
# training-operator-command-api.test: ok
# Subtest: test module initialization completed
ok 1 - test module initialization completed
  ---
  duration_ms: 0.929642
  type: 'test'
  ...
1..1
# tests 1
# suites 0
# pass 1
# fail 0
# cancelled 0
# skipped 0
# todo 0
# duration_ms 107.569736
[node-tests] ok: tests/integration/training-operator-command-api.test.js
TAP version 13
# Warning: maxDynamicUniformBuffersPerPipelineLayout artificially reduced from 500000 to 16 to fit dynamic offset allocation limit.
# Warning: maxDynamicStorageBuffersPerPipelineLayout artificially reduced from 500000 to 16 to fit dynamic offset allocation limit.
# [GPU] amd rdna-3, f16/subgroups, 4.0GB, submit probe: 0.4ms
# [412.7ms][KernelSelect] matmul variant=f32 reason=default
# training-report-lineage.test: ok
# Subtest: test module initialization completed
ok 1 - test module initialization completed
  ---
  duration_ms: 1.515716
  type: 'test'
  ...
1..1
# tests 1
# suites 0
# pass 1
# fail 0
# cancelled 0
# skipped 0
# todo 0
# duration_ms 518.626207
[node-tests] ok: tests/integration/training-report-lineage.test.js
TAP version 13
# translategemma-harness-explicit-prompt.test: ok
# Subtest: test module initialization completed
ok 1 - test module initialization completed
  ---
  duration_ms: 1.030071
  type: 'test'
  ...
1..1
# tests 1
# suites 0
# pass 1
# fail 0
# cancelled 0
# skipped 0
# todo 0
# duration_ms 340.278005
[node-tests] ok: tests/integration/translategemma-harness-explicit-prompt.test.js
TAP version 13
# translategemma-q4k-regression.test: skipped (legacy TranslateGemma Q4K is outside the current Gemma 4/Qwen 3.5 release focus)
# translategemma-q4k-regression.test: ok
# Subtest: test module initialization completed
ok 1 - test module initialization completed
  ---
  duration_ms: 1.062602
  type: 'test'
  ...
1..1
# tests 1
# suites 0
# pass 1
# fail 0
# cancelled 0
# skipped 0
# todo 0
# duration_ms 320.71488
[node-tests] ok: tests/integration/translategemma-q4k-regression.test.js
TAP version 13
# ul-command-threading-parity.test: ok
# Subtest: test module initialization completed
ok 1 - test module initialization completed
  ---
  duration_ms: 1.237352
  type: 'test'
  ...
1..1
# tests 1
# suites 0
# pass 1
# fail 0
# cancelled 0
# skipped 0
# todo 0
# duration_ms 349.258609
[node-tests] ok: tests/integration/ul-command-threading-parity.test.js
TAP version 13
# Warning: maxDynamicUniformBuffersPerPipelineLayout artificially reduced from 500000 to 16 to fit dynamic offset allocation limit.
# Warning: maxDynamicStorageBuffersPerPipelineLayout artificially reduced from 500000 to 16 to fit dynamic offset allocation limit.
# [GPU] amd rdna-3, f16/subgroups, 4.0GB, submit probe: 0.7ms
# [353.6ms][KernelSelect] matmul variant=f32 reason=default
# ul-stage-workflow-regression.test: ok
# Subtest: test module initialization completed
ok 1 - test module initialization completed
  ---
  duration_ms: 1.058454
  type: 'test'
  ...
1..1
# tests 1
# suites 0
# pass 1
# fail 0
# cancelled 0
# skipped 0
# todo 0
# duration_ms 457.294574
[node-tests] ok: tests/integration/ul-stage-workflow-regression.test.js
TAP version 13
# doppler-loader-gpu-tensor-contract.test: ok
# Subtest: test module initialization completed
ok 1 - test module initialization completed
  ---
  duration_ms: 1.148514
  type: 'test'
  ...
1..1
# tests 1
# suites 0
# pass 1
# fail 0
# cancelled 0
# skipped 0
# todo 0
# duration_ms 240.399573
[node-tests] ok: tests/loader/doppler-loader-gpu-tensor-contract.test.js
TAP version 13
# dtype-utils.test: ok
# Subtest: test module initialization completed
ok 1 - test module initialization completed
  ---
  duration_ms: 0.87021
  type: 'test'
  ...
1..1
# tests 1
# suites 0
# pass 1
# fail 0
# cancelled 0
# skipped 0
# todo 0
# duration_ms 123.056179
[node-tests] ok: tests/loader/dtype-utils.test.js
TAP version 13
# [195.3ms][Loader] Embedding "model.language_model.embed_tokens.weight" GPU-resident: shouldStreamLargeWeight returned false.
# [197.2ms][Loader] Embedding "model.language_model.embed_tokens.weight" GPU-resident: shouldStreamLargeWeight returned false.
# [197.8ms][Loader] Embedding "model.language_model.embed_tokens.weight" stored as split GPU sections (7 sections, dtype=f16, layout=row).
# [198.1ms][Loader] Embeddings tensor loaded: name=model.language_model.embed_tokens.weight, hasShape=true, shape=[14,16], isWeightBuffer=false
# embedding-loader-limit.test: ok
# Subtest: test module initialization completed
ok 1 - test module initialization completed
  ---
  duration_ms: 1.085465
  type: 'test'
  ...
1..1
# tests 1
# suites 0
# pass 1
# fail 0
# cancelled 0
# skipped 0
# todo 0
# duration_ms 238.168238
[node-tests] ok: tests/loader/embedding-loader-limit.test.js
TAP version 13
# expert-loader-gemma4.test: ok
# Subtest: test module initialization completed
ok 1 - test module initialization completed
  ---
  duration_ms: 1.127434
  type: 'test'
  ...
1..1
# tests 1
# suites 0
# pass 1
# fail 0
# cancelled 0
# skipped 0
# todo 0
# duration_ms 224.023493
[node-tests] ok: tests/loader/expert-loader-gemma4.test.js
TAP version 13
# [189.9ms][Loader] [FinalNorm] Falling back to role-only final norm selection because tensor groups are missing in manifest.
# final-norm-selection.test: ok
# Subtest: test module initialization completed
ok 1 - test module initialization completed
  ---
  duration_ms: 1.181226
  type: 'test'
  ...
1..1
# tests 1
# suites 0
# pass 1
# fail 0
# cancelled 0
# skipped 0
# todo 0
# duration_ms 232.216954
[node-tests] ok: tests/loader/final-norm-selection.test.js
TAP version 13
# functional-descriptor-loader.test: ok
# Subtest: test module initialization completed
ok 1 - test module initialization completed
  ---
  duration_ms: 1.102177
  type: 'test'
  ...
1..1
# tests 1
# suites 0
# pass 1
# fail 0
# cancelled 0
# skipped 0
# todo 0
# duration_ms 253.028792
[node-tests] ok: tests/loader/functional-descriptor-loader.test.js
TAP version 13
# gguf-types-safe-int.test: ok
# Subtest: test module initialization completed
ok 1 - test module initialization completed
  ---
  duration_ms: 0.988844
  type: 'test'
  ...
1..1
# tests 1
# suites 0
# pass 1
# fail 0
# cancelled 0
# skipped 0
# todo 0
# duration_ms 117.662265
[node-tests] ok: tests/loader/gguf-types-safe-int.test.js
TAP version 13
# glmocr-layer-norm-aliases.test: ok
# Subtest: test module initialization completed
ok 1 - test module initialization completed
  ---
  duration_ms: 1.054637
  type: 'test'
  ...
1..1
# tests 1
# suites 0
# pass 1
# fail 0
# cancelled 0
# skipped 0
# todo 0
# duration_ms 225.85205
[node-tests] ok: tests/loader/glmocr-layer-norm-aliases.test.js
TAP version 13
# Warning: maxDynamicUniformBuffersPerPipelineLayout artificially reduced from 500000 to 16 to fit dynamic offset allocation limit.
# Warning: maxDynamicStorageBuffersPerPipelineLayout artificially reduced from 500000 to 16 to fit dynamic offset allocation limit.
# [GPU] amd rdna-3, f16/subgroups, 4.0GB, submit probe: 0.4ms
# layer-loader-affine-norm.test: declared affine biases retained; missing biases remain null
# Subtest: test module initialization completed
ok 1 - test module initialization completed
  ---
  duration_ms: 2.246013
  type: 'test'
  ...
1..1
# tests 1
# suites 0
# pass 1
# fail 0
# cancelled 0
# skipped 0
# todo 0
# duration_ms 280.839059
[node-tests] ok: tests/loader/layer-loader-affine-norm.test.js
TAP version 13
# Warning: maxDynamicUniformBuffersPerPipelineLayout artificially reduced from 500000 to 16 to fit dynamic offset allocation limit.
# Warning: maxDynamicStorageBuffersPerPipelineLayout artificially reduced from 500000 to 16 to fit dynamic offset allocation limit.
# [GPU] amd rdna-3, f16/subgroups, 4.0GB, submit probe: 0.8ms
# layer-loader-conv-precision.test: ok
# Subtest: test module initialization completed
ok 1 - test module initialization completed
  ---
  duration_ms: 1.588393
  type: 'test'
  ...
1..1
# tests 1
# suites 0
# pass 1
# fail 0
# cancelled 0
# skipped 0
# todo 0
# duration_ms 323.748067
[node-tests] ok: tests/loader/layer-loader-conv-precision.test.js
TAP version 13
# Warning: maxDynamicUniformBuffersPerPipelineLayout artificially reduced from 500000 to 16 to fit dynamic offset allocation limit.
# Warning: maxDynamicStorageBuffersPerPipelineLayout artificially reduced from 500000 to 16 to fit dynamic offset allocation limit.
# [GPU] amd rdna-3, f16/subgroups, 4.0GB, submit probe: 0.4ms
# layer-loader-gemma4-ple-projection-stability.test: ok
# Subtest: test module initialization completed
ok 1 - test module initialization completed
  ---
  duration_ms: 1.455643
  type: 'test'
  ...
1..1
# tests 1
# suites 0
# pass 1
# fail 0
# cancelled 0
# skipped 0
# todo 0
# duration_ms 308.024487
[node-tests] ok: tests/loader/layer-loader-gemma4-ple-projection-stability.test.js
TAP version 13
# layer-loader-qk-norm-shape.test: ok
# Subtest: test module initialization completed
ok 1 - test module initialization completed
  ---
  duration_ms: 1.282066
  type: 'test'
  ...
1..1
# tests 1
# suites 0
# pass 1
# fail 0
# cancelled 0
# skipped 0
# todo 0
# duration_ms 226.857174
[node-tests] ok: tests/loader/layer-loader-qk-norm-shape.test.js
TAP version 13
# [205.0ms][Loader] Loading: synthetic-transformer
# [206.2ms][Loader] Layers: 0-1
# [208.8ms][Loader] Layers: 2 complete (0.00s)
# [208.8ms][Loader] Complete: 0 B in 0.00s (0 B/s)
# [209.8ms][Loader] Loading: synthetic-transformer
# [209.9ms][Loader] Layers: 2-3
# [212.1ms][Loader] Layers: 2 complete (0.00s)
# [212.2ms][Loader] Complete: 0 B in 0.00s (0 B/s)
# [212.4ms][Loader] Loading: synthetic-transformer
# [212.5ms][Loader] Layers: 0-1
# [214.8ms][Loader] Layers: 2 complete (0.00s)
# [214.9ms][Loader] Complete: 0 B in 0.00s (0 B/s)
# [215.0ms][Loader] Loading: synthetic-transformer
# [215.1ms][Loader] Layers: 2-3
# [217.5ms][Loader] Layers: 2 complete (0.00s)
# [217.6ms][Loader] Complete: 0 B in 0.00s (0 B/s)
# [218.0ms][Loader] Loading: synthetic-transformer
# [218.1ms][Loader] Layers: 0-3
# [222.7ms][Loader] Layers: 4 complete (0.00s)
# [222.8ms][Loader] Complete: 0 B in 0.00s (0 B/s)
# [222.9ms][Loader] Loading: synthetic-transformer
# [223.1ms][Loader] Layers: 2-3
# [223.6ms][Loader] Loading: synthetic-transformer
# [223.8ms][Loader] Loading: synthetic-transformer
# [224.0ms][Loader] Loading: synthetic-transformer
# [224.4ms][Loader] Loading: synthetic-transformer
# [224.6ms][Loader] Loading: synthetic-transformer
# [224.9ms][Loader] Loading: synthetic-transformer
# [225.0ms][Loader] Layers: 0-1
# [227.1ms][Loader] Layers: 2 complete (0.00s)
# [227.2ms][Loader] Complete: 0 B in 0.00s (0 B/s)
# layer-partition-loading.test: passed (materialization coordination only)
# Subtest: test module initialization completed
ok 1 - test module initialization completed
  ---
  duration_ms: 1.023489
  type: 'test'
  ...
1..1
# tests 1
# suites 0
# pass 1
# fail 0
# cancelled 0
# skipped 0
# todo 0
# duration_ms 266.879072
[node-tests] ok: tests/loader/layer-partition-loading.test.js
TAP version 13
# manifest-config.test: ok
# Subtest: test module initialization completed
ok 1 - test module initialization completed
  ---
  duration_ms: 0.956392
  type: 'test'
  ...
1..1
# tests 1
# suites 0
# pass 1
# fail 0
# cancelled 0
# skipped 0
# todo 0
# duration_ms 128.633129
[node-tests] ok: tests/loader/manifest-config.test.js
TAP version 13
# [79.5ms][Loader] [0.0s] Memory (start): | RSS=70.83 MB (heap=8.96 MB/15.27 MB, external=2.26 MB, arrayBuffers=86.57 KB) | ShardCache=0 B (0 shards) | Layers=0, GPUBuffers=0
# [80.0ms][Loader] [0.0s] Memory (start): | RSS=70.83 MB (heap=8.99 MB/15.27 MB, external=2.26 MB, arrayBuffers=86.57 KB) | ShardCache=0 B (0 shards) | Layers=0, GPUBuffers=0
# [80.1ms][Loader] [0.0s] Memory (done): | RSS=70.83 MB (heap=9.00 MB/15.27 MB, external=2.26 MB, arrayBuffers=86.57 KB) | ShardCache=0 B (0 shards) | Layers=0, GPUBuffers=0
# memory-monitor.test: ok
# Subtest: test module initialization completed
ok 1 - test module initialization completed
  ---
  duration_ms: 0.957815
  type: 'test'
  ...
1..1
# tests 1
# suites 0
# pass 1
# fail 0
# cancelled 0
# skipped 0
# todo 0
# duration_ms 116.468656
[node-tests] ok: tests/loader/memory-monitor.test.js
TAP version 13
# multi-model-loader-lifecycle.test: ok
# Subtest: test module initialization completed
ok 1 - test module initialization completed
  ---
  duration_ms: 1.083562
  type: 'test'
  ...
1..1
# tests 1
# suites 0
# pass 1
# fail 0
# cancelled 0
# skipped 0
# todo 0
# duration_ms 300.870337
[node-tests] ok: tests/loader/multi-model-loader-lifecycle.test.js
TAP version 13
# [150.2ms][Loader] Per-layer input tensor loaded: perLayerProjectionNorm <- model.language_model.per_layer_projection_norm.weight
# [151.0ms][Loader] Per-layer input tensor loaded: perLayerModelProjection <- model.language_model.per_layer_model_projection.weight
# [151.1ms][Loader] Per-layer input tensor loaded: embedTokensPerLayer <- model.language_model.embed_tokens_per_layer.weight (cpu_resident)
# [151.9ms][Loader] Per-layer input tensor loaded: perLayerProjectionNorm <- model.language_model.per_layer_projection_norm.weight
# [151.9ms][Loader] Per-layer input tensor loaded: perLayerModelProjectionInputActivationStaticScale <- model.language_model.per_layer_model_projection.input_activation_static_scale (cpu scalar)
# [152.0ms][Loader] Per-layer input tensor loaded: perLayerModelProjectionOutputActivationStaticScale <- model.language_model.per_layer_model_projection.output_activation_static_scale (cpu scalar)
# [152.1ms][Loader] Per-layer input tensor loaded: perLayerModelProjection <- model.language_model.per_layer_model_projection.weight
# [152.1ms][Loader] Per-layer input tensor loaded: embedTokensPerLayer <- model.language_model.embed_tokens_per_layer.weight (cpu_resident)
# [152.3ms][Loader] Per-layer input tensor loaded: perLayerProjectionNorm <- model.language_model.per_layer_projection_norm.weight
# [152.5ms][Loader] Per-layer input tensor loaded: perLayerModelProjectionInputActivationStaticScale <- model.language_model.per_layer_model_projection.input_activation_static_scale (cpu scalar)
# [152.6ms][Loader] Per-layer input tensor loaded: perLayerModelProjection <- model.language_model.per_layer_model_projection.weight
# [152.6ms][Loader] Per-layer input tensor loaded: embedTokensPerLayer <- model.language_model.embed_tokens_per_layer.weight (cpu_resident)
# [152.9ms][Loader] Per-layer input tensor loaded: perLayerModelProjection <- model.language_model.per_layer_model_projection.weight (range-backed CPU source)
# [153.0ms][Loader] Per-layer input tensor loaded: perLayerProjectionNorm <- model.language_model.per_layer_projection_norm.weight
# [153.1ms][Loader] Per-layer input tensor loaded: embedTokensPerLayer <- model.language_model.embed_tokens_per_layer.weight (range-backed CPU source)
# [153.5ms][Loader] Per-layer input tensor loaded: perLayerProjectionNorm <- model.language_model.per_layer_projection_norm.weight
# [153.6ms][Loader] Per-layer input projection "model.language_model.per_layer_model_projection.weight" materialized to 2048 bytes, but its declared shape/dtype requires 4096 bytes. Falling back to range-backed CPU source to preserve manifest tensor contract.
# [153.7ms][Loader] Per-layer input tensor loaded: perLayerModelProjection <- model.language_model.per_layer_model_projection.weight (range-backed CPU source)
# [153.7ms][Loader] Per-layer input tensor loaded: embedTokensPerLayer <- model.language_model.embed_tokens_per_layer.weight (gpu_resident)
# [153.8ms][Loader] Per-layer input tensor loaded: perLayerProjectionNorm <- model.language_model.per_layer_projection_norm.weight
# [153.8ms][Loader] Per-layer input tensor loaded: perLayerModelProjection <- model.language_model.per_layer_model_projection.weight
# [153.8ms][Loader] Per-layer input tensor loaded: embedTokensPerLayer <- model.language_model.embed_tokens_per_layer.weight (gpu_resident)
# [155.1ms][Loader] Per-layer input tensor loaded: perLayerProjectionNorm <- model.language_model.per_layer_projection_norm.weight
# [155.1ms][Loader] Per-layer input tensor loaded: perLayerModelProjection <- model.language_model.per_layer_model_projection.weight (reference q4k -> f32)
# [155.1ms][Loader] Per-layer input tensor loaded: embedTokensPerLayer <- model.language_model.embed_tokens_per_layer.weight (gpu_resident)
# [155.2ms][Loader] Per-layer input tensor loaded: embedTokensPerLayer <- model.language_model.layers.0.embed_tokens_per_layer.weight (gpu_resident)
# [155.3ms][Loader] Per-layer input tensor loaded: embedTokensPerLayer <- model.language_model.layers.1.embed_tokens_per_layer.weight (gpu_resident)
# [155.3ms][Loader] Per-layer input tensor loaded: perLayerProjectionNorm <- model.language_model.per_layer_projection_norm.weight
# [155.3ms][Loader] Per-layer input tensor loaded: perLayerModelProjection <- model.language_model.per_layer_model_projection.weight
# per-layer-input-loader.test: ok
# Subtest: test module initialization completed
ok 1 - test module initialization completed
  ---
  duration_ms: 1.060859
  type: 'test'
  ...
1..1
# tests 1
# suites 0
# pass 1
# fail 0
# cancelled 0
# skipped 0
# todo 0
# duration_ms 191.811574
[node-tests] ok: tests/loader/per-layer-input-loader.test.js
TAP version 13
# rdrr-tensor-map-reader.test: ok
# Subtest: test module initialization completed
ok 1 - test module initialization completed
  ---
  duration_ms: 1.075547
  type: 'test'
  ...
1..1
# tests 1
# suites 0
# pass 1
# fail 0
# cancelled 0
# skipped 0
# todo 0
# duration_ms 192.182463
[node-tests] ok: tests/loader/rdrr-tensor-map-reader.test.js
TAP version 13
# [217.6ms][ExpertCache] Cache cleared
# loader-runtime-cleanup.test: ok
# Subtest: test module initialization completed
ok 1 - test module initialization completed
  ---
  duration_ms: 1.541725
  type: 'test'
  ...
1..1
# tests 1
# suites 0
# pass 1
# fail 0
# cancelled 0
# skipped 0
# todo 0
# duration_ms 257.829118
[node-tests] ok: tests/loader/runtime-cleanup.test.js
TAP version 13
# shard-cache-fallbacks.test: ok
# Subtest: test module initialization completed
ok 1 - test module initialization completed
  ---
  duration_ms: 1.14094
  type: 'test'
  ...
1..1
# tests 1
# suites 0
# pass 1
# fail 0
# cancelled 0
# skipped 0
# todo 0
# duration_ms 182.07179
[node-tests] ok: tests/loader/shard-cache-fallbacks.test.js
TAP version 13
# [97.2ms][Loader] Embedding weight "model.language_model.embed_tokens.weight" forced GPU-resident via inference.largeWeights.gpuResidentOverrides.
# should-stream-large-weight-overrides.test: ok
# Subtest: test module initialization completed
ok 1 - test module initialization completed
  ---
  duration_ms: 1.059717
  type: 'test'
  ...
1..1
# tests 1
# suites 0
# pass 1
# fail 0
# cancelled 0
# skipped 0
# todo 0
# duration_ms 135.379522
[node-tests] ok: tests/loader/should-stream-large-weight-overrides.test.js
TAP version 13
# source-transform-contract-matrix.test: ok
# Subtest: test module initialization completed
ok 1 - test module initialization completed
  ---
  duration_ms: 1.108669
  type: 'test'
  ...
1..1
# tests 1
# suites 0
# pass 1
# fail 0
# cancelled 0
# skipped 0
# todo 0
# duration_ms 173.412031
[node-tests] ok: tests/loader/source-transform-contract-matrix.test.js
TAP version 13
# [256.9ms][Loader] Embedding "embed.weight" GPU-resident: shouldStreamLargeWeight returned false.
# [257.7ms][Loader] Embeddings tensor loaded: name=embed.weight, hasShape=true, shape=[2,2], isWeightBuffer=false
# [257.9ms][Loader] Embedding "embed.weight" range-backed: F16 source on device without shader-f16 support.
# [257.9ms][Loader] Embeddings tensor loaded: name=embed.weight, hasShape=true, shape=[2,2], isWeightBuffer=false
# [258.0ms][Loader] Embeddings stored on CPU for chunked gather (layout=row)
# [258.9ms][Loader] Embedding "embed.weight" range-backed: sourceTransform.kind="litert_axis_blocked_dequant" defers full materialization.
# [258.9ms][Loader] Embeddings tensor loaded: name=embed.weight, hasShape=true, shape=[4,4], isWeightBuffer=false
# [258.9ms][Loader] Embeddings stored on CPU via range-backed source (layout=row)
# tensor-loader-cleanup.test: ok
# Subtest: test module initialization completed
ok 1 - test module initialization completed
  ---
  duration_ms: 1.080206
  type: 'test'
  ...
1..1
# tests 1
# suites 0
# pass 1
# fail 0
# cancelled 0
# skipped 0
# todo 0
# duration_ms 300.864636
[node-tests] ok: tests/loader/tensor-loader-cleanup.test.js
TAP version 13
# tensor-loader-q4k-parity-probe-contract.test: ok
# Subtest: test module initialization completed
ok 1 - test module initialization completed
  ---
  duration_ms: 0.919002
  type: 'test'
  ...
1..1
# tests 1
# suites 0
# pass 1
# fail 0
# cancelled 0
# skipped 0
# todo 0
# duration_ms 95.077557
[node-tests] ok: tests/loader/tensor-loader-q4k-parity-probe-contract.test.js
TAP version 13
# [230.4ms][Loader] Q4K dense materialization for "low_limit_q4k_down_proj" would require 2097152 bytes, exceeding maxStorageBufferBindingSize=1048576; retaining packed Q4K for fused matmul.
# tensor-loader-q4k-reference-path.test: ok
# Subtest: test module initialization completed
ok 1 - test module initialization completed
  ---
  duration_ms: 1.304699
  type: 'test'
  ...
1..1
# tests 1
# suites 0
# pass 1
# fail 0
# cancelled 0
# skipped 0
# todo 0
# duration_ms 273.46828
[node-tests] ok: tests/loader/tensor-loader-q4k-reference-path.test.js
TAP version 13
# tensor-loader-weight-ownership.test: ok
# Subtest: test module initialization completed
ok 1 - test module initialization completed
  ---
  duration_ms: 1.26286
  type: 'test'
  ...
1..1
# tests 1
# suites 0
# pass 1
# fail 0
# cancelled 0
# skipped 0
# todo 0
# duration_ms 273.815184
[node-tests] ok: tests/loader/tensor-loader-weight-ownership.test.js
TAP version 13
# tensor-source-transform.test: ok
# Subtest: test module initialization completed
ok 1 - test module initialization completed
  ---
  duration_ms: 1.250366
  type: 'test'
  ...
1..1
# tests 1
# suites 0
# pass 1
# fail 0
# cancelled 0
# skipped 0
# todo 0
# duration_ms 292.925115
[node-tests] ok: tests/loader/tensor-source-transform.test.js
TAP version 13
# [85.8ms][HeapManager] Allocated segment 0: 1024MB
# [86.3ms][HeapManager] Segmented heap: 1GB per segment
# [86.4ms][HeapManager] Initialized with strategy: SEGMENTED
# [88.3ms][HeapManager] Allocated segment 0: 1024MB
# [88.4ms][HeapManager] Segmented heap: 1GB per segment
# [88.4ms][HeapManager] Initialized with strategy: SEGMENTED
# [91.4ms][HeapManager] Allocated segment 0: 1024MB
# [91.5ms][HeapManager] Segmented heap: 1GB per segment
# [91.5ms][HeapManager] Initialized with strategy: SEGMENTED
# [94.6ms][HeapManager] Allocated segment 0: 1024MB
# [94.7ms][HeapManager] Segmented heap: 1GB per segment
# [94.7ms][HeapManager] Initialized with strategy: SEGMENTED
# [96.9ms][HeapManager] Allocated segment 0: 1024MB
# [97.1ms][HeapManager] Segmented heap: 1GB per segment
# [97.1ms][HeapManager] Initialized with strategy: SEGMENTED
# [99.2ms][HeapManager] Allocated segment 0: 1024MB
# [99.4ms][HeapManager] Segmented heap: 1GB per segment
# [99.4ms][HeapManager] Initialized with strategy: SEGMENTED
# [101.4ms][HeapManager] Allocated segment 0: 1024MB
# [101.4ms][HeapManager] Segmented heap: 1GB per segment
# [101.5ms][HeapManager] Initialized with strategy: SEGMENTED
# [103.7ms][HeapManager] Allocated segment 0: 1024MB
# [103.7ms][HeapManager] Segmented heap: 1GB per segment
# [103.7ms][HeapManager] Initialized with strategy: SEGMENTED
# [106.1ms][HeapManager] Allocated segment 0: 1024MB
# [108.3ms][HeapManager] Segmented heap: 1GB per segment
# [108.4ms][HeapManager] Initialized with strategy: SEGMENTED
# [109.1ms][HeapManager] Allocated segment 0: 1024MB
# [109.1ms][HeapManager] Segmented heap: 1GB per segment
# [109.1ms][HeapManager] Initialized with strategy: SEGMENTED
# [109.5ms][HeapManager] Allocated segment 0: 1024MB
# [111.2ms][HeapManager] Allocated segment 0: 1024MB
# [111.3ms][HeapManager] Segmented heap: 1GB per segment
# [111.3ms][HeapManager] Initialized with strategy: SEGMENTED
# [113.3ms][HeapManager] Allocated segment 0: 1024MB
# [113.4ms][HeapManager] Segmented heap: 1GB per segment
# [113.4ms][HeapManager] Initialized with strategy: SEGMENTED
# [117.2ms][HeapManager] Allocated segment 0: 1024MB
# [117.2ms][HeapManager] Segmented heap: 1GB per segment
# [117.3ms][HeapManager] Initialized with strategy: SEGMENTED
# heap-manager.test: ok
# Subtest: test module initialization completed
ok 1 - test module initialization completed
  ---
  duration_ms: 1.743425
  type: 'test'
  ...
1..1
# tests 1
# suites 0
# pass 1
# fail 0
# cancelled 0
# skipped 0
# todo 0
# duration_ms 162.563919
[node-tests] ok: tests/memory/heap-manager.test.js
TAP version 13
# unified-detect-node-safe.test: ok
# Subtest: test module initialization completed
ok 1 - test module initialization completed
  ---
  duration_ms: 1.062933
  type: 'test'
  ...
1..1
# tests 1
# suites 0
# pass 1
# fail 0
# cancelled 0
# skipped 0
# todo 0
# duration_ms 112.503293
[node-tests] ok: tests/memory/unified-detect-node-safe.test.js
TAP version 13
# {"schema":"doppler.application-gate-receipt/v1","receiptId":"electron-document-search-acceptance","releaseId":"electron-document-search-qwen-3-reranker-0-6b-q4k-ehf16-af32-release-4b67afb00f306460","applicationRevisionDigest":"sha256:3333333333333333333333333333333333333333333333333333333333333333","workload":{"id":"document-search-reranking","digest":"sha256:4444444444444444444444444444444444444444444444444444444444444444"},"oracle":{"id":"document-search-relevance-v1","digest":"sha256:5555555555555555555555555555555555555555555555555555555555555555"},"capsuleSemanticRoot":"sha256:2222222222222222222222222222222222222222222222222222222222222222","targetPlanId":"webgpu-f32-portable","resolvedExecutionId":"sha256:ffffffffffffffffffffffffffffffffffffffffffffffffffffffffffffffff","providerId":"doppler-webgpu","deviceTargetId":"windows-x64-amd-webgpu","evaluator":{"id":"electron-document-search-reference-evaluator","revisionDigest":"sha256:eeeeeeeeeeeeeeeeeeeeeeeeeeeeeeeeeeeeeeeeeeeeeeeeeeeeeeeeeeeeeeee"},"status":"passed","observations":{"quality":0.97,"coldLatencyMs":3200,"warmLatencyMs":1400,"peakMemoryBytes":1610612736,"failureRate":0,"startupPassed":true,"recoveryPassed":true},"failedSamples":[],"createdAtUtc":"2026-08-23T00:00:00.000Z","digest":"sha256:0948fcf8900fe769d690505ff0100412b2c33cc45dea43da9c686bca1db44f95"}
# Subtest: test module initialization completed
ok 1 - test module initialization completed
  ---
  duration_ms: 1.056541
  type: 'test'
  ...
1..1
# tests 1
# suites 0
# pass 1
# fail 0
# cancelled 0
# skipped 0
# todo 0
# duration_ms 139.250977
[node-tests] ok: tests/production-release/electron-document-search-acceptance.test.js
TAP version 13
# capsule-adapter-execution: identity, declared kernels, corruption, base mismatch, composition, cleanup, cancellation passed
# Subtest: test module initialization completed
ok 1 - test module initialization completed
  ---
  duration_ms: 0.57873
  type: 'test'
  ...
1..1
# tests 1
# suites 0
# pass 1
# fail 0
# cancelled 0
# skipped 0
# todo 0
# duration_ms 152.878708
[node-tests] ok: tests/runtime/capsule-adapter-execution.test.js
TAP version 13
# capsule-artifact-allocation: passed (deterministic allocation faults)
# Subtest: test module initialization completed
ok 1 - test module initialization completed
  ---
  duration_ms: 0.685341
  type: 'test'
  ...
1..1
# tests 1
# suites 0
# pass 1
# fail 0
# cancelled 0
# skipped 0
# todo 0
# duration_ms 126.45754
[node-tests] ok: tests/runtime/capsule-artifact-allocation.test.js
TAP version 13
# capsule-artifact-retention.test: passed
# Subtest: test module initialization completed
ok 1 - test module initialization completed
  ---
  duration_ms: 1.201564
  type: 'test'
  ...
1..1
# tests 1
# suites 0
# pass 1
# fail 0
# cancelled 0
# skipped 0
# todo 0
# duration_ms 158.303982
[node-tests] ok: tests/runtime/capsule-artifact-retention.test.js
TAP version 13
# ✔ capsule-artifact-source.test.js passed
# Subtest: test module initialization completed
ok 1 - test module initialization completed
  ---
  duration_ms: 0.832549
  type: 'test'
  ...
1..1
# tests 1
# suites 0
# pass 1
# fail 0
# cancelled 0
# skipped 0
# todo 0
# duration_ms 222.764583
[node-tests] ok: tests/runtime/capsule-artifact-source.test.js
TAP version 13
# capsule-artifact-stream: passed
# Subtest: test module initialization completed
ok 1 - test module initialization completed
  ---
  duration_ms: 0.752909
  type: 'test'
  ...
1..1
# tests 1
# suites 0
# pass 1
# fail 0
# cancelled 0
# skipped 0
# todo 0
# duration_ms 180.289241
[node-tests] ok: tests/runtime/capsule-artifact-stream.test.js
TAP version 13
# capsule-artifact-verification-reuse: passed
# Subtest: test module initialization completed
ok 1 - test module initialization completed
  ---
  duration_ms: 0.914473
  type: 'test'
  ...
1..1
# tests 1
# suites 0
# pass 1
# fail 0
# cancelled 0
# skipped 0
# todo 0
# duration_ms 249.310727
[node-tests] ok: tests/runtime/capsule-artifact-verification-reuse.test.js
TAP version 13
# capsule-backing-budget: passed
# Subtest: test module initialization completed
ok 1 - test module initialization completed
  ---
  duration_ms: 0.517695
  type: 'test'
  ...
1..1
# tests 1
# suites 0
# pass 1
# fail 0
# cancelled 0
# skipped 0
# todo 0
# duration_ms 119.735522
[node-tests] ok: tests/runtime/capsule-backing-budget.test.js
TAP version 13
# capsule-embedding.test: passed (synthetic pipeline/device; actual session, adapter and evidence handle)
# Subtest: test module initialization completed
ok 1 - test module initialization completed
  ---
  duration_ms: 0.662309
  type: 'test'
  ...
1..1
# tests 1
# suites 0
# pass 1
# fail 0
# cancelled 0
# skipped 0
# todo 0
# duration_ms 345.347701
[node-tests] ok: tests/runtime/capsule-embedding.test.js
TAP version 13
# ✔ capsule-forecast.test.js passed
# Subtest: test module initialization completed
ok 1 - test module initialization completed
  ---
  duration_ms: 0.927148
  type: 'test'
  ...
1..1
# tests 1
# suites 0
# pass 1
# fail 0
# cancelled 0
# skipped 0
# todo 0
# duration_ms 137.967589
[node-tests] ok: tests/runtime/capsule-forecast.test.js
TAP version 13
# Capsule GPU token selection controller tests passed.
# Subtest: test module initialization completed
ok 1 - test module initialization completed
  ---
  duration_ms: 0.776934
  type: 'test'
  ...
1..1
# tests 1
# suites 0
# pass 1
# fail 0
# cancelled 0
# skipped 0
# todo 0
# duration_ms 90.285306
[node-tests] ok: tests/runtime/capsule-gpu-token-selection.test.js
TAP version 13
# capsule-http-stream: passed
# Subtest: test module initialization completed
ok 1 - test module initialization completed
  ---
  duration_ms: 0.857696
  type: 'test'
  ...
1..1
# tests 1
# suites 0
# pass 1
# fail 0
# cancelled 0
# skipped 0
# todo 0
# duration_ms 127.975661
[node-tests] ok: tests/runtime/capsule-http-stream.test.js
TAP version 13
# [277.3ms][Tokenizer] HuggingFace model.type="BPE", using type="bpe"
# [278.4ms][Tokenizer] Loaded HuggingFace 257 tokens (bpe), 1 special patterns, 0 merges
# capsule-incremental-stream.test: Unicode, stop boundaries, reconstruction, integrity, backpressure, cancellation, limits and embedding deltas passed
# Subtest: test module initialization completed
ok 1 - test module initialization completed
  ---
  duration_ms: 0.662499
  type: 'test'
  ...
1..1
# tests 1
# suites 0
# pass 1
# fail 0
# cancelled 0
# skipped 0
# todo 0
# duration_ms 354.911684
[node-tests] ok: tests/runtime/capsule-incremental-stream.test.js
TAP version 13
# ✔ capsule-load-options.test.js passed
# Subtest: test module initialization completed
ok 1 - test module initialization completed
  ---
  duration_ms: 1.089914
  type: 'test'
  ...
1..1
# tests 1
# suites 0
# pass 1
# fail 0
# cancelled 0
# skipped 0
# todo 0
# duration_ms 331.606498
[node-tests] ok: tests/runtime/capsule-load-options.test.js
TAP version 13
# capsule-loading-http.test: ok (real HTTP and signed Capsule; synthetic GPU)
# Subtest: test module initialization completed
ok 1 - test module initialization completed
  ---
  duration_ms: 0.558964
  type: 'test'
  ...
1..1
# tests 1
# suites 0
# pass 1
# fail 0
# cancelled 0
# skipped 0
# todo 0
# duration_ms 808.412294
[node-tests] ok: tests/runtime/capsule-loading-http.test.js
TAP version 13
# capsule-loading.test: ok (signed metadata; synthetic device)
# Subtest: test module initialization completed
ok 1 - test module initialization completed
  ---
  duration_ms: 0.700901
  type: 'test'
  ...
1..1
# tests 1
# suites 0
# pass 1
# fail 0
# cancelled 0
# skipped 0
# todo 0
# duration_ms 189.430618
[node-tests] ok: tests/runtime/capsule-loading.test.js
TAP version 13
# capsule-operation-document-search.test.js passed (injected program; no physical inference claim)
# Subtest: test module initialization completed
ok 1 - test module initialization completed
  ---
  duration_ms: 0.683598
  type: 'test'
  ...
1..1
# tests 1
# suites 0
# pass 1
# fail 0
# cancelled 0
# skipped 0
# todo 0
# duration_ms 168.488534
[node-tests] ok: tests/runtime/capsule-operation-document-search.test.js
TAP version 13
# ✔ capsule-operation.test.js passed (injected program; contract evidence only)
# Subtest: test module initialization completed
ok 1 - test module initialization completed
  ---
  duration_ms: 0.680232
  type: 'test'
  ...
1..1
# tests 1
# suites 0
# pass 1
# fail 0
# cancelled 0
# skipped 0
# todo 0
# duration_ms 186.10458
[node-tests] ok: tests/runtime/capsule-operation.test.js
TAP version 13
# ✔ capsule-rerank.test.js passed
# Subtest: test module initialization completed
ok 1 - test module initialization completed
  ---
  duration_ms: 0.702204
  type: 'test'
  ...
1..1
# tests 1
# suites 0
# pass 1
# fail 0
# cancelled 0
# skipped 0
# todo 0
# duration_ms 204.472313
[node-tests] ok: tests/runtime/capsule-rerank.test.js
TAP version 13
# ✔ capsule-runtime-entrypoint.test.js passed
# Subtest: test module initialization completed
ok 1 - test module initialization completed
  ---
  duration_ms: 1.005284
  type: 'test'
  ...
1..1
# tests 1
# suites 0
# pass 1
# fail 0
# cancelled 0
# skipped 0
# todo 0
# duration_ms 162.867863
[node-tests] ok: tests/runtime/capsule-runtime-entrypoint.test.js
TAP version 13
# capsule-session-execution: exclusion, cancellation, draining and cleanup failure passed
# Subtest: test module initialization completed
ok 1 - test module initialization completed
  ---
  duration_ms: 0.508168
  type: 'test'
  ...
1..1
# tests 1
# suites 0
# pass 1
# fail 0
# cancelled 0
# skipped 0
# todo 0
# duration_ms 88.545057
[node-tests] ok: tests/runtime/capsule-session-execution.test.js
TAP version 13
# Subtest: closing a session waits for its pending readback and preserves another session on the same device
ok 1 - closing a session waits for its pending readback and preserves another session on the same device
  ---
  duration_ms: 19.254714
  type: 'test'
  ...
# Subtest: device loss during readback prevents token delivery and invalidates both sessions
ok 2 - device loss during readback prevents token delivery and invalidates both sessions
  ---
  duration_ms: 4.703764
  type: 'test'
  ...
# Subtest: device loss while a program is being constructed rejects opening and closes the late program
ok 3 - device loss while a program is being constructed rejects opening and closes the late program
  ---
  duration_ms: 2.36645
  type: 'test'
  ...
# Subtest: failed buffer replacement cannot resurrect the released slot
ok 4 - failed buffer replacement cannot resurrect the released slot
  ---
  duration_ms: 0.309653
  type: 'test'
  ...
# Subtest: a failed program-slot release still cleans other slots and closes the program
ok 5 - a failed program-slot release still cleans other slots and closes the program
  ---
  duration_ms: 0.188365
  type: 'test'
  ...
# Subtest: test module initialization completed
ok 6 - test module initialization completed
  ---
  duration_ms: 0.034305
  type: 'test'
  ...
1..6
# tests 6
# suites 0
# pass 6
# fail 0
# cancelled 0
# skipped 0
# todo 0
# duration_ms 191.6441
[node-tests] ok: tests/runtime/capsule-shared-device.test.js
TAP version 13
# capsule-wgsl-language.test: ok
# Subtest: test module initialization completed
ok 1 - test module initialization completed
  ---
  duration_ms: 0.716741
  type: 'test'
  ...
1..1
# tests 1
# suites 0
# pass 1
# fail 0
# cancelled 0
# skipped 0
# todo 0
# duration_ms 190.628225
[node-tests] ok: tests/runtime/capsule-wgsl-language.test.js
TAP version 13
# Subtest: abort during compilation rejects without submitting or destroying borrowed buffers
ok 1 - abort during compilation rejects without submitting or destroying borrowed buffers
  ---
  duration_ms: 6.472768
  type: 'test'
  ...
# Subtest: abort during binding preparation cannot submit
ok 2 - abort during binding preparation cannot submit
  ---
  duration_ms: 0.637131
  type: 'test'
  ...
# Subtest: device loss during compilation cannot submit
ok 3 - device loss during compilation cannot submit
  ---
  duration_ms: 0.396778
  type: 'test'
  ...
# Subtest: post-submission cancellation reports submitted work rather than successful completion
ok 4 - post-submission cancellation reports submitted work rather than successful completion
  ---
  duration_ms: 3.367576
  type: 'test'
  ...
# Subtest: successful dispatch distinguishes submission from observed completion
ok 5 - successful dispatch distinguishes submission from observed completion
  ---
  duration_ms: 0.480846
  type: 'test'
  ...
# Subtest: failed compilation can be retried
ok 6 - failed compilation can be retried
  ---
  duration_ms: 0.556329
  type: 'test'
  ...
# Subtest: test module initialization completed
ok 7 - test module initialization completed
  ---
  duration_ms: 0.124986
  type: 'test'
  ...
1..7
# tests 7
# suites 0
# pass 7
# fail 0
# cancelled 0
# skipped 0
# todo 0
# duration_ms 96.677051
[node-tests] ok: tests/runtime/command-executor-cancellation.test.js
TAP version 13
# ✔ initial-execution-identity.test.js passed
# initial-execution-identity.test: explicit registry binding passed
# Subtest: test module initialization completed
ok 1 - test module initialization completed
  ---
  duration_ms: 0.618806
  type: 'test'
  ...
1..1
# tests 1
# suites 0
# pass 1
# fail 0
# cancelled 0
# skipped 0
# todo 0
# duration_ms 260.329583
[node-tests] ok: tests/runtime/initial-execution-identity.test.js
TAP version 13
# ✔ plan-bind-execute.test.js passed
# Subtest: test module initialization completed
ok 1 - test module initialization completed
  ---
  duration_ms: 0.673028
  type: 'test'
  ...
1..1
# tests 1
# suites 0
# pass 1
# fail 0
# cancelled 0
# skipped 0
# todo 0
# duration_ms 178.901047
[node-tests] ok: tests/runtime/plan-bind-execute.test.js
TAP version 13
# ✔ target-selector.test.js passed
# Subtest: test module initialization completed
ok 1 - test module initialization completed
  ---
  duration_ms: 1.519564
  type: 'test'
  ...
1..1
# tests 1
# suites 0
# pass 1
# fail 0
# cancelled 0
# skipped 0
# todo 0
# duration_ms 167.935843
[node-tests] ok: tests/runtime/target-selector.test.js
TAP version 13
# artifact-storage-context.test: ok
# Subtest: test module initialization completed
ok 1 - test module initialization completed
  ---
  duration_ms: 1.052614
  type: 'test'
  ...
1..1
# tests 1
# suites 0
# pass 1
# fail 0
# cancelled 0
# skipped 0
# todo 0
# duration_ms 174.037802
[node-tests] ok: tests/storage/artifact-storage-context.test.js
TAP version 13
# blake3.test: ok
# Subtest: test module initialization completed
ok 1 - test module initialization completed
  ---
  duration_ms: 0.984765
  type: 'test'
  ...
1..1
# tests 1
# suites 0
# pass 1
# fail 0
# cancelled 0
# skipped 0
# todo 0
# duration_ms 182.907947
[node-tests] ok: tests/storage/blake3.test.js
TAP version 13
# capsule-file-stream: passed
# Subtest: test module initialization completed
ok 1 - test module initialization completed
  ---
  duration_ms: 0.616442
  type: 'test'
  ...
1..1
# tests 1
# suites 0
# pass 1
# fail 0
# cancelled 0
# skipped 0
# todo 0
# duration_ms 122.698056
[node-tests] ok: tests/storage/capsule-file-stream.test.js
TAP version 13
# document-model-installation.test: passed (synthetic storage, no inference claim)
# Subtest: test module initialization completed
ok 1 - test module initialization completed
  ---
  duration_ms: 0.818453
  type: 'test'
  ...
1..1
# tests 1
# suites 0
# pass 1
# fail 0
# cancelled 0
# skipped 0
# todo 0
# duration_ms 109.467604
[node-tests] ok: tests/storage/document-model-installation.test.js
TAP version 13
# [130.9ms][ShardManager] No persistent storage available (OPFS/IndexedDB); falling back to in-memory storage. Model data will not persist across reloads.
# Subtest: test module initialization completed
ok 1 - test module initialization completed
  ---
  duration_ms: 0.690381
  type: 'test'
  ...
1..1
# tests 1
# suites 0
# pass 1
# fail 0
# cancelled 0
# skipped 0
# todo 0
# duration_ms 201.298272
[node-tests] ok: tests/storage/model-read-session.test.js
TAP version 13
# [147.1ms][ShardManager] No persistent storage available (OPFS/IndexedDB); falling back to in-memory storage. Model data will not persist across reloads.
# [149.4ms][ShardManager] No persistent storage available (OPFS/IndexedDB); falling back to in-memory storage. Model data will not persist across reloads.
# [150.3ms][ShardManager] No persistent storage available (OPFS/IndexedDB); falling back to in-memory storage. Model data will not persist across reloads.
# shard-manager-tensor-range-integrity.test: ok
# Subtest: test module initialization completed
ok 1 - test module initialization completed
  ---
  duration_ms: 1.073633
  type: 'test'
  ...
1..1
# tests 1
# suites 0
# pass 1
# fail 0
# cancelled 0
# skipped 0
# todo 0
# duration_ms 187.07548
[node-tests] ok: tests/storage/shard-manager-tensor-range-integrity.test.js
TAP version 13
# artifact-identity-inventory-cli.test: ok
# Subtest: test module initialization completed
ok 1 - test module initialization completed
  ---
  duration_ms: 1.645441
  type: 'test'
  ...
1..1
# tests 1
# suites 0
# pass 1
# fail 0
# cancelled 0
# skipped 0
# todo 0
# duration_ms 292.11482
[node-tests] ok: tests/tooling/artifact-identity-inventory-cli.test.js
TAP version 13
# ✔ audit-model-ir-lowerability.test.js passed
# Subtest: test module initialization completed
ok 1 - test module initialization completed
  ---
  duration_ms: 1.060348
  type: 'test'
  ...
1..1
# tests 1
# suites 0
# pass 1
# fail 0
# cancelled 0
# skipped 0
# todo 0
# duration_ms 142.041838
[node-tests] ok: tests/tooling/audit-model-ir-lowerability.test.js
TAP version 13
# boundary-evidence.test: ok
# Subtest: test module initialization completed
ok 1 - test module initialization completed
  ---
  duration_ms: 0.97646
  type: 'test'
  ...
1..1
# tests 1
# suites 0
# pass 1
# fail 0
# cancelled 0
# skipped 0
# todo 0
# duration_ms 103.641626
[node-tests] ok: tests/tooling/boundary-evidence.test.js
TAP version 13
# browser-import-graph.test: dynamic targets and missing dependencies reject
# Subtest: test module initialization completed
ok 1 - test module initialization completed
  ---
  duration_ms: 1.182267
  type: 'test'
  ...
1..1
# tests 1
# suites 0
# pass 1
# fail 0
# cancelled 0
# skipped 0
# todo 0
# duration_ms 934.686773
[node-tests] ok: tests/tooling/browser-import-graph.test.js
TAP version 13
# browser-protein-opfs-qualification.test: ok
# Subtest: test module initialization completed
ok 1 - test module initialization completed
  ---
  duration_ms: 1.05551
  type: 'test'
  ...
1..1
# tests 1
# suites 0
# pass 1
# fail 0
# cancelled 0
# skipped 0
# todo 0
# duration_ms 210.803695
[node-tests] ok: tests/tooling/browser-protein-opfs-qualification.test.js
TAP version 13
# capsule-http-declarations.test: ok
# Subtest: test module initialization completed
ok 1 - test module initialization completed
  ---
  duration_ms: 1.092509
  type: 'test'
  ...
1..1
# tests 1
# suites 0
# pass 1
# fail 0
# cancelled 0
# skipped 0
# todo 0
# duration_ms 1695.079643
[node-tests] ok: tests/tooling/capsule-http-declarations.test.js
TAP version 13
# capsule-retention-experiment.test: ok (split and identity gates; no hardware measurements)
# Subtest: test module initialization completed
ok 1 - test module initialization completed
  ---
  duration_ms: 0.872684
  type: 'test'
  ...
1..1
# tests 1
# suites 0
# pass 1
# fail 0
# cancelled 0
# skipped 0
# todo 0
# duration_ms 101.142376
[node-tests] ok: tests/tooling/capsule-retention-experiment.test.js
TAP version 13
# close-installed-capsule.test: ok
# Subtest: test module initialization completed
ok 1 - test module initialization completed
  ---
  duration_ms: 0.903262
  type: 'test'
  ...
1..1
# tests 1
# suites 0
# pass 1
# fail 0
# cancelled 0
# skipped 0
# todo 0
# duration_ms 94.588235
[node-tests] ok: tests/tooling/close-installed-capsule.test.js
TAP version 13
# command-api-refresh-integrity.test: ok
# Subtest: test module initialization completed
ok 1 - test module initialization completed
  ---
  duration_ms: 0.922658
  type: 'test'
  ...
1..1
# tests 1
# suites 0
# pass 1
# fail 0
# cancelled 0
# skipped 0
# todo 0
# duration_ms 129.088148
[node-tests] ok: tests/tooling/command-api-refresh-integrity.test.js
TAP version 13
# command-api-release.test: ok
# Subtest: test module initialization completed
ok 1 - test module initialization completed
  ---
  duration_ms: 1.107587
  type: 'test'
  ...
1..1
# tests 1
# suites 0
# pass 1
# fail 0
# cancelled 0
# skipped 0
# todo 0
# duration_ms 349.624093
[node-tests] ok: tests/tooling/command-api-release.test.js
TAP version 13
# command-surface-style.test: ok
# Subtest: test module initialization completed
ok 1 - test module initialization completed
  ---
  duration_ms: 1.119119
  type: 'test'
  ...
1..1
# tests 1
# suites 0
# pass 1
# fail 0
# cancelled 0
# skipped 0
# todo 0
# duration_ms 311.40921
[node-tests] ok: tests/tooling/command-surface-style.test.js
TAP version 13
# conversion-config-materializer.test: ok
# Subtest: test module initialization completed
ok 1 - test module initialization completed
  ---
  duration_ms: 1.086788
  type: 'test'
  ...
1..1
# tests 1
# suites 0
# pass 1
# fail 0
# cancelled 0
# skipped 0
# todo 0
# duration_ms 191.94606
[node-tests] ok: tests/tooling/conversion-config-materializer.test.js
TAP version 13
# conversion-digest-selection.test: ok
# Subtest: test module initialization completed
ok 1 - test module initialization completed
  ---
  duration_ms: 1.155076
  type: 'test'
  ...
1..1
# tests 1
# suites 0
# pass 1
# fail 0
# cancelled 0
# skipped 0
# todo 0
# duration_ms 1303.758127
[node-tests] ok: tests/tooling/conversion-digest-selection.test.js
TAP version 13
# conversion-run-timing.test: ok
# Subtest: test module initialization completed
ok 1 - test module initialization completed
  ---
  duration_ms: 0.953637
  type: 'test'
  ...
1..1
# tests 1
# suites 0
# pass 1
# fail 0
# cancelled 0
# skipped 0
# todo 0
# duration_ms 91.522167
[node-tests] ok: tests/tooling/conversion-run-timing.test.js
TAP version 13
# ✔ create-release-to-javascript-receipt.test.js passed
# Subtest: test module initialization completed
ok 1 - test module initialization completed
  ---
  duration_ms: 0.986099
  type: 'test'
  ...
1..1
# tests 1
# suites 0
# pass 1
# fail 0
# cancelled 0
# skipped 0
# todo 0
# duration_ms 120.204497
[node-tests] ok: tests/tooling/create-release-to-javascript-receipt.test.js
TAP version 13
# custom-runtime-facts.test: ok
# Subtest: test module initialization completed
ok 1 - test module initialization completed
  ---
  duration_ms: 0.938499
  type: 'test'
  ...
1..1
# tests 1
# suites 0
# pass 1
# fail 0
# cancelled 0
# skipped 0
# todo 0
# duration_ms 106.002174
[node-tests] ok: tests/tooling/custom-runtime-facts.test.js
TAP version 13
# debug-playbook-contract.test: ok
# Subtest: test module initialization completed
ok 1 - test module initialization completed
  ---
  duration_ms: 0.855833
  type: 'test'
  ...
1..1
# tests 1
# suites 0
# pass 1
# fail 0
# cancelled 0
# skipped 0
# todo 0
# duration_ms 110.930462
[node-tests] ok: tests/tooling/debug-playbook-contract.test.js
TAP version 13
# demo-hardware-smoke.test: ok
# Subtest: test module initialization completed
ok 1 - test module initialization completed
  ---
  duration_ms: 1.012859
  type: 'test'
  ...
1..1
# tests 1
# suites 0
# pass 1
# fail 0
# cancelled 0
# skipped 0
# todo 0
# duration_ms 296.79431
[node-tests] ok: tests/tooling/demo-hardware-smoke.test.js
TAP version 13
# document-search-build.test: passed (synthetic release continuity and denial)
# Subtest: test module initialization completed
ok 1 - test module initialization completed
  ---
  duration_ms: 1.026124
  type: 'test'
  ...
1..1
# tests 1
# suites 0
# pass 1
# fail 0
# cancelled 0
# skipped 0
# todo 0
# duration_ms 273.94944
[node-tests] ok: tests/tooling/document-search-build.test.js
TAP version 13
# Subtest: test module initialization completed
ok 1 - test module initialization completed
  ---
  duration_ms: 0.924642
  type: 'test'
  ...
1..1
# tests 1
# suites 0
# pass 1
# fail 0
# cancelled 0
# skipped 0
# todo 0
# duration_ms 102.494965
[node-tests] ok: tests/tooling/document-search-evaluation.test.js
TAP version 13
# document-search-installed-build: synthetic archive, runtime substitution, symlink and server tampering checks passed
# Subtest: test module initialization completed
ok 1 - test module initialization completed
  ---
  duration_ms: 1.025402
  type: 'test'
  ...
1..1
# tests 1
# suites 0
# pass 1
# fail 0
# cancelled 0
# skipped 0
# todo 0
# duration_ms 175.401372
[node-tests] ok: tests/tooling/document-search-installed-build.test.js
TAP version 13
# document-search-sources: synthetic signature, exact-byte, corruption, staging and immutable URL checks passed
# Subtest: test module initialization completed
ok 1 - test module initialization completed
  ---
  duration_ms: 1.075316
  type: 'test'
  ...
1..1
# tests 1
# suites 0
# pass 1
# fail 0
# cancelled 0
# skipped 0
# todo 0
# duration_ms 213.763764
[node-tests] ok: tests/tooling/document-search-sources.test.js
TAP version 13
# electron-reranker-probe.test: ok
# Subtest: test module initialization completed
ok 1 - test module initialization completed
  ---
  duration_ms: 1.147602
  type: 'test'
  ...
1..1
# tests 1
# suites 0
# pass 1
# fail 0
# cancelled 0
# skipped 0
# todo 0
# duration_ms 318.311608
[node-tests] ok: tests/tooling/electron-reranker-probe.test.js
TAP version 13
# embedding-reference-materialization.test: passed (synthetic references)
# Subtest: test module initialization completed
ok 1 - test module initialization completed
  ---
  duration_ms: 1.017717
  type: 'test'
  ...
1..1
# tests 1
# suites 0
# pass 1
# fail 0
# cancelled 0
# skipped 0
# todo 0
# duration_ms 110.485102
[node-tests] ok: tests/tooling/embedding-reference-materialization.test.js
TAP version 13
# evidence-json-contracts.test: ok
# Subtest: test module initialization completed
ok 1 - test module initialization completed
  ---
  duration_ms: 0.8647
  type: 'test'
  ...
1..1
# tests 1
# suites 0
# pass 1
# fail 0
# cancelled 0
# skipped 0
# todo 0
# duration_ms 100.087218
[node-tests] ok: tests/tooling/evidence-json-contracts.test.js
TAP version 13
# execution-cost-ledger.test: ok
# Subtest: test module initialization completed
ok 1 - test module initialization completed
  ---
  duration_ms: 1.366174
  type: 'test'
  ...
1..1
# tests 1
# suites 0
# pass 1
# fail 0
# cancelled 0
# skipped 0
# todo 0
# duration_ms 106.890548
[node-tests] ok: tests/tooling/execution-cost-ledger.test.js
TAP version 13
# execution-routing-audit.test: ok
# Subtest: test module initialization completed
ok 1 - test module initialization completed
  ---
  duration_ms: 0.879478
  type: 'test'
  ...
1..1
# tests 1
# suites 0
# pass 1
# fail 0
# cancelled 0
# skipped 0
# todo 0
# duration_ms 107.461714
[node-tests] ok: tests/tooling/execution-routing-audit.test.js
TAP version 13
# export-v11-grpo-adapter.test: ok
# Subtest: test module initialization completed
ok 1 - test module initialization completed
  ---
  duration_ms: 1.025983
  type: 'test'
  ...
1..1
# tests 1
# suites 0
# pass 1
# fail 0
# cancelled 0
# skipped 0
# todo 0
# duration_ms 309.067939
[node-tests] ok: tests/tooling/export-v11-grpo-adapter.test.js
TAP version 13
# ✔ forge-model-capsule.test.js: all tests passed
# forge-model-capsule: embedding qualification passed (synthetic reference)
# Subtest: test module initialization completed
ok 1 - test module initialization completed
  ---
  duration_ms: 1.059757
  type: 'test'
  ...
1..1
# tests 1
# suites 0
# pass 1
# fail 0
# cancelled 0
# skipped 0
# todo 0
# duration_ms 279.512323
[node-tests] ok: tests/tooling/forge-model-capsule.test.js
TAP version 13
# ✔ forge-source-truth.test.js passed
# Subtest: test module initialization completed
ok 1 - test module initialization completed
  ---
  duration_ms: 1.102177
  type: 'test'
  ...
1..1
# tests 1
# suites 0
# pass 1
# fail 0
# cancelled 0
# skipped 0
# todo 0
# duration_ms 138.63006
[node-tests] ok: tests/tooling/forge-source-truth.test.js
TAP version 13
# gemma4-preflight-receipts.test: ok
# Subtest: test module initialization completed
ok 1 - test module initialization completed
  ---
  duration_ms: 0.988413
  type: 'test'
  ...
1..1
# tests 1
# suites 0
# pass 1
# fail 0
# cancelled 0
# skipped 0
# todo 0
# duration_ms 134.898768
[node-tests] ok: tests/tooling/gemma4-preflight-receipts.test.js
TAP version 13
# generation-qualification-scenario.test: ok
# Subtest: test module initialization completed
ok 1 - test module initialization completed
  ---
  duration_ms: 0.91313
  type: 'test'
  ...
1..1
# tests 1
# suites 0
# pass 1
# fail 0
# cancelled 0
# skipped 0
# todo 0
# duration_ms 94.002451
[node-tests] ok: tests/tooling/generation-qualification-scenario.test.js
TAP version 13
# glimmer-hf-reference-contract.test: ok
# Subtest: test module initialization completed
ok 1 - test module initialization completed
  ---
  duration_ms: 1.035582
  type: 'test'
  ...
1..1
# tests 1
# suites 0
# pass 1
# fail 0
# cancelled 0
# skipped 0
# todo 0
# duration_ms 115.839162
[node-tests] ok: tests/tooling/glimmer-hf-reference-contract.test.js
TAP version 13
# ✔ heterogeneous-source-truth.test.js passed
# Subtest: test module initialization completed
ok 1 - test module initialization completed
  ---
  duration_ms: 1.07762
  type: 'test'
  ...
1..1
# tests 1
# suites 0
# pass 1
# fail 0
# cancelled 0
# skipped 0
# todo 0
# duration_ms 116.752132
[node-tests] ok: tests/tooling/heterogeneous-source-truth.test.js
TAP version 13
# [node-tests] script: inventory
# [node-tests] script: correctness
# [node-tests] inventory failed: exit 1
# Subtest: test module initialization completed
ok 1 - test module initialization completed
  ---
  duration_ms: 0.965279
  type: 'test'
  ...
1..1
# tests 1
# suites 0
# pass 1
# fail 0
# cancelled 0
# skipped 0
# todo 0
# duration_ms 90.731428
[node-tests] ok: tests/tooling/independent-check-reporting.test.js
TAP version 13
# inspect-prefill-logits-receipt.test: ok
# Subtest: test module initialization completed
ok 1 - test module initialization completed
  ---
  duration_ms: 1.484307
  type: 'test'
  ...
1..1
# tests 1
# suites 0
# pass 1
# fail 0
# cancelled 0
# skipped 0
# todo 0
# duration_ms 717.42844
[node-tests] ok: tests/tooling/inspect-prefill-logits-receipt.test.js
TAP version 13
# installed-gpu-observation.test: counters, no extra GPU work, native result/failure identity and restoration passed
# Subtest: test module initialization completed
ok 1 - test module initialization completed
  ---
  duration_ms: 0.943358
  type: 'test'
  ...
1..1
# tests 1
# suites 0
# pass 1
# fail 0
# cancelled 0
# skipped 0
# todo 0
# duration_ms 102.218234
[node-tests] ok: tests/tooling/installed-gpu-observation.test.js
TAP version 13
# javascript-dependency-graph.test: comments, strings, dynamic imports, types and resources passed
# Subtest: test module initialization completed
ok 1 - test module initialization completed
  ---
  duration_ms: 0.960951
  type: 'test'
  ...
1..1
# tests 1
# suites 0
# pass 1
# fail 0
# cancelled 0
# skipped 0
# todo 0
# duration_ms 305.590788
[node-tests] ok: tests/tooling/javascript-dependency-graph.test.js
TAP version 13
# kernel-negative-results.test: ok
# Subtest: test module initialization completed
ok 1 - test module initialization completed
  ---
  duration_ms: 0.856033
  type: 'test'
  ...
1..1
# tests 1
# suites 0
# pass 1
# fail 0
# cancelled 0
# skipped 0
# todo 0
# duration_ms 106.390997
[node-tests] ok: tests/tooling/kernel-negative-results.test.js
TAP version 13
# kernel-uniform-generation.test: changed layout, incompatible wrapper, reuse, deterministic generation, padding authority passed
# Subtest: test module initialization completed
ok 1 - test module initialization completed
  ---
  duration_ms: 1.409225
  type: 'test'
  ...
1..1
# tests 1
# suites 0
# pass 1
# fail 0
# cancelled 0
# skipped 0
# todo 0
# duration_ms 149.231848
[node-tests] ok: tests/tooling/kernel-uniform-generation.test.js
TAP version 13
# lean-execution-contract.test: ok
# Subtest: test module initialization completed
ok 1 - test module initialization completed
  ---
  duration_ms: 1.060378
  type: 'test'
  ...
1..1
# tests 1
# suites 0
# pass 1
# fail 0
# cancelled 0
# skipped 0
# todo 0
# duration_ms 165.581749
[node-tests] ok: tests/tooling/lean-execution-contract.test.js
TAP version 13
# litert-package-runtime.test: ok
# Subtest: test module initialization completed
ok 1 - test module initialization completed
  ---
  duration_ms: 1.136431
  type: 'test'
  ...
1..1
# tests 1
# suites 0
# pass 1
# fail 0
# cancelled 0
# skipped 0
# todo 0
# duration_ms 289.46005
[node-tests] ok: tests/tooling/litert-package-runtime.test.js
TAP version 13
# materialize-source-manifest.test: ok
# Subtest: test module initialization completed
ok 1 - test module initialization completed
  ---
  duration_ms: 1.110202
  type: 'test'
  ...
1..1
# tests 1
# suites 0
# pass 1
# fail 0
# cancelled 0
# skipped 0
# todo 0
# duration_ms 217.988627
[node-tests] ok: tests/tooling/materialize-source-manifest.test.js
TAP version 13
# model-family-intake.test: ok (maintainer engineering scope; not support or publication)
# Subtest: test module initialization completed
ok 1 - test module initialization completed
  ---
  duration_ms: 0.935593
  type: 'test'
  ...
1..1
# tests 1
# suites 0
# pass 1
# fail 0
# cancelled 0
# skipped 0
# todo 0
# duration_ms 149.666317
[node-tests] ok: tests/tooling/model-family-intake.test.js
TAP version 13
# model-onboarding-execution.test: passed (synthetic stage ports)
# Subtest: test module initialization completed
ok 1 - test module initialization completed
  ---
  duration_ms: 0.909935
  type: 'test'
  ...
1..1
# tests 1
# suites 0
# pass 1
# fail 0
# cancelled 0
# skipped 0
# todo 0
# duration_ms 155.927366
[node-tests] ok: tests/tooling/model-onboarding-execution.test.js
TAP version 13
# model-onboarding.test: ok (source metadata to candidate; no physical qualification)
# Subtest: test module initialization completed
ok 1 - test module initialization completed
  ---
  duration_ms: 1.047855
  type: 'test'
  ...
1..1
# tests 1
# suites 0
# pass 1
# fail 0
# cancelled 0
# skipped 0
# todo 0
# duration_ms 984.192172
[node-tests] ok: tests/tooling/model-onboarding.test.js
TAP version 13
# model-revision-discovery.test: ok (source discovery and assessment, no physical qualification)
# Subtest: test module initialization completed
ok 1 - test module initialization completed
  ---
  duration_ms: 0.977352
  type: 'test'
  ...
1..1
# tests 1
# suites 0
# pass 1
# fail 0
# cancelled 0
# skipped 0
# todo 0
# duration_ms 248.378274
[node-tests] ok: tests/tooling/model-revision-discovery.test.js
TAP version 13
# Subtest: test module initialization completed
ok 1 - test module initialization completed
  ---
  duration_ms: 1.137393
  type: 'test'
  ...
1..1
# tests 1
# suites 0
# pass 1
# fail 0
# cancelled 0
# skipped 0
# todo 0
# duration_ms 778.71343
[node-tests] ok: tests/tooling/module-dependencies.test.js
TAP version 13
# Subtest: test module initialization completed
ok 1 - test module initialization completed
  ---
  duration_ms: 0.833621
  type: 'test'
  ...
# Subtest: test module initialization completed
ok 2 - test module initialization completed
  ---
  duration_ms: 0.734504
  type: 'test'
  ...
1..2
# tests 2
# suites 0
# pass 2
# fail 0
# cancelled 0
# skipped 0
# todo 0
# duration_ms 296.76694
[node-tests] ok: tests/tooling/node-convert-worker-pool.test.js
TAP version 13
# [313.7ms][NodeSourceRuntime] Source runtime ready: node-source-runtime-test (safetensors, 3 tensors)
# [329.1ms][NodeSourceRuntime] Source runtime ready: node-source-runtime-test-tflite (tflite, 2 tensors)
# [375.3ms][NodeSourceRuntime] Mixed litert-task tensor dtypes detected (F16, F32). Using F32 source quantization for direct-source parity.
# [467.0ms][NodeSourceRuntime] Source runtime ready: node-source-runtime-test-litert-task (litert-task, 12 tensors)
# [471.9ms][NodeSourceRuntime] Mixed litert-task tensor dtypes detected (F16, F32). Using F32 source quantization for direct-source parity.
# [565.5ms][NodeSourceRuntime] Source runtime ready: node-source-runtime-test-litert-task-cached (litert-task, 12 tensors)
# [663.8ms][NodeSourceRuntime] Mixed litertlm tensor dtypes detected (F16, F32). Using F32 source quantization for direct-source parity.
# [755.1ms][NodeSourceRuntime] Source runtime ready: node-source-runtime-test-litertlm (litertlm, 12 tensors)
# node-source-runtime.test: ok
# Subtest: test module initialization completed
ok 1 - test module initialization completed
  ---
  duration_ms: 1.372977
  type: 'test'
  ...
1..1
# tests 1
# suites 0
# pass 1
# fail 0
# cancelled 0
# skipped 0
# todo 0
# duration_ms 847.55578
[node-tests] ok: tests/tooling/node-source-runtime.test.js
TAP version 13
# [node-tests] script: check
# [node-tests] script: first
# [node-tests] script: second
# [node-tests] script: second
# [node-tests] script: first
# [node-tests] script: complex
# [node-tests] script: hooked
# [node-tests] script: first
# [node-tests] script: cycle
# [node-tests] script: failed
# [node-tests] script: mutate
# [node-tests] script: second
# [node-tests] script: second
# [node-tests] script: directory
# [node-tests] script: environment
# [node-tests] script: assignment
# node-test-discovery.test: ok
# Unknown npm script: absent
# Cyclic npm script: cycle -> cycle
# [node-tests] failed failed: exit 7
# Subtest: test module initialization completed
ok 1 - test module initialization completed
  ---
  duration_ms: 1.238003
  type: 'test'
  ...
1..1
# tests 1
# suites 0
# pass 1
# fail 0
# cancelled 0
# skipped 0
# todo 0
# duration_ms 3150.059991
[node-tests] ok: tests/tooling/node-test-discovery.test.js
TAP version 13
# node-test-runners-contract.test: ok
# Subtest: test module initialization completed
ok 1 - test module initialization completed
  ---
  duration_ms: 1.120963
  type: 'test'
  ...
1..1
# tests 1
# suites 0
# pass 1
# fail 0
# cancelled 0
# skipped 0
# todo 0
# duration_ms 532.862741
[node-tests] ok: tests/tooling/node-test-runners-contract.test.js
TAP version 13
# package-source-closure.test: ok
# Subtest: test module initialization completed
ok 1 - test module initialization completed
  ---
  duration_ms: 1.969201
  type: 'test'
  ...
1..1
# tests 1
# suites 0
# pass 1
# fail 0
# cancelled 0
# skipped 0
# todo 0
# duration_ms 1694.918501
[node-tests] ok: tests/tooling/package-source-closure.test.js
TAP version 13
# packed-package-options.test: ok
# Subtest: test module initialization completed
ok 1 - test module initialization completed
  ---
  duration_ms: 1.188479
  type: 'test'
  ...
1..1
# tests 1
# suites 0
# pass 1
# fail 0
# cancelled 0
# skipped 0
# todo 0
# duration_ms 345.625692
[node-tests] ok: tests/tooling/packed-package-options.test.js
TAP version 13
# Subtest: test module initialization completed
ok 1 - test module initialization completed
  ---
  duration_ms: 0.95002
  type: 'test'
  ...
1..1
# tests 1
# suites 0
# pass 1
# fail 0
# cancelled 0
# skipped 0
# todo 0
# duration_ms 118.785384
[node-tests] ok: tests/tooling/precision-replay-math.test.js
TAP version 13
# product-integration-evidence.test: ok
# Subtest: test module initialization completed
ok 1 - test module initialization completed
  ---
  duration_ms: 0.924321
  type: 'test'
  ...
1..1
# tests 1
# suites 0
# pass 1
# fail 0
# cancelled 0
# skipped 0
# todo 0
# duration_ms 92.214654
[node-tests] ok: tests/tooling/product-integration-evidence.test.js
TAP version 13
# product-readiness-report.test: ok
# Subtest: test module initialization completed
ok 1 - test module initialization completed
  ---
  duration_ms: 1.10358
  type: 'test'
  ...
1..1
# tests 1
# suites 0
# pass 1
# fail 0
# cancelled 0
# skipped 0
# todo 0
# duration_ms 262.552807
[node-tests] ok: tests/tooling/product-readiness-report.test.js
TAP version 13
# production-release.test: ok
# Subtest: test module initialization completed
ok 1 - test module initialization completed
  ---
  duration_ms: 1.174032
  type: 'test'
  ...
1..1
# tests 1
# suites 0
# pass 1
# fail 0
# cancelled 0
# skipped 0
# todo 0
# duration_ms 406.073033
[node-tests] ok: tests/tooling/production-release.test.js
TAP version 13
# program-bundle-exporter.test: ok
# Subtest: test module initialization completed
ok 1 - test module initialization completed
  ---
  duration_ms: 1.058865
  type: 'test'
  ...
1..1
# tests 1
# suites 0
# pass 1
# fail 0
# cancelled 0
# skipped 0
# todo 0
# duration_ms 219.174432
[node-tests] ok: tests/tooling/program-bundle-exporter.test.js
TAP version 13
# program-bundle-parity.test: ok
# Subtest: test module initialization completed
ok 1 - test module initialization completed
  ---
  duration_ms: 1.053385
  type: 'test'
  ...
1..1
# tests 1
# suites 0
# pass 1
# fail 0
# cancelled 0
# skipped 0
# todo 0
# duration_ms 335.705429
[node-tests] ok: tests/tooling/program-bundle-parity.test.js
TAP version 13
# program-bundle-reference-preflight.test: ok
# Subtest: test module initialization completed
ok 1 - test module initialization completed
  ---
  duration_ms: 1.094793
  type: 'test'
  ...
1..1
# tests 1
# suites 0
# pass 1
# fail 0
# cancelled 0
# skipped 0
# todo 0
# duration_ms 340.357076
[node-tests] ok: tests/tooling/program-bundle-reference-preflight.test.js
TAP version 13
# program-bundle-source-identity: passed
# Subtest: test module initialization completed
ok 1 - test module initialization completed
  ---
  duration_ms: 1.525114
  type: 'test'
  ...
1..1
# tests 1
# suites 0
# pass 1
# fail 0
# cancelled 0
# skipped 0
# todo 0
# duration_ms 99.848278
[node-tests] ok: tests/tooling/program-bundle-source-identity.test.js
TAP version 13
# q4k-projection-reference.test: ok
# Subtest: test module initialization completed
ok 1 - test module initialization completed
  ---
  duration_ms: 1.132625
  type: 'test'
  ...
1..1
# tests 1
# suites 0
# pass 1
# fail 0
# cancelled 0
# skipped 0
# todo 0
# duration_ms 176.028045
[node-tests] ok: tests/tooling/q4k-projection-reference.test.js
TAP version 13
# ✔ qualify-capsule-v0-node.test.js passed
# Subtest: test module initialization completed
ok 1 - test module initialization completed
  ---
  duration_ms: 1.616686
  type: 'test'
  ...
1..1
# tests 1
# suites 0
# pass 1
# fail 0
# cancelled 0
# skipped 0
# todo 0
# duration_ms 349.097255
[node-tests] ok: tests/tooling/qualify-capsule-v0-node.test.js
TAP version 13
# qualify-sequence-capsule.test: ok
# Subtest: test module initialization completed
ok 1 - test module initialization completed
  ---
  duration_ms: 1.566732
  type: 'test'
  ...
1..1
# tests 1
# suites 0
# pass 1
# fail 0
# cancelled 0
# skipped 0
# todo 0
# duration_ms 383.020813
[node-tests] ok: tests/tooling/qualify-sequence-capsule.test.js
TAP version 13
# quickstart-registry-sync-contract.test: ok
# Subtest: test module initialization completed
ok 1 - test module initialization completed
  ---
  duration_ms: 0.954939
  type: 'test'
  ...
1..1
# tests 1
# suites 0
# pass 1
# fail 0
# cancelled 0
# skipped 0
# todo 0
# duration_ms 96.412555
[node-tests] ok: tests/tooling/quickstart-registry-sync-contract.test.js
TAP version 13
# Subtest: test module initialization completed
ok 1 - test module initialization completed
  ---
  duration_ms: 0.984365
  type: 'test'
  ...
1..1
# tests 1
# suites 0
# pass 1
# fail 0
# cancelled 0
# skipped 0
# todo 0
# duration_ms 178.070355
[node-tests] ok: tests/tooling/qwen-q4k-independent-blocks.test.js
TAP version 13
# rdrr-integrity-refresh.test: ok
# Subtest: test module initialization completed
ok 1 - test module initialization completed
  ---
  duration_ms: 1.069035
  type: 'test'
  ...
1..1
# tests 1
# suites 0
# pass 1
# fail 0
# cancelled 0
# skipped 0
# todo 0
# duration_ms 334.508394
[node-tests] ok: tests/tooling/rdrr-integrity-refresh.test.js
TAP version 13
# record-bun-product-qualification.test: ok
# Subtest: test module initialization completed
ok 1 - test module initialization completed
  ---
  duration_ms: 1.017317
  type: 'test'
  ...
1..1
# tests 1
# suites 0
# pass 1
# fail 0
# cancelled 0
# skipped 0
# todo 0
# duration_ms 132.056764
[node-tests] ok: tests/tooling/record-bun-product-qualification.test.js
TAP version 13
# record-product-integration-evaluation.test: ok
# Subtest: test module initialization completed
ok 1 - test module initialization completed
  ---
  duration_ms: 1.518601
  type: 'test'
  ...
1..1
# tests 1
# suites 0
# pass 1
# fail 0
# cancelled 0
# skipped 0
# todo 0
# duration_ms 188.143217
[node-tests] ok: tests/tooling/record-product-integration-evaluation.test.js
TAP version 13
# record-provider-conformance.test: ok
# Subtest: test module initialization completed
ok 1 - test module initialization completed
  ---
  duration_ms: 1.187658
  type: 'test'
  ...
1..1
# tests 1
# suites 0
# pass 1
# fail 0
# cancelled 0
# skipped 0
# todo 0
# duration_ms 151.305989
[node-tests] ok: tests/tooling/record-provider-conformance.test.js
TAP version 13
# record-runtime-ownership-evaluation.test: ok
# Subtest: test module initialization completed
ok 1 - test module initialization completed
  ---
  duration_ms: 1.109771
  type: 'test'
  ...
1..1
# tests 1
# suites 0
# pass 1
# fail 0
# cancelled 0
# skipped 0
# todo 0
# duration_ms 162.597347
[node-tests] ok: tests/tooling/record-runtime-ownership-evaluation.test.js
TAP version 13
# record-runtime-promotion-monitoring.test: ok
# Subtest: test module initialization completed
ok 1 - test module initialization completed
  ---
  duration_ms: 1.113969
  type: 'test'
  ...
1..1
# tests 1
# suites 0
# pass 1
# fail 0
# cancelled 0
# skipped 0
# todo 0
# duration_ms 163.05021
[node-tests] ok: tests/tooling/record-runtime-promotion-monitoring.test.js
TAP version 13
# record-signed-revocation-authority-evaluation.test: ok
# Subtest: test module initialization completed
ok 1 - test module initialization completed
  ---
  duration_ms: 1.163352
  type: 'test'
  ...
1..1
# tests 1
# suites 0
# pass 1
# fail 0
# cancelled 0
# skipped 0
# todo 0
# duration_ms 161.667985
[node-tests] ok: tests/tooling/record-signed-revocation-authority-evaluation.test.js
TAP version 13
# registered-variant-calibration-job.test: ok
# Subtest: test module initialization completed
ok 1 - test module initialization completed
  ---
  duration_ms: 1.10902
  type: 'test'
  ...
1..1
# tests 1
# suites 0
# pass 1
# fail 0
# cancelled 0
# skipped 0
# todo 0
# duration_ms 331.327259
[node-tests] ok: tests/tooling/registered-variant-calibration-job.test.js
TAP version 13
# registered-variant-calibration.test: ok
# Subtest: test module initialization completed
ok 1 - test module initialization completed
  ---
  duration_ms: 0.878917
  type: 'test'
  ...
1..1
# tests 1
# suites 0
# pass 1
# fail 0
# cancelled 0
# skipped 0
# todo 0
# duration_ms 124.055927
[node-tests] ok: tests/tooling/registered-variant-calibration.test.js
TAP version 13
# registry-verify-workload.test: ok
# Subtest: test module initialization completed
ok 1 - test module initialization completed
  ---
  duration_ms: 0.894906
  type: 'test'
  ...
1..1
# tests 1
# suites 0
# pass 1
# fail 0
# cancelled 0
# skipped 0
# todo 0
# duration_ms 112.117741
[node-tests] ok: tests/tooling/registry-verify-workload.test.js
TAP version 13
# release-claim-policy.test: ok
# Subtest: test module initialization completed
ok 1 - test module initialization completed
  ---
  duration_ms: 1.037846
  type: 'test'
  ...
1..1
# tests 1
# suites 0
# pass 1
# fail 0
# cancelled 0
# skipped 0
# todo 0
# duration_ms 127.244876
[node-tests] ok: tests/tooling/release-claim-policy.test.js
TAP version 13
# rerank-program-bundle.test: ok (synthetic source qualification and closed artifacts)
# Subtest: test module initialization completed
ok 1 - test module initialization completed
  ---
  duration_ms: 1.109161
  type: 'test'
  ...
1..1
# tests 1
# suites 0
# pass 1
# fail 0
# cancelled 0
# skipped 0
# todo 0
# duration_ms 195.480734
[node-tests] ok: tests/tooling/rerank-program-bundle.test.js
TAP version 13
# reranker-evaluation-preflight.test: ok (no hardware launched)
# Subtest: test module initialization completed
ok 1 - test module initialization completed
  ---
  duration_ms: 0.996017
  type: 'test'
  ...
1..1
# tests 1
# suites 0
# pass 1
# fail 0
# cancelled 0
# skipped 0
# todo 0
# duration_ms 641.120571
[node-tests] ok: tests/tooling/reranker-evaluation-preflight.test.js
TAP version 13
# reranker-kernel-closure.test: passed (source closure, not hardware evidence)
# Subtest: test module initialization completed
ok 1 - test module initialization completed
  ---
  duration_ms: 1.326119
  type: 'test'
  ...
1..1
# tests 1
# suites 0
# pass 1
# fail 0
# cancelled 0
# skipped 0
# todo 0
# duration_ms 233.534213
[node-tests] ok: tests/tooling/reranker-kernel-closure.test.js
TAP version 13
# reranker lifecycle observation preserves submissions, records ignored aborts and restores hooks on failure
# Subtest: test module initialization completed
ok 1 - test module initialization completed
  ---
  duration_ms: 0.932727
  type: 'test'
  ...
1..1
# tests 1
# suites 0
# pass 1
# fail 0
# cancelled 0
# skipped 0
# todo 0
# duration_ms 94.831896
[node-tests] ok: tests/tooling/reranker-lifecycle-observation.test.js
TAP version 13
# reranker-observed-fairness.test: ok (synthetic scope rejection, not performance evidence)
# Subtest: test module initialization completed
ok 1 - test module initialization completed
  ---
  duration_ms: 0.885569
  type: 'test'
  ...
1..1
# tests 1
# suites 0
# pass 1
# fail 0
# cancelled 0
# skipped 0
# todo 0
# duration_ms 115.465078
[node-tests] ok: tests/tooling/reranker-observed-fairness.test.js
TAP version 13
# reranker-reference-pair-audit.test: ok (synthetic rejection, not hardware evidence)
# Subtest: test module initialization completed
ok 1 - test module initialization completed
  ---
  duration_ms: 1.135029
  type: 'test'
  ...
1..1
# tests 1
# suites 0
# pass 1
# fail 0
# cancelled 0
# skipped 0
# todo 0
# duration_ms 148.362081
[node-tests] ok: tests/tooling/reranker-reference-pair-audit.test.js
TAP version 13
# reranker-reference-schedule.test: ok
# Subtest: test module initialization completed
ok 1 - test module initialization completed
  ---
  duration_ms: 1.01916
  type: 'test'
  ...
1..1
# tests 1
# suites 0
# pass 1
# fail 0
# cancelled 0
# skipped 0
# todo 0
# duration_ms 100.723378
[node-tests] ok: tests/tooling/reranker-reference-schedule.test.js
TAP version 13
# restore-capsule-baseline.test: passed (input integrity and immutable failure custody)
# Subtest: test module initialization completed
ok 1 - test module initialization completed
  ---
  duration_ms: 1.143825
  type: 'test'
  ...
1..1
# tests 1
# suites 0
# pass 1
# fail 0
# cancelled 0
# skipped 0
# todo 0
# duration_ms 640.695951
[node-tests] ok: tests/tooling/restore-capsule-baseline.test.js
TAP version 13
# retained-release-checkpoint.test: ok
# Subtest: test module initialization completed
ok 1 - test module initialization completed
  ---
  duration_ms: 0.997319
  type: 'test'
  ...
1..1
# tests 1
# suites 0
# pass 1
# fail 0
# cancelled 0
# skipped 0
# todo 0
# duration_ms 100.848254
[node-tests] ok: tests/tooling/retained-release-checkpoint.test.js
TAP version 13
# run-node-tests-isolation.test: ok
# Subtest: test module initialization completed
ok 1 - test module initialization completed
  ---
  duration_ms: 1.900983
  type: 'test'
  ...
1..1
# tests 1
# suites 0
# pass 1
# fail 0
# cancelled 0
# skipped 0
# todo 0
# duration_ms 678.26062
[node-tests] ok: tests/tooling/run-node-tests-isolation.test.js
TAP version 13
# runtime-closure-graph.test: forbidden dynamic imports, cycles, resources and unresolved imports passed
# Subtest: test module initialization completed
ok 1 - test module initialization completed
  ---
  duration_ms: 1.186196
  type: 'test'
  ...
1..1
# tests 1
# suites 0
# pass 1
# fail 0
# cancelled 0
# skipped 0
# todo 0
# duration_ms 340.141641
[node-tests] ok: tests/tooling/runtime-closure-graph.test.js
TAP version 13
# runtime-optimization-index.test: ok
# Subtest: test module initialization completed
ok 1 - test module initialization completed
  ---
  duration_ms: 0.910606
  type: 'test'
  ...
1..1
# tests 1
# suites 0
# pass 1
# fail 0
# cancelled 0
# skipped 0
# todo 0
# duration_ms 105.602803
[node-tests] ok: tests/tooling/runtime-optimization-index.test.js
TAP version 13
# runtime-optimization.test: ok
# Subtest: test module initialization completed
ok 1 - test module initialization completed
  ---
  duration_ms: 1.168402
  type: 'test'
  ...
1..1
# tests 1
# suites 0
# pass 1
# fail 0
# cancelled 0
# skipped 0
# todo 0
# duration_ms 341.098004
[node-tests] ok: tests/tooling/runtime-optimization.test.js
TAP version 13
# runtime-ownership-execution-evidence.test: ok
# Subtest: test module initialization completed
ok 1 - test module initialization completed
  ---
  duration_ms: 1.027256
  type: 'test'
  ...
1..1
# tests 1
# suites 0
# pass 1
# fail 0
# cancelled 0
# skipped 0
# todo 0
# duration_ms 94.216486
[node-tests] ok: tests/tooling/runtime-ownership-execution-evidence.test.js
TAP version 13
# runtime-promotion-monitoring.test: ok
# Subtest: test module initialization completed
ok 1 - test module initialization completed
  ---
  duration_ms: 0.997489
  type: 'test'
  ...
1..1
# tests 1
# suites 0
# pass 1
# fail 0
# cancelled 0
# skipped 0
# todo 0
# duration_ms 112.176151
[node-tests] ok: tests/tooling/runtime-promotion-monitoring.test.js
TAP version 13
# Subtest: test module initialization completed
ok 1 - test module initialization completed
  ---
  duration_ms: 0.860321
  type: 'test'
  ...
1..1
# tests 1
# suites 0
# pass 1
# fail 0
# cancelled 0
# skipped 0
# todo 0
# duration_ms 108.928291
[node-tests] ok: tests/tooling/search-abstention.test.js
TAP version 13
# sequence-full-reference-coverage.test: ok (coverage contract, not inference evidence)
# Subtest: test module initialization completed
ok 1 - test module initialization completed
  ---
  duration_ms: 1.017096
  type: 'test'
  ...
1..1
# tests 1
# suites 0
# pass 1
# fail 0
# cancelled 0
# skipped 0
# todo 0
# duration_ms 124.36469
[node-tests] ok: tests/tooling/sequence-full-reference-coverage.test.js
TAP version 13
# sequence-model-qualification.test: ok
# Subtest: test module initialization completed
ok 1 - test module initialization completed
  ---
  duration_ms: 1.148074
  type: 'test'
  ...
1..1
# tests 1
# suites 0
# pass 1
# fail 0
# cancelled 0
# skipped 0
# todo 0
# duration_ms 334.581173
[node-tests] ok: tests/tooling/sequence-model-qualification.test.js
TAP version 13
# sequence-reference-transcript.test: ok
# Subtest: test module initialization completed
ok 1 - test module initialization completed
  ---
  duration_ms: 0.862967
  type: 'test'
  ...
1..1
# tests 1
# suites 0
# pass 1
# fail 0
# cancelled 0
# skipped 0
# todo 0
# duration_ms 104.17853
[node-tests] ok: tests/tooling/sequence-reference-transcript.test.js
TAP version 13
# shader-cache-scopes.test: ok (9 source owners)
# Subtest: test module initialization completed
ok 1 - test module initialization completed
  ---
  duration_ms: 1.221031
  type: 'test'
  ...
1..1
# tests 1
# suites 0
# pass 1
# fail 0
# cancelled 0
# skipped 0
# todo 0
# duration_ms 978.921824
[node-tests] ok: tests/tooling/shader-cache-scopes.test.js
TAP version 13
# source-architecture-debt.test: ok
# Subtest: test module initialization completed
ok 1 - test module initialization completed
  ---
  duration_ms: 1.118748
  type: 'test'
  ...
1..1
# tests 1
# suites 0
# pass 1
# fail 0
# cancelled 0
# skipped 0
# todo 0
# duration_ms 97.209417
[node-tests] ok: tests/tooling/source-architecture-debt.test.js
TAP version 13
# source-artifact-adapter.test: ok
# Subtest: test module initialization completed
ok 1 - test module initialization completed
  ---
  duration_ms: 1.0455
  type: 'test'
  ...
1..1
# tests 1
# suites 0
# pass 1
# fail 0
# cancelled 0
# skipped 0
# todo 0
# duration_ms 186.854208
[node-tests] ok: tests/tooling/source-artifact-adapter.test.js
TAP version 13
# source-boundary-comparison.test: ok
# Subtest: retained Glimmer boundary captures reproduce the historical rejected comparison
ok 1 - retained Glimmer boundary captures reproduce the historical rejected comparison
  ---
  duration_ms: 20.289405
  type: 'test'
  ...
# Subtest: boundary receipt checks bytes, numerical tolerance, parity and path custody
ok 2 - boundary receipt checks bytes, numerical tolerance, parity and path custody
  ---
  duration_ms: 8.394839
  type: 'test'
  ...
# Subtest: test module initialization completed
ok 3 - test module initialization completed
  ---
  duration_ms: 0.135535
  type: 'test'
  ...
1..3
# tests 3
# suites 0
# pass 3
# fail 0
# cancelled 0
# skipped 0
# todo 0
# duration_ms 123.449445
[node-tests] ok: tests/tooling/source-boundary-comparison.test.js
TAP version 13
# source-intake.test: ok
# Subtest: test module initialization completed
ok 1 - test module initialization completed
  ---
  duration_ms: 1.154846
  type: 'test'
  ...
1..1
# tests 1
# suites 0
# pass 1
# fail 0
# cancelled 0
# skipped 0
# todo 0
# duration_ms 454.346697
[node-tests] ok: tests/tooling/source-intake.test.js
TAP version 13
# source-runtime-bundle.test: ok
# Subtest: test module initialization completed
ok 1 - test module initialization completed
  ---
  duration_ms: 1.177459
  type: 'test'
  ...
1..1
# tests 1
# suites 0
# pass 1
# fail 0
# cancelled 0
# skipped 0
# todo 0
# duration_ms 189.747621
[node-tests] ok: tests/tooling/source-runtime-bundle.test.js
TAP version 13
# source-runtime-converter-config.test: ok
# Subtest: test module initialization completed
ok 1 - test module initialization completed
  ---
  duration_ms: 0.948869
  type: 'test'
  ...
1..1
# tests 1
# suites 0
# pass 1
# fail 0
# cancelled 0
# skipped 0
# todo 0
# duration_ms 106.505475
[node-tests] ok: tests/tooling/source-runtime-converter-config.test.js
TAP version 13
# source-truth-input-files.test: ok (synthetic source intake, no qualification)
# Subtest: test module initialization completed
ok 1 - test module initialization completed
  ---
  duration_ms: 1.10893
  type: 'test'
  ...
1..1
# tests 1
# suites 0
# pass 1
# fail 0
# cancelled 0
# skipped 0
# todo 0
# duration_ms 810.830796
[node-tests] ok: tests/tooling/source-truth-input-files.test.js
TAP version 13
# supported-manifest-kernels-cli.test: ok
# Subtest: test module initialization completed
ok 1 - test module initialization completed
  ---
  duration_ms: 1.197016
  type: 'test'
  ...
1..1
# tests 1
# suites 0
# pass 1
# fail 0
# cancelled 0
# skipped 0
# todo 0
# duration_ms 275.265276
[node-tests] ok: tests/tooling/supported-manifest-kernels-cli.test.js
TAP version 13
# tools-cli-contract.test: ok
# Subtest: test module initialization completed
ok 1 - test module initialization completed
  ---
  duration_ms: 1.071048
  type: 'test'
  ...
1..1
# tests 1
# suites 0
# pass 1
# fail 0
# cancelled 0
# skipped 0
# todo 0
# duration_ms 1431.367892
[node-tests] ok: tests/tooling/tools-cli-contract.test.js
TAP version 13
# trainer-artifact-handoff.test: ok
# Subtest: test module initialization completed
ok 1 - test module initialization completed
  ---
  duration_ms: 0.962444
  type: 'test'
  ...
1..1
# tests 1
# suites 0
# pass 1
# fail 0
# cancelled 0
# skipped 0
# todo 0
# duration_ms 229.649916
[node-tests] ok: tests/tooling/trainer-artifact-handoff.test.js
TAP version 13
# training-bench-wrapper-contract.test: ok
# Subtest: test module initialization completed
ok 1 - test module initialization completed
  ---
  duration_ms: 1.108278
  type: 'test'
  ...
1..1
# tests 1
# suites 0
# pass 1
# fail 0
# cancelled 0
# skipped 0
# todo 0
# duration_ms 177.245061
[node-tests] ok: tests/tooling/training-bench-wrapper-contract.test.js
TAP version 13
# translation-artifact-competition.test: ok
# Subtest: test module initialization completed
ok 1 - test module initialization completed
  ---
  duration_ms: 0.903573
  type: 'test'
  ...
1..1
# tests 1
# suites 0
# pass 1
# fail 0
# cancelled 0
# skipped 0
# todo 0
# duration_ms 100.966006
[node-tests] ok: tests/tooling/translation-artifact-competition.test.js
TAP version 13
# verify-agent-freshness.test: ok
# Subtest: test module initialization completed
ok 1 - test module initialization completed
  ---
  duration_ms: 0.853187
  type: 'test'
  ...
1..1
# tests 1
# suites 0
# pass 1
# fail 0
# cancelled 0
# skipped 0
# todo 0
# duration_ms 103.14925
[node-tests] ok: tests/tooling/verify-agent-freshness.test.js
TAP version 13
# verify-agent-parity-contract.test: ok
# Subtest: test module initialization completed
ok 1 - test module initialization completed
  ---
  duration_ms: 0.919603
  type: 'test'
  ...
1..1
# tests 1
# suites 0
# pass 1
# fail 0
# cancelled 0
# skipped 0
# todo 0
# duration_ms 96.773396
[node-tests] ok: tests/tooling/verify-agent-parity-contract.test.js
TAP version 13
# wgsl-author-browser-executor.test: ok
# Subtest: test module initialization completed
ok 1 - test module initialization completed
  ---
  duration_ms: 0.876732
  type: 'test'
  ...
1..1
# tests 1
# suites 0
# pass 1
# fail 0
# cancelled 0
# skipped 0
# todo 0
# duration_ms 95.339744
[node-tests] ok: tests/tooling/wgsl-author-browser-executor.test.js
TAP version 13
# wgsl-author-execution-plan.test: ok
# Subtest: test module initialization completed
ok 1 - test module initialization completed
  ---
  duration_ms: 0.857335
  type: 'test'
  ...
1..1
# tests 1
# suites 0
# pass 1
# fail 0
# cancelled 0
# skipped 0
# todo 0
# duration_ms 99.620211
[node-tests] ok: tests/tooling/wgsl-author-execution-plan.test.js
TAP version 13
# wgsl-author-package.test: ok
# Subtest: test module initialization completed
ok 1 - test module initialization completed
  ---
  duration_ms: 0.930273
  type: 'test'
  ...
1..1
# tests 1
# suites 0
# pass 1
# fail 0
# cancelled 0
# skipped 0
# todo 0
# duration_ms 92.628024
[node-tests] ok: tests/tooling/wgsl-author-package.test.js
TAP version 13
# wgsl-author-reference.test: ok
# Subtest: test module initialization completed
ok 1 - test module initialization completed
  ---
  duration_ms: 0.976971
  type: 'test'
  ...
1..1
# tests 1
# suites 0
# pass 1
# fail 0
# cancelled 0
# skipped 0
# todo 0
# duration_ms 117.067028
[node-tests] ok: tests/tooling/wgsl-author-reference.test.js
TAP version 13
# wgsl-interface.test: passed
# Subtest: test module initialization completed
ok 1 - test module initialization completed
  ---
  duration_ms: 0.855412
  type: 'test'
  ...
1..1
# tests 1
# suites 0
# pass 1
# fail 0
# cancelled 0
# skipped 0
# todo 0
# duration_ms 106.984377
[node-tests] ok: tests/tooling/wgsl-interface.test.js
TAP version 13
# wgsl-language-export.test: source requirements are bound by metadata identity
# Subtest: test module initialization completed
ok 1 - test module initialization completed
  ---
  duration_ms: 1.099712
  type: 'test'
  ...
1..1
# tests 1
# suites 0
# pass 1
# fail 0
# cancelled 0
# skipped 0
# todo 0
# duration_ms 137.778117
[node-tests] ok: tests/tooling/wgsl-language-export.test.js
TAP version 13
# wgsl-repair-adapter-parity.test: ok
# Subtest: test module initialization completed
ok 1 - test module initialization completed
  ---
  duration_ms: 0.978844
  type: 'test'
  ...
1..1
# tests 1
# suites 0
# pass 1
# fail 0
# cancelled 0
# skipped 0
# todo 0
# duration_ms 116.556556
[node-tests] ok: tests/tooling/wgsl-repair-adapter-parity.test.js
TAP version 13
# wgsl-repair-semantic-gate.test: ok
# Subtest: test module initialization completed
ok 1 - test module initialization completed
  ---
  duration_ms: 0.974827
  type: 'test'
  ...
1..1
# tests 1
# suites 0
# pass 1
# fail 0
# cancelled 0
# skipped 0
# todo 0
# duration_ms 105.249529
[node-tests] ok: tests/tooling/wgsl-repair-semantic-gate.test.js
TAP version 13
# wgsl-v12-adapter-preservation.test: ok
# Subtest: test module initialization completed
ok 1 - test module initialization completed
  ---
  duration_ms: 1.000145
  type: 'test'
  ...
1..1
# tests 1
# suites 0
# pass 1
# fail 0
# cancelled 0
# skipped 0
# todo 0
# duration_ms 105.229121
[node-tests] ok: tests/tooling/wgsl-v12-adapter-preservation.test.js
TAP version 13
# wgsl-writer-semantic-harness.test: ok
# Subtest: test module initialization completed
ok 1 - test module initialization completed
  ---
  duration_ms: 0.938248
  type: 'test'
  ...
1..1
# tests 1
# suites 0
# pass 1
# fail 0
# cancelled 0
# skipped 0
# todo 0
# duration_ms 106.243512
[node-tests] ok: tests/tooling/wgsl-writer-semantic-harness.test.js
TAP version 13
# workflow-surface-contract.test: ok
# Subtest: test module initialization completed
ok 1 - test module initialization completed
  ---
  duration_ms: 0.868016
  type: 'test'
  ...
1..1
# tests 1
# suites 0
# pass 1
# fail 0
# cancelled 0
# skipped 0
# todo 0
# duration_ms 91.03403
[node-tests] ok: tests/tooling/workflow-surface-contract.test.js
TAP version 13
# agent-heldout-eval.test: ok
# Subtest: test module initialization completed
ok 1 - test module initialization completed
  ---
  duration_ms: 1.148635
  type: 'test'
  ...
1..1
# tests 1
# suites 0
# pass 1
# fail 0
# cancelled 0
# skipped 0
# todo 0
# duration_ms 208.3358
[node-tests] ok: tests/training/agent-heldout-eval.test.js
TAP version 13
# attention-backward-gqa.test: ok
# Subtest: test module initialization completed
ok 1 - test module initialization completed
  ---
  duration_ms: 0.988452
  type: 'test'
  ...
1..1
# tests 1
# suites 0
# pass 1
# fail 0
# cancelled 0
# skipped 0
# todo 0
# duration_ms 129.493075
[node-tests] ok: tests/training/attention-backward-gqa.test.js
TAP version 13
# Subtest: test module initialization completed
ok 1 - test module initialization completed
  ---
  duration_ms: 1.030161
  type: 'test'
  ...
1..1
# tests 1
# suites 0
# pass 1
# fail 0
# cancelled 0
# skipped 0
# todo 0
# duration_ms 267.976361
[node-tests] ok: tests/training/cross-entropy-autograd.test.js
TAP version 13
# distill-sft-lora-bridge.test: ok
# Subtest: test module initialization completed
ok 1 - test module initialization completed
  ---
  duration_ms: 1.058846
  type: 'test'
  ...
1..1
# tests 1
# suites 0
# pass 1
# fail 0
# cancelled 0
# skipped 0
# todo 0
# duration_ms 346.612608
[node-tests] ok: tests/training/distill-sft-lora-bridge.test.js
TAP version 13
# distill-suite-data.test: ok
# Subtest: test module initialization completed
ok 1 - test module initialization completed
  ---
  duration_ms: 1.036524
  type: 'test'
  ...
1..1
# tests 1
# suites 0
# pass 1
# fail 0
# cancelled 0
# skipped 0
# todo 0
# duration_ms 366.557503
[node-tests] ok: tests/training/distill-suite-data.test.js
TAP version 13
# gamma-wgsl-trainer-bridge.test: ok
# Subtest: test module initialization completed
ok 1 - test module initialization completed
  ---
  duration_ms: 1.041322
  type: 'test'
  ...
1..1
# tests 1
# suites 0
# pass 1
# fail 0
# cancelled 0
# skipped 0
# todo 0
# duration_ms 132.057728
[node-tests] ok: tests/training/gamma-wgsl-trainer-bridge.test.js
TAP version 13
# gepa-frontier-dataset.test: ok
# Subtest: test module initialization completed
ok 1 - test module initialization completed
  ---
  duration_ms: 0.984716
  type: 'test'
  ...
1..1
# tests 1
# suites 0
# pass 1
# fail 0
# cancelled 0
# skipped 0
# todo 0
# duration_ms 93.644399
[node-tests] ok: tests/training/gepa-frontier-dataset.test.js
TAP version 13
# host-teacher-qualification.test: ok
# Subtest: test module initialization completed
ok 1 - test module initialization completed
  ---
  duration_ms: 1.09307
  type: 'test'
  ...
1..1
# tests 1
# suites 0
# pass 1
# fail 0
# cancelled 0
# skipped 0
# todo 0
# duration_ms 3781.488603
[node-tests] ok: tests/training/host-teacher-qualification.test.js
TAP version 13
# lora-causal-lm-preflight.test: ok
# Subtest: test module initialization completed
ok 1 - test module initialization completed
  ---
  duration_ms: 1.129278
  type: 'test'
  ...
1..1
# tests 1
# suites 0
# pass 1
# fail 0
# cancelled 0
# skipped 0
# todo 0
# duration_ms 315.413916
[node-tests] ok: tests/training/lora-causal-lm-preflight.test.js
TAP version 13
# lora-causal-lm-provider-runner.test: ok
# Subtest: test module initialization completed
ok 1 - test module initialization completed
  ---
  duration_ms: 1.000535
  type: 'test'
  ...
1..1
# tests 1
# suites 0
# pass 1
# fail 0
# cancelled 0
# skipped 0
# todo 0
# duration_ms 336.274798
[node-tests] ok: tests/training/lora-causal-lm-provider-runner.test.js
TAP version 13
# lora-export-safetensors.test: ok
# Subtest: test module initialization completed
ok 1 - test module initialization completed
  ---
  duration_ms: 0.994885
  type: 'test'
  ...
1..1
# tests 1
# suites 0
# pass 1
# fail 0
# cancelled 0
# skipped 0
# todo 0
# duration_ms 124.188248
[node-tests] ok: tests/training/lora-export-safetensors.test.js
TAP version 13
# lora-matmul-layout-contract.test: ok
# Subtest: test module initialization completed
ok 1 - test module initialization completed
  ---
  duration_ms: 1.281715
  type: 'test'
  ...
1..1
# tests 1
# suites 0
# pass 1
# fail 0
# cancelled 0
# skipped 0
# todo 0
# duration_ms 107.561085
[node-tests] ok: tests/training/lora-matmul-layout-contract.test.js
TAP version 13
# lora-runner-compatibility.test: ok
# Subtest: test module initialization completed
ok 1 - test module initialization completed
  ---
  duration_ms: 1.078833
  type: 'test'
  ...
1..1
# tests 1
# suites 0
# pass 1
# fail 0
# cancelled 0
# skipped 0
# todo 0
# duration_ms 324.754679
[node-tests] ok: tests/training/lora-runner-compatibility.test.js
TAP version 13
# loss-clip-workloads.test: ok
# Subtest: test module initialization completed
ok 1 - test module initialization completed
  ---
  duration_ms: 0.990657
  type: 'test'
  ...
1..1
# tests 1
# suites 0
# pass 1
# fail 0
# cancelled 0
# skipped 0
# todo 0
# duration_ms 239.241382
[node-tests] ok: tests/training/loss-clip-workloads.test.js
TAP version 13
# qwen-full-attention-reference.test: ok
# Subtest: test module initialization completed
ok 1 - test module initialization completed
  ---
  duration_ms: 1.038006
  type: 'test'
  ...
1..1
# tests 1
# suites 0
# pass 1
# fail 0
# cancelled 0
# skipped 0
# todo 0
# duration_ms 139.728654
[node-tests] ok: tests/training/qwen-full-attention-reference.test.js
TAP version 13
# qwen-full-decoder-reference.test: ok
# Subtest: test module initialization completed
ok 1 - test module initialization completed
  ---
  duration_ms: 1.116033
  type: 'test'
  ...
1..1
# tests 1
# suites 0
# pass 1
# fail 0
# cancelled 0
# skipped 0
# todo 0
# duration_ms 149.808318
[node-tests] ok: tests/training/qwen-full-decoder-reference.test.js
TAP version 13
# qwen-gated-delta-reference.test: ok
# Subtest: test module initialization completed
ok 1 - test module initialization completed
  ---
  duration_ms: 0.966361
  type: 'test'
  ...
1..1
# tests 1
# suites 0
# pass 1
# fail 0
# cancelled 0
# skipped 0
# todo 0
# duration_ms 109.023
[node-tests] ok: tests/training/qwen-gated-delta-reference.test.js
TAP version 13
# qwen-linear-attention-reference.test: ok
# Subtest: test module initialization completed
ok 1 - test module initialization completed
  ---
  duration_ms: 0.874949
  type: 'test'
  ...
1..1
# tests 1
# suites 0
# pass 1
# fail 0
# cancelled 0
# skipped 0
# todo 0
# duration_ms 93.210512
[node-tests] ok: tests/training/qwen-linear-attention-reference.test.js
TAP version 13
# qwen-linear-decoder-reference.test: ok
# Subtest: test module initialization completed
ok 1 - test module initialization completed
  ---
  duration_ms: 1.064947
  type: 'test'
  ...
1..1
# tests 1
# suites 0
# pass 1
# fail 0
# cancelled 0
# skipped 0
# todo 0
# duration_ms 142.68764
[node-tests] ok: tests/training/qwen-linear-decoder-reference.test.js
TAP version 13
# qwen-peft-adapter-import.test: ok
# Subtest: test module initialization completed
ok 1 - test module initialization completed
  ---
  duration_ms: 0.988994
  type: 'test'
  ...
1..1
# tests 1
# suites 0
# pass 1
# fail 0
# cancelled 0
# skipped 0
# todo 0
# duration_ms 137.148242
[node-tests] ok: tests/training/qwen-peft-adapter-import.test.js
TAP version 13
# qwen-sft-backend-parity-fixture.test: ok
# Subtest: test module initialization completed
ok 1 - test module initialization completed
  ---
  duration_ms: 0.848479
  type: 'test'
  ...
1..1
# tests 1
# suites 0
# pass 1
# fail 0
# cancelled 0
# skipped 0
# todo 0
# duration_ms 96.424959
[node-tests] ok: tests/training/qwen-sft-backend-parity-fixture.test.js
TAP version 13
# runner-state-cleanup.test: ok
# Subtest: test module initialization completed
ok 1 - test module initialization completed
  ---
  duration_ms: 1.09833
  type: 'test'
  ...
1..1
# tests 1
# suites 0
# pass 1
# fail 0
# cancelled 0
# skipped 0
# todo 0
# duration_ms 265.886163
[node-tests] ok: tests/training/runner-state-cleanup.test.js
TAP version 13
# [197.2ms][KernelSelect] matmul variant=f32 reason=default
# runtime-cleanup.test: ok
# Subtest: test module initialization completed
ok 1 - test module initialization completed
  ---
  duration_ms: 1.053445
  type: 'test'
  ...
1..1
# tests 1
# suites 0
# pass 1
# fail 0
# cancelled 0
# skipped 0
# todo 0
# duration_ms 247.613239
[node-tests] ok: tests/training/runtime-cleanup.test.js
TAP version 13
# silu-gated-autograd-contract.test: ok
# Subtest: test module initialization completed
ok 1 - test module initialization completed
  ---
  duration_ms: 1.154525
  type: 'test'
  ...
1..1
# tests 1
# suites 0
# pass 1
# fail 0
# cancelled 0
# skipped 0
# todo 0
# duration_ms 221.037147
[node-tests] ok: tests/training/silu-gated-autograd-contract.test.js
TAP version 13
# student-code-experiment.test: ok
# Subtest: retained teacher labels reproduce the historical training dataset
ok 1 - retained teacher labels reproduce the historical training dataset
  ---
  duration_ms: 32827.353445
  type: 'test'
  ...
# Subtest: synthetic teacher receipts enforce admission, balancing and provenance
ok 2 - synthetic teacher receipts enforce admission, balancing and provenance
  ---
  duration_ms: 32914.700997
  type: 'test'
  ...
# Subtest: test module initialization completed
ok 3 - test module initialization completed
  ---
  duration_ms: 0.203985
  type: 'test'
  ...
1..3
# tests 3
# suites 0
# pass 3
# fail 0
# cancelled 0
# skipped 0
# todo 0
# duration_ms 78987.15611
[node-tests] ok: tests/training/student-code-experiment.test.js
TAP version 13
# Warning: maxDynamicUniformBuffersPerPipelineLayout artificially reduced from 500000 to 16 to fit dynamic offset allocation limit.
# Warning: maxDynamicStorageBuffersPerPipelineLayout artificially reduced from 500000 to 16 to fit dynamic offset allocation limit.
# [GPU] amd rdna-3, f16/subgroups, 4.0GB, submit probe: 0.5ms
# [331.7ms][KernelSelect] matmul variant=f32 reason=default
# suite-artifact-dir-cleanup.test: ok
# Subtest: test module initialization completed
ok 1 - test module initialization completed
  ---
  duration_ms: 1.596498
  type: 'test'
  ...
1..1
# tests 1
# suites 0
# pass 1
# fail 0
# cancelled 0
# skipped 0
# todo 0
# duration_ms 442.257215
[node-tests] ok: tests/training/suite-artifact-dir-cleanup.test.js
TAP version 13
# teacher-trace-dataset.test: ok
# Subtest: test module initialization completed
ok 1 - test module initialization completed
  ---
  duration_ms: 1.096646
  type: 'test'
  ...
1..1
# tests 1
# suites 0
# pass 1
# fail 0
# cancelled 0
# skipped 0
# todo 0
# duration_ms 93.12816
[node-tests] ok: tests/training/teacher-trace-dataset.test.js
TAP version 13
# text-pairs.test: ok
# Subtest: test module initialization completed
ok 1 - test module initialization completed
  ---
  duration_ms: 0.848649
  type: 'test'
  ...
1..1
# tests 1
# suites 0
# pass 1
# fail 0
# cancelled 0
# skipped 0
# todo 0
# duration_ms 90.249346
[node-tests] ok: tests/training/text-pairs.test.js
TAP version 13
# wgsl-browser-verifier-timeout.test: ok
# Subtest: test module initialization completed
ok 1 - test module initialization completed
  ---
  duration_ms: 1.430105
  type: 'test'
  ...
1..1
# tests 1
# suites 0
# pass 1
# fail 0
# cancelled 0
# skipped 0
# todo 0
# duration_ms 126.878283
[node-tests] ok: tests/training/wgsl-browser-verifier-timeout.test.js
TAP version 13
# wgsl-experiment-signal-gates.test: ok
# Subtest: test module initialization completed
ok 1 - test module initialization completed
  ---
  duration_ms: 1.09336
  type: 'test'
  ...
1..1
# tests 1
# suites 0
# pass 1
# fail 0
# cancelled 0
# skipped 0
# todo 0
# duration_ms 324.542551
[node-tests] ok: tests/training/wgsl-experiment-signal-gates.test.js
TAP version 13
# wgsl-family-distill-export.test: ok
# Subtest: test module initialization completed
ok 1 - test module initialization completed
  ---
  duration_ms: 0.969527
  type: 'test'
  ...
1..1
# tests 1
# suites 0
# pass 1
# fail 0
# cancelled 0
# skipped 0
# todo 0
# duration_ms 135.376187
[node-tests] ok: tests/training/wgsl-family-distill-export.test.js
TAP version 13
# wgsl-length-strata.test: ok
# Subtest: test module initialization completed
ok 1 - test module initialization completed
  ---
  duration_ms: 0.847668
  type: 'test'
  ...
1..1
# tests 1
# suites 0
# pass 1
# fail 0
# cancelled 0
# skipped 0
# todo 0
# duration_ms 104.322667
[node-tests] ok: tests/training/wgsl-length-strata.test.js
TAP version 13
# wgsl-repair-contract.test: ok
# Subtest: test module initialization completed
ok 1 - test module initialization completed
  ---
  duration_ms: 1.009412
  type: 'test'
  ...
1..1
# tests 1
# suites 0
# pass 1
# fail 0
# cancelled 0
# skipped 0
# todo 0
# duration_ms 103.435454
[node-tests] ok: tests/training/wgsl-repair-contract.test.js
TAP version 13
# wgsl-repair-v10-policy.test: ok
# Subtest: retained V10 token-budget derivation bytes match their frozen digest
ok 1 - retained V10 token-budget derivation bytes match their frozen digest
  ---
  duration_ms: 46.318157
  type: 'test'
  ...
# Subtest: test module initialization completed
ok 2 - test module initialization completed
  ---
  duration_ms: 0.226317
  type: 'test'
  ...
1..2
# tests 2
# suites 0
# pass 2
# fail 0
# cancelled 0
# skipped 0
# todo 0
# duration_ms 144.671915
[node-tests] ok: tests/training/wgsl-repair-v10-policy.test.js
TAP version 13
# wgsl-repair-v11-policy.test: ok
# Subtest: retained V11 corpus has frozen hashes and disjoint families
ok 1 - retained V11 corpus has frozen hashes and disjoint families
  ---
  duration_ms: 179.258623
  type: 'test'
  ...
# Subtest: rollout task custody rejects changed bytes, row counts and undeclared task sets
ok 2 - rollout task custody rejects changed bytes, row counts and undeclared task sets
  ---
  duration_ms: 3.403234
  type: 'test'
  ...
# Subtest: test module initialization completed
ok 3 - test module initialization completed
  ---
  duration_ms: 0.147177
  type: 'test'
  ...
1..3
# tests 3
# suites 0
# pass 3
# fail 0
# cancelled 0
# skipped 0
# todo 0
# duration_ms 511.021662
[node-tests] ok: tests/training/wgsl-repair-v11-policy.test.js
TAP version 13
# wgsl-rollout-comparison.test: ok
# Subtest: test module initialization completed
ok 1 - test module initialization completed
  ---
  duration_ms: 0.969877
  type: 'test'
  ...
1..1
# tests 1
# suites 0
# pass 1
# fail 0
# cancelled 0
# skipped 0
# todo 0
# duration_ms 89.986921
[node-tests] ok: tests/training/wgsl-rollout-comparison.test.js
TAP version 13
# wgsl-rollout-verifier.test: ok
# Subtest: test module initialization completed
ok 1 - test module initialization completed
  ---
  duration_ms: 0.888454
  type: 'test'
  ...
1..1
# tests 1
# suites 0
# pass 1
# fail 0
# cancelled 0
# skipped 0
# todo 0
# duration_ms 105.744015
[node-tests] ok: tests/training/wgsl-rollout-verifier.test.js
TAP version 13
# wgsl-sequence-kd-materialization.test: ok
# Subtest: test module initialization completed
ok 1 - test module initialization completed
  ---
  duration_ms: 0.995907
  type: 'test'
  ...
1..1
# tests 1
# suites 0
# pass 1
# fail 0
# cancelled 0
# skipped 0
# todo 0
# duration_ms 91.981259
[node-tests] ok: tests/training/wgsl-sequence-kd-materialization.test.js
TAP version 13
# wgsl-source-catalog-v2.test: ok
# Subtest: test module initialization completed
ok 1 - test module initialization completed
  ---
  duration_ms: 0.985818
  type: 'test'
  ...
1..1
# tests 1
# suites 0
# pass 1
# fail 0
# cancelled 0
# skipped 0
# todo 0
# duration_ms 95.613985
[node-tests] ok: tests/training/wgsl-source-catalog-v2.test.js
TAP version 13
# wgsl-stratified-comparison.test: ok
# Subtest: test module initialization completed
ok 1 - test module initialization completed
  ---
  duration_ms: 0.840704
  type: 'test'
  ...
1..1
# tests 1
# suites 0
# pass 1
# fail 0
# cancelled 0
# skipped 0
# todo 0
# duration_ms 104.714746
[node-tests] ok: tests/training/wgsl-stratified-comparison.test.js
TAP version 13
# wgsl-v12-evaluation.test: ok
# Subtest: test module initialization completed
ok 1 - test module initialization completed
  ---
  duration_ms: 0.957775
  type: 'test'
  ...
1..1
# tests 1
# suites 0
# pass 1
# fail 0
# cancelled 0
# skipped 0
# todo 0
# duration_ms 103.880843
[node-tests] ok: tests/training/wgsl-v12-evaluation.test.js
TAP version 13
# wgsl-v12-final-results.test: ok
# Subtest: test module initialization completed
ok 1 - test module initialization completed
  ---
  duration_ms: 0.830585
  type: 'test'
  ...
1..1
# tests 1
# suites 0
# pass 1
# fail 0
# cancelled 0
# skipped 0
# todo 0
# duration_ms 97.182932
[node-tests] ok: tests/training/wgsl-v12-final-results.test.js
TAP version 13
# wgsl-v12-lane-decision.test: ok
# Subtest: test module initialization completed
ok 1 - test module initialization completed
  ---
  duration_ms: 0.863066
  type: 'test'
  ...
1..1
# tests 1
# suites 0
# pass 1
# fail 0
# cancelled 0
# skipped 0
# todo 0
# duration_ms 97.911665
[node-tests] ok: tests/training/wgsl-v12-lane-decision.test.js
TAP version 13
# wgsl-v12-seed-workloads.test: ok
# Subtest: test module initialization completed
ok 1 - test module initialization completed
  ---
  duration_ms: 0.977662
  type: 'test'
  ...
1..1
# tests 1
# suites 0
# pass 1
# fail 0
# cancelled 0
# skipped 0
# todo 0
# duration_ms 111.575013
[node-tests] ok: tests/training/wgsl-v12-seed-workloads.test.js
TAP version 13
# wgsl-writer-family-distillation-contract.test: ok
# Subtest: retained family-distillation transport and adapter byte custody
ok 1 - retained family-distillation transport and adapter byte custody
  ---
  duration_ms: 1740.856684
  type: 'test'
  ...
# Subtest: test module initialization completed
ok 2 - test module initialization completed
  ---
  duration_ms: 1.159444
  type: 'test'
  ...
1..2
# tests 2
# suites 0
# pass 2
# fail 0
# cancelled 0
# skipped 0
# todo 0
# duration_ms 1866.009806
[node-tests] ok: tests/training/wgsl-writer-family-distillation-contract.test.js
TAP version 13
# wgsl-writer-v2-corpus.test: ok
# Subtest: test module initialization completed
ok 1 - test module initialization completed
  ---
  duration_ms: 1.137363
  type: 'test'
  ...
1..1
# tests 1
# suites 0
# pass 1
# fail 0
# cancelled 0
# skipped 0
# todo 0
# duration_ms 294.553107
[node-tests] ok: tests/training/wgsl-writer-v2-corpus.test.js
TAP version 13
# wgsl-writer-v2-evaluation-contract.test: ok
# Subtest: test module initialization completed
ok 1 - test module initialization completed
  ---
  duration_ms: 1.385582
  type: 'test'
  ...
1..1
# tests 1
# suites 0
# pass 1
# fail 0
# cancelled 0
# skipped 0
# todo 0
# duration_ms 153.768678
[node-tests] ok: tests/training/wgsl-writer-v2-evaluation-contract.test.js
TAP version 13
# wgsl-writer-v2-result.test: ok
# Subtest: test module initialization completed
ok 1 - test module initialization completed
  ---
  duration_ms: 1.001417
  type: 'test'
  ...
1..1
# tests 1
# suites 0
# pass 1
# fail 0
# cancelled 0
# skipped 0
# todo 0
# duration_ms 104.986969
[node-tests] ok: tests/training/wgsl-writer-v2-result.test.js
TAP version 13
# wgsl-writer-v2-training-contract.test: ok
# Subtest: test module initialization completed
ok 1 - test module initialization completed
  ---
  duration_ms: 1.113048
  type: 'test'
  ...
1..1
# tests 1
# suites 0
# pass 1
# fail 0
# cancelled 0
# skipped 0
# todo 0
# duration_ms 346.871763
[node-tests] ok: tests/training/wgsl-writer-v2-training-contract.test.js
TAP version 13
# Subtest: WGSL writer V3 confirmation halts before hashing nonfinite evidence
ok 1 - WGSL writer V3 confirmation halts before hashing nonfinite evidence
  ---
  duration_ms: 6.060882
  type: 'test'
  ...
# Subtest: test module initialization completed
ok 2 - test module initialization completed
  ---
  duration_ms: 0.11163
  type: 'test'
  ...
1..2
# tests 2
# suites 0
# pass 2
# fail 0
# cancelled 0
# skipped 0
# todo 0
# duration_ms 112.493003
[node-tests] ok: tests/training/wgsl-writer-v3-confirmation-finiteness.test.js
TAP version 13
# wgsl-writer-v3-contract.test: ok
# Subtest: test module initialization completed
ok 1 - test module initialization completed
  ---
  duration_ms: 1.542206
  type: 'test'
  ...
1..1
# tests 1
# suites 0
# pass 1
# fail 0
# cancelled 0
# skipped 0
# todo 0
# duration_ms 144.675312
[node-tests] ok: tests/training/wgsl-writer-v3-contract.test.js
TAP version 13
# Subtest: test module initialization completed
ok 1 - test module initialization completed
  ---
  duration_ms: 0.973715
  type: 'test'
  ...
1..1
# tests 1
# suites 0
# pass 1
# fail 0
# cancelled 0
# skipped 0
# todo 0
# duration_ms 112.243404
[node-tests] ok: tests/training/wgsl-writer-v3-reconciliation.test.js
TAP version 13
# sha256.test: ok
# Subtest: test module initialization completed
ok 1 - test module initialization completed
  ---
  duration_ms: 0.951083
  type: 'test'
  ...
1..1
# tests 1
# suites 0
# pass 1
# fail 0
# cancelled 0
# skipped 0
# todo 0
# duration_ms 95.131116
[node-tests] ok: tests/utils/sha256.test.js
[node-tests] ok: 876 files
