{
  "suite": "bench",
  "modelId": "lfm2-5-1-2b-instruct-wq4k-ef16-hf16-f32",
  "runtimePreset": null,
  "deviceInfo": {
    "hasSubgroups": true,
    "hasSubgroupsF16": false,
    "hasF16": true,
    "hasTimestampQuery": true,
    "maxBufferSize": 14302248960,
    "maxWorkgroupSize": 1024,
    "maxWorkgroupStorageSize": 32768,
    "adapterInfo": {
      "vendor": "unknown",
      "architecture": "unknown",
      "device": "unknown",
      "description": ""
    }
  },
  "results": [
    {
      "name": "benchmark",
      "passed": true,
      "duration": 13355.957833999997
    }
  ],
  "durationMs": 24078.078208,
  "timestamp": "2026-03-03T14:50:16.440Z",
  "metrics": {
    "warmupRuns": 2,
    "timedRuns": 3,
    "prompt": "Summarize this input in one sentence.",
    "maxTokens": 128,
    "decodeTokensPerSec": 29.81,
    "avgTokensGenerated": 128,
    "avgPrefillTokens": 9,
    "avgDecodeTokens": 128,
    "medianPrefillTokensPerSec": 63.06,
    "avgPrefillTokensPerSec": 63.45,
    "medianPrefillTokensPerSecTtft": 62.82,
    "avgPrefillTokensPerSecTtft": 63.16,
    "avgDecodeTokensPerSec": 29.7,
    "firstTokenMs": 143.26,
    "firstResponseMs": 1627.7,
    "prefillMs": 142.73,
    "decodeMs": 4293.44,
    "totalRunMs": 4433.81,
    "decodeMsPerTokenP50": 33.54,
    "decodeMsPerTokenP95": 33.98,
    "decodeMsPerTokenP99": 34.02,
    "avgPrefillMs": 141.85,
    "modelLoadMs": 1484.44,
    "throughput": {
      "tokensPerSec": {
        "mean": 28.752871412287693,
        "median": 28.86907485497379,
        "min": 28.44776730170845,
        "max": 28.941772080180836,
        "p95": 28.934502357660133,
        "p99": 28.940318135676694,
        "stdDev": 0.26671634812561446,
        "ci95": 0.46196626616279235,
        "samples": 3,
        "samplesAfterOutlierRemoval": 3,
        "outliersRemoved": 0
      },
      "prefillTokensPerSec": {
        "mean": 63.452106907988544,
        "median": 63.05597283234833,
        "min": 62.96155410102585,
        "max": 64.33879379059147,
        "p95": 64.21051169476715,
        "p99": 64.3131373714266,
        "stdDev": 0.7693431906770855,
        "ci95": 1.3325414947098626,
        "samples": 3,
        "samplesAfterOutlierRemoval": 3,
        "outliersRemoved": 0
      },
      "prefillTokensPerSecTtft": {
        "mean": 63.15517505753933,
        "median": 62.822108582612486,
        "min": 62.463942255555956,
        "max": 64.17947433444955,
        "p95": 64.04373775926584,
        "p99": 64.15232701941281,
        "stdDev": 0.9049654888272763,
        "ci95": 1.5674462057452478,
        "samples": 3,
        "samplesAfterOutlierRemoval": 3,
        "outliersRemoved": 0
      },
      "decodeTokensPerSec": {
        "mean": 29.70487575582571,
        "median": 29.81294184538312,
        "min": 29.384391544951228,
        "max": 29.91729387714279,
        "p95": 29.906858673966823,
        "p99": 29.915206836507597,
        "stdDev": 0.2824091600815621,
        "ci95": 0.489147013784118,
        "samples": 3,
        "samplesAfterOutlierRemoval": 3,
        "outliersRemoved": 0
      }
    },
    "latency": {
      "totalMs": {
        "mean": 4451.985944666666,
        "median": 4433.810249999999,
        "min": 4422.6732090000005,
        "max": 4499.474374999998,
        "p95": 4492.907962499998,
        "p99": 4498.161092499998,
        "stdDev": 41.50146602472886,
        "ci95": 71.88264774342396,
        "samples": 3,
        "samplesAfterOutlierRemoval": 3,
        "outliersRemoved": 0
      },
      "prefillMs": {
        "mean": 141.85306933333413,
        "median": 142.73033299999952,
        "min": 139.88450000000012,
        "max": 142.94437500000276,
        "p95": 142.92297080000245,
        "p99": 142.9400941600027,
        "stdDev": 1.7081868778177343,
        "ci95": 2.9586664612027658,
        "samples": 3,
        "samplesAfterOutlierRemoval": 3,
        "outliersRemoved": 0
      },
      "decodeMs": {
        "mean": 4309.317791333334,
        "median": 4293.437416000001,
        "min": 4278.461832999999,
        "max": 4356.054125000002,
        "p95": 4349.792454100002,
        "p99": 4354.801790820003,
        "stdDev": 41.16164094152579,
        "ci95": 71.2940534336299,
        "samples": 3,
        "samplesAfterOutlierRemoval": 3,
        "outliersRemoved": 0
      },
      "firstTokenMs": {
        "mean": 142.52551399999962,
        "median": 143.26166699999885,
        "min": 140.23175000000083,
        "max": 144.0831249999992,
        "p95": 144.00097919999916,
        "p99": 144.0666958399992,
        "stdDev": 2.0284756042922987,
        "ci95": 3.513422808548242,
        "samples": 3,
        "samplesAfterOutlierRemoval": 3,
        "outliersRemoved": 0
      }
    },
    "tokens": {
      "generated": {
        "mean": 128,
        "median": 128,
        "min": 128,
        "max": 128,
        "p95": 128,
        "p99": 128,
        "stdDev": 0,
        "ci95": 0,
        "samples": 3,
        "samplesAfterOutlierRemoval": 3,
        "outliersRemoved": 0
      },
      "prefill": {
        "mean": 9,
        "median": 9,
        "min": 9,
        "max": 9,
        "p95": 9,
        "p99": 9,
        "stdDev": 0,
        "ci95": 0,
        "samples": 3,
        "samplesAfterOutlierRemoval": 3,
        "outliersRemoved": 0
      },
      "decode": {
        "mean": 128,
        "median": 128,
        "min": 128,
        "max": 128,
        "p95": 128,
        "p99": 128,
        "stdDev": 0,
        "ci95": 0,
        "samples": 3,
        "samplesAfterOutlierRemoval": 3,
        "outliersRemoved": 0
      }
    },
    "gpu": {
      "prefillMs": {
        "mean": 0,
        "median": 0,
        "min": 0,
        "max": 0,
        "p95": 0,
        "p99": 0,
        "stdDev": 0,
        "ci95": 0,
        "samples": 0,
        "samplesAfterOutlierRemoval": 0,
        "outliersRemoved": 0
      },
      "decodeMs": {
        "mean": 0,
        "median": 0,
        "min": 0,
        "max": 0,
        "p95": 0,
        "p99": 0,
        "stdDev": 0,
        "ci95": 0,
        "samples": 0,
        "samplesAfterOutlierRemoval": 0,
        "outliersRemoved": 0
      },
      "decodeRecordMs": {
        "mean": 496.1495419999986,
        "median": 485.52787499999795,
        "min": 464.65391699999964,
        "max": 538.2668339999982,
        "p95": 532.9929380999981,
        "p99": 537.2120548199982,
        "stdDev": 37.938506094815416,
        "ci95": 65.71142011948182,
        "samples": 3,
        "samplesAfterOutlierRemoval": 3,
        "outliersRemoved": 0
      },
      "decodeSubmitWaitMs": {
        "mean": 3800.47875,
        "median": 3802.4797080000008,
        "min": 3795.4994170000027,
        "max": 3803.457124999997,
        "p95": 3803.3593832999977,
        "p99": 3803.4375766599974,
        "stdDev": 4.339833388693458,
        "ci95": 7.516811925600882,
        "samples": 3,
        "samplesAfterOutlierRemoval": 3,
        "outliersRemoved": 0
      },
      "decodeReadbackWaitMs": {
        "mean": 3707.887999666668,
        "median": 3710.5290410000016,
        "min": 3700.101792000003,
        "max": 3713.0331659999993,
        "p95": 3712.7827534999997,
        "p99": 3712.9830834999993,
        "stdDev": 6.858311226185822,
        "ci95": 11.87894349787385,
        "samples": 3,
        "samplesAfterOutlierRemoval": 3,
        "outliersRemoved": 0
      }
    },
    "generatedText": " the"
  },
  "output": null,
  "memory": {
    "used": 2632073728,
    "pool": {
      "allocations": 86146,
      "reuses": 647,
      "totalBytesAllocated": 3104926208,
      "peakBytesAllocated": 2554241536,
      "currentBytesAllocated": 2497856000,
      "totalBytesRequested": 2954156032,
      "peakBytesRequested": 2430337024,
      "currentBytesRequested": 2373582848,
      "activeBuffers": 138,
      "pooledBuffers": 64,
      "budgetMaxBytes": 0,
      "budgetUtilization": 0,
      "hitRate": "0.7%"
    },
    "kvCache": {
      "theoretical": 134217728,