{
  "suite": "bench",
  "modelId": "lfm2-5-1-2b-instruct-wq4k-ef16-hf16-f32",
  "runtimePreset": null,
  "deviceInfo": {
    "hasSubgroups": true,
    "hasSubgroupsF16": false,
    "hasF16": true,
    "hasTimestampQuery": true,
    "maxBufferSize": 14302248960,
    "maxWorkgroupSize": 1024,
    "maxWorkgroupStorageSize": 32768,
    "adapterInfo": {
      "vendor": "unknown",
      "architecture": "unknown",
      "device": "unknown",
      "description": ""
    }
  },
  "results": [
    {
      "name": "benchmark",
      "passed": true,
      "duration": 33799.917916
    }
  ],
  "durationMs": 66801.373167,
  "timestamp": "2026-03-03T15:54:28.139Z",
  "metrics": {
    "warmupRuns": 2,
    "timedRuns": 3,
    "prompt": "Summarize this input in one sentence.",
    "maxTokens": 128,
    "decodeTokensPerSec": 11.87,
    "avgTokensGenerated": 128,
    "avgPrefillTokens": 9,
    "avgDecodeTokens": 128,
    "medianPrefillTokensPerSec": 26.28,
    "avgPrefillTokensPerSec": 26.41,
    "medianPrefillTokensPerSecTtft": 26.2,
    "avgPrefillTokensPerSecTtft": 26.25,
    "avgDecodeTokensPerSec": 11.73,
    "firstTokenMs": 343.51,
    "firstResponseMs": 6656.38,
    "prefillMs": 342.42,
    "decodeMs": 10779.64,
    "totalRunMs": 11123.52,
    "decodeMsPerTokenP50": 84.22,
    "decodeMsPerTokenP95": 88.05,
    "decodeMsPerTokenP99": 88.39,
    "avgPrefillMs": 343.58,
    "modelLoadMs": 6312.87,
    "throughput": {
      "tokensPerSec": {
        "mean": 11.367054905281485,
        "median": 11.507151747942027,
        "min": 11.001364069186875,
        "max": 11.592648898715554,
        "p95": 11.584099183638202,
        "p99": 11.590938955700084,
        "stdDev": 0.3195696816036825,
        "ci95": 0.5535109250961873,
        "samples": 3,
        "samplesAfterOutlierRemoval": 3,
        "outliersRemoved": 0
      },
      "prefillTokensPerSec": {
        "mean": 26.410776599903823,
        "median": 26.283345143364762,
        "min": 23.544867231108192,
        "max": 29.404117425238503,
        "p95": 29.09204019705113,
        "p99": 29.341701979601027,
        "stdDev": 2.931702967805704,
        "ci95": 5.077858492939944,
        "samples": 3,
        "samplesAfterOutlierRemoval": 3,
        "outliersRemoved": 0
      },
      "prefillTokensPerSecTtft": {
        "mean": 26.25040568883733,
        "median": 26.200342567150262,
        "min": 23.504557830182012,
        "max": 29.046316669179706,
        "p95": 28.76171925897676,
        "p99": 28.98939718713912,
        "stdDev": 2.7712185937809126,
        "ci95": 4.799891403308118,
        "samples": 3,
        "samplesAfterOutlierRemoval": 3,
        "outliersRemoved": 0
      },
      "decodeTokensPerSec": {
        "mean": 11.728819621348284,
        "median": 11.8742418530235,
        "min": 11.302643081141124,
        "max": 12.009573929880226,
        "p95": 11.996040722194554,
        "p99": 12.006867288343091,
        "stdDev": 0.37523129576808634,
        "ci95": 0.6499196688602302,
        "samples": 3,
        "samplesAfterOutlierRemoval": 3,
        "outliersRemoved": 0
      }
    },
    "latency": {
      "totalMs": {
        "mean": 11266.639305333332,
        "median": 11123.517165999998,
        "min": 11041.479917000004,
        "max": 11634.920832999996,
        "p95": 11583.780466299997,
        "p99": 11624.692759659996,
        "stdDev": 321.5680181100733,
        "ci95": 556.9721454558759,
        "samples": 3,
        "samplesAfterOutlierRemoval": 3,
        "outliersRemoved": 0
      },
      "prefillMs": {
        "mean": 343.58355566666916,
        "median": 342.42216700000426,
        "min": 306.0795829999988,
        "max": 382.24891700000444,
        "p95": 378.2662420000044,
        "p99": 381.45238200000443,
        "stdDev": 38.09794585312174,
        "ci95": 65.98757788161487,
        "samples": 3,
        "samplesAfterOutlierRemoval": 3,
        "outliersRemoved": 0
      },
      "decodeMs": {
        "mean": 10920.861208,
        "median": 10779.635583000003,
        "min": 10658.163290999997,
        "max": 11324.784749999999,
        "p95": 11270.269833299999,
        "p99": 11313.881766659999,
        "stdDev": 355.0416176553145,
        "ci95": 614.9501205804481,
        "samples": 3,
        "samplesAfterOutlierRemoval": 3,
        "outliersRemoved": 0
      },
      "firstTokenMs": {
        "mean": 345.42045866666496,
        "median": 343.50695899999846,
        "min": 309.8499579999989,
        "max": 382.9044589999976,
        "p95": 378.9647089999977,
        "p99": 382.1165089999976,
        "stdDev": 36.56482106917047,
        "ci95": 63.33212786146822,
        "samples": 3,
        "samplesAfterOutlierRemoval": 3,
        "outliersRemoved": 0
      }
    },
    "tokens": {
      "generated": {
        "mean": 128,
        "median": 128,
        "min": 128,
        "max": 128,
        "p95": 128,
        "p99": 128,
        "stdDev": 0,
        "ci95": 0,
        "samples": 3,
        "samplesAfterOutlierRemoval": 3,
        "outliersRemoved": 0
      },
      "prefill": {
        "mean": 9,
        "median": 9,
        "min": 9,
        "max": 9,
        "p95": 9,
        "p99": 9,
        "stdDev": 0,
        "ci95": 0,
        "samples": 3,
        "samplesAfterOutlierRemoval": 3,
        "outliersRemoved": 0
      },
      "decode": {
        "mean": 128,
        "median": 128,
        "min": 128,
        "max": 128,
        "p95": 128,
        "p99": 128,
        "stdDev": 0,
        "ci95": 0,
        "samples": 3,
        "samplesAfterOutlierRemoval": 3,
        "outliersRemoved": 0
      }
    },
    "gpu": {
      "prefillMs": {
        "mean": 0,
        "median": 0,
        "min": 0,
        "max": 0,
        "p95": 0,
        "p99": 0,
        "stdDev": 0,
        "ci95": 0,
        "samples": 0,
        "samplesAfterOutlierRemoval": 0,
        "outliersRemoved": 0
      },
      "decodeMs": {
        "mean": 0,
        "median": 0,
        "min": 0,
        "max": 0,
        "p95": 0,
        "p99": 0,
        "stdDev": 0,
        "ci95": 0,
        "samples": 0,
        "samplesAfterOutlierRemoval": 0,
        "outliersRemoved": 0
      },
      "decodeRecordMs": {
        "mean": 3029.7634446666657,
        "median": 3108.340876000002,
        "min": 2741.968249999998,
        "max": 3238.9812079999974,
        "p95": 3225.917174799998,
        "p99": 3236.3684013599977,
        "stdDev": 257.655350499822,
        "ci95": 446.2721579076589,
        "samples": 3,
        "samplesAfterOutlierRemoval": 3,
        "outliersRemoved": 0
      },
      "decodeSubmitWaitMs": {
        "mean": 7745.906833333332,
        "median": 7811.626457999999,
        "min": 7455.888208999997,
        "max": 7970.205833,
        "p95": 7954.3478955,
        "p99": 7967.0342455,
        "stdDev": 263.3817692798759,
        "ci95": 456.19060618012884,
        "samples": 3,
        "samplesAfterOutlierRemoval": 3,
        "outliersRemoved": 0
      },
      "decodeReadbackWaitMs": {
        "mean": 7333.645249666668,
        "median": 7398.978166000001,
        "min": 7018.0265,
        "max": 7583.931083000003,
        "p95": 7565.435791300003,
        "p99": 7580.232024660003,
        "stdDev": 288.5537934815025,
        "ci95": 499.7898310266995,
        "samples": 3,
        "samplesAfterOutlierRemoval": 3,
        "outliersRemoved": 0
      }
    },
    "generatedText": " the"
  },
  "output": null,
  "memory": {
    "used": 2632073728,
    "pool": {
      "allocations": 86146,
      "reuses": 647,
      "totalBytesAllocated": 3104926208,
      "peakBytesAllocated": 2554241536,
      "currentBytesAllocated": 2497856000,
      "totalBytesRequested": 2955466752,
      "peakBytesRequested": 2430337024,
      "currentBytesRequested": 2373582848,
      "activeBuffers": 138,
      "pooledBuffers": 64,
      "budgetMaxBytes": 0,
      "budgetUtilization": 0,
      "hitRate": "0.7%"
    },
    "kvCache": {
      "theoretical": 134217728,