{
  "suite": "bench",
  "modelId": "lfm2-5-1-2b-instruct-wq4k-ef16-hf16-f32",
  "runtimePreset": null,
  "deviceInfo": {
    "hasSubgroups": true,
    "hasSubgroupsF16": false,
    "hasF16": true,
    "hasTimestampQuery": true,
    "maxBufferSize": 14302248960,
    "maxWorkgroupSize": 1024,
    "maxWorkgroupStorageSize": 32768,
    "adapterInfo": {
      "vendor": "unknown",
      "architecture": "unknown",
      "device": "unknown",
      "description": ""
    }
  },
  "results": [
    {
      "name": "benchmark",
      "passed": true,
      "duration": 14525.195333999998
    }
  ],
  "durationMs": 25271.225709,
  "timestamp": "2026-03-03T17:07:41.223Z",
  "metrics": {
    "warmupRuns": 2,
    "timedRuns": 3,
    "prompt": "Summarize this input in one sentence.",
    "maxTokens": 128,
    "decodeTokensPerSec": 27.32,
    "avgTokensGenerated": 128,
    "avgPrefillTokens": 9,
    "avgDecodeTokens": 128,
    "medianPrefillTokensPerSec": 86.62,
    "avgPrefillTokensPerSec": 87.21,
    "medianPrefillTokensPerSecTtft": 86.4,
    "avgPrefillTokensPerSecTtft": 86.65,
    "avgDecodeTokensPerSec": 27.03,
    "firstTokenMs": 104.16,
    "firstResponseMs": 1220.35,
    "prefillMs": 103.9,
    "decodeMs": 4684.52,
    "totalRunMs": 4789.04,
    "decodeMsPerTokenP50": 36.6,
    "decodeMsPerTokenP95": 38.03,
    "decodeMsPerTokenP99": 38.16,
    "avgPrefillMs": 103.21,
    "modelLoadMs": 1116.19,
    "throughput": {
      "tokensPerSec": {
        "mean": 26.449971801500464,
        "median": 26.72768815591956,
        "min": 25.63519712565353,
        "max": 26.987030122928303,
        "p95": 26.96109592622743,
        "p99": 26.981843283588127,
        "stdDev": 0.7174314554465104,
        "ci95": 1.2426277317814434,
        "samples": 3,
        "samplesAfterOutlierRemoval": 3,
        "outliersRemoved": 0
      },
      "prefillTokensPerSec": {
        "mean": 87.2123417764824,
        "median": 86.61786180035578,
        "min": 86.49417485758423,
        "max": 88.52498867150719,
        "p95": 88.33427598439205,
        "p99": 88.48684613408416,
        "stdDev": 1.1384665204636928,
        "ci95": 1.9718818561592688,
        "samples": 3,
        "samplesAfterOutlierRemoval": 3,
        "outliersRemoved": 0
      },
      "prefillTokensPerSecTtft": {
        "mean": 86.64798199177265,
        "median": 86.404250812645,
        "min": 86.2130900208349,
        "max": 87.32660514183807,
        "p95": 87.23436970891876,
        "p99": 87.30815805525421,
        "stdDev": 0.5954264412460171,
        "ci95": 1.0313088484080266,
        "samples": 3,
        "samplesAfterOutlierRemoval": 3,
        "outliersRemoved": 0
      },
      "decodeTokensPerSec": {
        "mean": 27.03121316808685,
        "median": 27.324062986768244,
        "min": 26.18226499288122,
        "max": 27.587311524611092,
        "p95": 27.560986670826807,
        "p99": 27.582046553854234,
        "stdDev": 0.7469000611245319,
        "ci95": 1.2936688540439893,
        "samples": 3,
        "samplesAfterOutlierRemoval": 3,
        "outliersRemoved": 0
      }
    },
    "latency": {
      "totalMs": {
        "mean": 4841.731777999999,
        "median": 4789.041209000001,
        "min": 4743.019124999999,
        "max": 4993.134999999998,
        "p95": 4972.725620899999,
        "p99": 4989.053124179998,
        "stdDev": 133.12291229503487,
        "ci95": 230.57564774653596,
        "samples": 3,
        "samplesAfterOutlierRemoval": 3,
        "outliersRemoved": 0
      },
      "prefillMs": {
        "mean": 103.20804166666615,
        "median": 103.90466599999854,
        "min": 101.66620899999907,
        "max": 104.05325000000084,
        "p95": 104.03839160000061,
        "p99": 104.0502783200008,
        "stdDev": 1.3373314025571459,
        "ci95": 2.316325935786324,
        "samples": 3,
        "samplesAfterOutlierRemoval": 3,
        "outliersRemoved": 0
      },
      "decodeMs": {
        "mean": 4737.711764,
        "median": 4684.515625,
        "min": 4639.814209,
        "max": 4888.805457999999,
        "p95": 4868.376474699999,
        "p99": 4884.719661339999,
        "stdDev": 132.7461201806867,
        "ci95": 229.92302466059363,
        "samples": 3,
        "samplesAfterOutlierRemoval": 3,
        "outliersRemoved": 0
      },
      "firstTokenMs": {
        "mean": 103.87180566666757,
        "median": 104.16154200000165,
        "min": 103.06137500000114,
        "max": 104.39249999999993,
        "p95": 104.3694042000001,
        "p99": 104.38788083999997,
        "stdDev": 0.7112902350980592,
        "ci95": 1.2319908261174501,
        "samples": 3,
        "samplesAfterOutlierRemoval": 3,
        "outliersRemoved": 0
      }
    },
    "tokens": {
      "generated": {
        "mean": 128,
        "median": 128,
        "min": 128,
        "max": 128,
        "p95": 128,
        "p99": 128,
        "stdDev": 0,
        "ci95": 0,
        "samples": 3,
        "samplesAfterOutlierRemoval": 3,
        "outliersRemoved": 0
      },
      "prefill": {
        "mean": 9,
        "median": 9,
        "min": 9,
        "max": 9,
        "p95": 9,
        "p99": 9,
        "stdDev": 0,
        "ci95": 0,
        "samples": 3,
        "samplesAfterOutlierRemoval": 3,
        "outliersRemoved": 0
      },
      "decode": {
        "mean": 128,
        "median": 128,
        "min": 128,
        "max": 128,
        "p95": 128,
        "p99": 128,
        "stdDev": 0,
        "ci95": 0,
        "samples": 3,
        "samplesAfterOutlierRemoval": 3,
        "outliersRemoved": 0
      }
    },
    "gpu": {
      "prefillMs": {
        "mean": 0,
        "median": 0,
        "min": 0,
        "max": 0,
        "p95": 0,
        "p99": 0,
        "stdDev": 0,
        "ci95": 0,
        "samples": 0,
        "samplesAfterOutlierRemoval": 0,
        "outliersRemoved": 0
      },
      "decodeMs": {
        "mean": 0,
        "median": 0,
        "min": 0,
        "max": 0,
        "p95": 0,
        "p99": 0,
        "stdDev": 0,
        "ci95": 0,
        "samples": 0,
        "samplesAfterOutlierRemoval": 0,
        "outliersRemoved": 0
      },
      "decodeRecordMs": {
        "mean": 597.8674863333345,
        "median": 597.9724170000009,
        "min": 595.2571670000016,
        "max": 600.3728750000009,
        "p95": 600.132829200001,
        "p99": 600.3248658400009,
        "stdDev": 2.559467702261478,
        "ci95": 4.433128100648452,
        "samples": 3,
        "samplesAfterOutlierRemoval": 3,
        "outliersRemoved": 0
      },
      "decodeSubmitWaitMs": {
        "mean": 4126.191402666665,
        "median": 4076.499249999999,
        "min": 4029.1362499999996,
        "max": 4272.938707999998,
        "p95": 4253.294762199998,
        "p99": 4269.009918839998,
        "stdDev": 129.27448379009564,
        "ci95": 223.9099740466849,
        "samples": 3,
        "samplesAfterOutlierRemoval": 3,
        "outliersRemoved": 0
      },
      "decodeReadbackWaitMs": {
        "mean": 4005.6101249999997,
        "median": 3954.236458000001,
        "min": 3910.8719999999994,
        "max": 4151.721916999999,
        "p95": 4131.973371099999,
        "p99": 4147.772207819999,
        "stdDev": 128.38072626175912,
        "ci95": 222.36194059795886,
        "samples": 3,
        "samplesAfterOutlierRemoval": 3,
        "outliersRemoved": 0
      }
    },
    "generatedText": " the"
  },
  "output": null,
  "memory": {
    "used": 2634160640,
    "pool": {
      "allocations": 114324,
      "reuses": 629,
      "totalBytesAllocated": 4490678784,
      "peakBytesAllocated": 2682311168,
      "currentBytesAllocated": 2499942912,
      "totalBytesRequested": 4271366144,
      "peakBytesRequested": 2554855424,
      "currentBytesRequested": 2373582848,
      "activeBuffers": 138,
      "pooledBuffers": 64,
      "budgetMaxBytes": 0,
      "budgetUtilization": 0,
      "hitRate": "0.5%"
    },
    "kvCache": {
      "theoretical": 134217728,