{
  "suite": "bench",
  "modelId": "lfm2-5-1-2b-instruct-wq4k-ef16-hf16-f32",
  "runtimePreset": null,
  "deviceInfo": {
    "hasSubgroups": true,
    "hasSubgroupsF16": false,
    "hasF16": true,
    "hasTimestampQuery": true,
    "maxBufferSize": 14302248960,
    "maxWorkgroupSize": 1024,
    "maxWorkgroupStorageSize": 32768,
    "adapterInfo": {
      "vendor": "unknown",
      "architecture": "unknown",
      "device": "unknown",
      "description": ""
    }
  },
  "results": [
    {
      "name": "benchmark",
      "passed": true,
      "duration": 25996.945874999998
    }
  ],
  "durationMs": 49595.466208,
  "timestamp": "2026-03-03T15:18:57.485Z",
  "metrics": {
    "warmupRuns": 2,
    "timedRuns": 3,
    "prompt": "Summarize this input in one sentence.",
    "maxTokens": 128,
    "decodeTokensPerSec": 15.46,
    "avgTokensGenerated": 128,
    "avgPrefillTokens": 9,
    "avgDecodeTokens": 128,
    "medianPrefillTokensPerSec": 21.08,
    "avgPrefillTokensPerSec": 21.87,
    "medianPrefillTokensPerSecTtft": 21.04,
    "avgPrefillTokensPerSecTtft": 21.61,
    "avgDecodeTokensPerSec": 15.53,
    "firstTokenMs": 427.84,
    "firstResponseMs": 4565.08,
    "prefillMs": 427.02,
    "decodeMs": 8280.46,
    "totalRunMs": 8726.39,
    "decodeMsPerTokenP50": 64.69,
    "decodeMsPerTokenP95": 65.53,
    "decodeMsPerTokenP99": 65.6,
    "avgPrefillMs": 413.09,
    "modelLoadMs": 4137.24,
    "throughput": {
      "tokensPerSec": {
        "mean": 14.774168220907812,
        "median": 14.668144335221415,
        "min": 14.575824642580923,
        "max": 15.0785356849211,
        "p95": 15.03749654995113,
        "p99": 15.070327857927106,
        "stdDev": 0.26760118885146716,
        "ci95": 0.46349885525657536,
        "samples": 3,
        "samplesAfterOutlierRemoval": 3,
        "outliersRemoved": 0
      },
      "prefillTokensPerSec": {
        "mean": 21.870025082956843,
        "median": 21.076135784175765,
        "min": 20.72844357026722,
        "max": 23.805495894427544,
        "p95": 23.532559883402367,
        "p99": 23.75090869222251,
        "stdDev": 1.6851581277270231,
        "ci95": 2.9187794960108477,
        "samples": 3,
        "samplesAfterOutlierRemoval": 3,
        "outliersRemoved": 0
      },
      "prefillTokensPerSecTtft": {
        "mean": 21.611034202286586,
        "median": 21.03580908250282,
        "min": 20.22591033906549,
        "max": 23.571383185291438,
        "p95": 23.317825775012576,
        "p99": 23.520671703235667,
        "stdDev": 1.7453395357441115,
        "ci95": 3.023016752367478,
        "samples": 3,
        "samplesAfterOutlierRemoval": 3,
        "outliersRemoved": 0
      },
      "decodeTokensPerSec": {
        "mean": 15.525618479870005,
        "median": 15.458078182581662,
        "min": 15.239078218508139,
        "max": 15.879699038520215,
        "p95": 15.83753695292636,
        "p99": 15.871266621401444,
        "stdDev": 0.32560716757556885,
        "ci95": 0.5639681575494788,
        "samples": 3,
        "samplesAfterOutlierRemoval": 3,
        "outliersRemoved": 0
      }
    },
    "latency": {
      "totalMs": {
        "mean": 8665.648625,
        "median": 8726.393541999998,
        "min": 8488.887958,
        "max": 8781.664375,
        "p95": 8776.1372917,
        "p99": 8780.55895834,
        "stdDev": 155.55374085454253,
        "ci95": 269.4269824674702,
        "samples": 3,
        "samplesAfterOutlierRemoval": 3,
        "outliersRemoved": 0
      },
      "prefillMs": {
        "mean": 413.0910693333317,
        "median": 427.02324999999837,
        "min": 378.0639579999988,
        "max": 434.1859999999979,
        "p95": 433.46972499999794,
        "p99": 434.04274499999786,
        "stdDev": 30.545051042008346,
        "ci95": 52.90558032454314,
        "samples": 3,
        "samplesAfterOutlierRemoval": 3,
        "outliersRemoved": 0
      },
      "decodeMs": {
        "mean": 8246.841486333335,
        "median": 8280.460125000005,
        "min": 8060.606166999998,
        "max": 8399.458167,
        "p95": 8387.5583628,
        "p99": 8397.07820616,
        "stdDev": 171.90936311135164,
        "ci95": 297.755751205668,
        "samples": 3,
        "samplesAfterOutlierRemoval": 3,
        "outliersRemoved": 0
      },
      "firstTokenMs": {
        "mean": 418.2115276666652,
        "median": 427.84187499999825,
        "min": 381.8189170000005,
        "max": 444.9737909999967,
        "p95": 443.26059939999686,
        "p99": 444.6311526799967,
        "stdDev": 32.66025443577141,
        "ci95": 56.56922007088288,
        "samples": 3,
        "samplesAfterOutlierRemoval": 3,
        "outliersRemoved": 0
      }
    },
    "tokens": {
      "generated": {
        "mean": 128,
        "median": 128,
        "min": 128,
        "max": 128,
        "p95": 128,
        "p99": 128,
        "stdDev": 0,
        "ci95": 0,
        "samples": 3,
        "samplesAfterOutlierRemoval": 3,
        "outliersRemoved": 0
      },
      "prefill": {
        "mean": 9,
        "median": 9,
        "min": 9,
        "max": 9,
        "p95": 9,
        "p99": 9,
        "stdDev": 0,
        "ci95": 0,
        "samples": 3,
        "samplesAfterOutlierRemoval": 3,
        "outliersRemoved": 0
      },
      "decode": {
        "mean": 128,
        "median": 128,
        "min": 128,
        "max": 128,
        "p95": 128,
        "p99": 128,
        "stdDev": 0,
        "ci95": 0,
        "samples": 3,
        "samplesAfterOutlierRemoval": 3,
        "outliersRemoved": 0
      }
    },
    "gpu": {
      "prefillMs": {
        "mean": 0,
        "median": 0,
        "min": 0,
        "max": 0,
        "p95": 0,
        "p99": 0,
        "stdDev": 0,
        "ci95": 0,
        "samples": 0,
        "samplesAfterOutlierRemoval": 0,
        "outliersRemoved": 0
      },
      "decodeMs": {
        "mean": 0,
        "median": 0,
        "min": 0,
        "max": 0,
        "p95": 0,
        "p99": 0,
        "stdDev": 0,
        "ci95": 0,
        "samples": 0,
        "samplesAfterOutlierRemoval": 0,
        "outliersRemoved": 0
      },
      "decodeRecordMs": {
        "mean": 1722.6912919999984,
        "median": 1748.3640839999935,
        "min": 1615.0604160000003,
        "max": 1804.6493760000012,
        "p95": 1799.0208468000005,
        "p99": 1803.523670160001,
        "stdDev": 97.36689696851158,
        "ci95": 168.64441252478616,
        "samples": 3,
        "samplesAfterOutlierRemoval": 3,
        "outliersRemoved": 0
      },
      "decodeSubmitWaitMs": {
        "mean": 6437.141014000004,
        "median": 6419.961292,
        "min": 6151.846375000008,
        "max": 6739.615375000005,
        "p95": 6707.649966700004,
        "p99": 6733.222293340004,
        "stdDev": 294.26086466984884,
        "ci95": 509.6747682873278,
        "samples": 3,
        "samplesAfterOutlierRemoval": 3,
        "outliersRemoved": 0
      },
      "decodeReadbackWaitMs": {
        "mean": 6234.851722333334,
        "median": 6175.2953750000015,
        "min": 6003.286375000003,
        "max": 6525.973416999997,
        "p95": 6490.9056127999975,
        "p99": 6518.959856159998,
        "stdDev": 266.3844117988932,
        "ci95": 461.39133558003334,
        "samples": 3,
        "samplesAfterOutlierRemoval": 3,
        "outliersRemoved": 0
      }
    },
    "generatedText": " the"
  },
  "output": null,
  "memory": {
    "used": 2632073728,
    "pool": {
      "allocations": 86146,
      "reuses": 647,
      "totalBytesAllocated": 3104926208,
      "peakBytesAllocated": 2554241536,
      "currentBytesAllocated": 2497856000,
      "totalBytesRequested": 2955466752,
      "peakBytesRequested": 2430337024,
      "currentBytesRequested": 2373582848,
      "activeBuffers": 138,
      "pooledBuffers": 64,
      "budgetMaxBytes": 0,
      "budgetUtilization": 0,
      "hitRate": "0.7%"
    },
    "kvCache": {
      "theoretical": 134217728,
      "allocated": 134217728,