{
  "suite": "bench",
  "modelId": "lfm2-5-1-2b-instruct-wq4k-ef16-hf16-f32",
  "runtimePreset": null,
  "deviceInfo": {
    "hasSubgroups": true,
    "hasSubgroupsF16": false,
    "hasF16": true,
    "hasTimestampQuery": true,
    "maxBufferSize": 14302248960,
    "maxWorkgroupSize": 1024,
    "maxWorkgroupStorageSize": 32768,
    "adapterInfo": {
      "vendor": "unknown",
      "architecture": "unknown",
      "device": "unknown",
      "description": ""
    }
  },
  "results": [
    {
      "name": "benchmark",
      "passed": true,
      "duration": 37281.42925
    }
  ],
  "durationMs": 75591.3735,
  "timestamp": "2026-03-03T16:01:38.390Z",
  "metrics": {
    "warmupRuns": 2,
    "timedRuns": 3,
    "prompt": "Summarize this input in one sentence.",
    "maxTokens": 128,
    "decodeTokensPerSec": 10.78,
    "avgTokensGenerated": 128,
    "avgPrefillTokens": 9,
    "avgDecodeTokens": 128,
    "medianPrefillTokensPerSec": 24.86,
    "avgPrefillTokensPerSec": 25.19,
    "medianPrefillTokensPerSecTtft": 24.8,
    "avgPrefillTokensPerSecTtft": 25.02,
    "avgDecodeTokensPerSec": 10.62,
    "firstTokenMs": 362.84,
    "firstResponseMs": 8150.22,
    "prefillMs": 362.05,
    "decodeMs": 11876.57,
    "totalRunMs": 12239.76,
    "decodeMsPerTokenP50": 92.79,
    "decodeMsPerTokenP95": 97.65,
    "decodeMsPerTokenP99": 98.08,
    "avgPrefillMs": 365.53,
    "modelLoadMs": 7787.38,
    "throughput": {
      "tokensPerSec": {
        "mean": 10.306622355168871,
        "median": 10.457721322314255,
        "min": 9.942982400874072,
        "max": 10.519163342318285,
        "p95": 10.513019140317882,
        "p99": 10.517934501918203,
        "stdDev": 0.31641632815830806,
        "ci95": 0.5480491567145763,
        "samples": 3,
        "samplesAfterOutlierRemoval": 3,
        "outliersRemoved": 0
      },
      "prefillTokensPerSec": {
        "mean": 25.185111219953615,
        "median": 24.858696677204943,
        "min": 20.72538860103627,
        "max": 29.971248381619638,
        "p95": 29.45999321117817,
        "p99": 29.868997347531344,
        "stdDev": 4.6315645964231855,
        "ci95": 8.0221051995422,
        "samples": 3,
        "samplesAfterOutlierRemoval": 3,
        "outliersRemoved": 0
      },
      "prefillTokensPerSecTtft": {
        "mean": 25.019187850240183,
        "median": 24.8042302699727,
        "min": 20.687402147869435,
        "max": 29.565931132878415,
        "p95": 29.089761046587842,
        "p99": 29.4706971156203,
        "stdDev": 4.443166022713644,
        "ci95": 7.695789297803763,
        "samples": 3,
        "samplesAfterOutlierRemoval": 3,
        "outliersRemoved": 0
      },
      "decodeTokensPerSec": {
        "mean": 10.624840646831199,
        "median": 10.777521370290764,
        "min": 10.184045831207989,
        "max": 10.912954738994845,
        "p95": 10.899411402124437,
        "p99": 10.910246071620763,
        "stdDev": 0.3876991120055072,
        "ci95": 0.6715145600428755,
        "samples": 3,
        "samplesAfterOutlierRemoval": 3,
        "outliersRemoved": 0
      }
    },
    "latency": {
      "totalMs": {
        "mean": 12427.143083333334,
        "median": 12239.760083000001,
        "min": 12168.268124999995,
        "max": 12873.401042000005,
        "p95": 12810.036946100005,
        "p99": 12860.728222820006,
        "stdDev": 388.120341221221,
        "ci95": 672.2441504461241,
        "samples": 3,
        "samplesAfterOutlierRemoval": 3,
        "outliersRemoved": 0
      },
      "prefillMs": {
        "mean": 365.5280419999981,
        "median": 362.04633399999875,
        "min": 300.28779199999553,
        "max": 434.25,
        "p95": 427.02963339999985,
        "p99": 432.80592667999997,
        "stdDev": 67.0489374338405,
        "ci95": 116.13216622891859,
        "samples": 3,
        "samplesAfterOutlierRemoval": 3,
        "outliersRemoved": 0
      },
      "decodeMs": {
        "mean": 12058.142985666667,
        "median": 11876.571208000001,
        "min": 11729.179041000003,
        "max": 12568.678708,
        "p95": 12499.467958,
        "p99": 12554.836557999999,
        "stdDev": 448.2367182160017,
        "ci95": 776.3687697680491,
        "samples": 3,
        "samplesAfterOutlierRemoval": 3,
        "outliersRemoved": 0
      },
      "firstTokenMs": {
        "mean": 367.4310416666655,
        "median": 362.841333999997,
        "min": 304.4044159999976,
        "max": 435.0473750000019,
        "p95": 427.8267709000014,
        "p99": 433.60325418000184,
        "stdDev": 65.44230089489756,
        "ci95": 113.34939011417278,
        "samples": 3,
        "samplesAfterOutlierRemoval": 3,
        "outliersRemoved": 0
      }
    },
    "tokens": {
      "generated": {
        "mean": 128,
        "median": 128,
        "min": 128,
        "max": 128,
        "p95": 128,
        "p99": 128,
        "stdDev": 0,
        "ci95": 0,
        "samples": 3,
        "samplesAfterOutlierRemoval": 3,
        "outliersRemoved": 0
      },
      "prefill": {
        "mean": 9,
        "median": 9,
        "min": 9,
        "max": 9,
        "p95": 9,
        "p99": 9,
        "stdDev": 0,
        "ci95": 0,
        "samples": 3,
        "samplesAfterOutlierRemoval": 3,
        "outliersRemoved": 0
      },
      "decode": {
        "mean": 128,
        "median": 128,
        "min": 128,
        "max": 128,
        "p95": 128,
        "p99": 128,
        "stdDev": 0,
        "ci95": 0,
        "samples": 3,
        "samplesAfterOutlierRemoval": 3,
        "outliersRemoved": 0
      }
    },
    "gpu": {
      "prefillMs": {
        "mean": 0,
        "median": 0,
        "min": 0,
        "max": 0,
        "p95": 0,
        "p99": 0,
        "stdDev": 0,
        "ci95": 0,
        "samples": 0,
        "samplesAfterOutlierRemoval": 0,
        "outliersRemoved": 0
      },
      "decodeMs": {
        "mean": 0,
        "median": 0,
        "min": 0,
        "max": 0,
        "p95": 0,
        "p99": 0,
        "stdDev": 0,
        "ci95": 0,
        "samples": 0,
        "samplesAfterOutlierRemoval": 0,
        "outliersRemoved": 0
      },
      "decodeRecordMs": {
        "mean": 3684.5898053333344,
        "median": 3604.1954160000023,
        "min": 3591.547792000005,
        "max": 3858.0262079999957,
        "p95": 3832.6431287999962,
        "p99": 3852.949592159996,
        "stdDev": 150.33339590947702,
        "ci95": 260.3850797895815,
        "samples": 3,
        "samplesAfterOutlierRemoval": 3,
        "outliersRemoved": 0
      },
      "decodeSubmitWaitMs": {
        "mean": 8275.497681000003,
        "median": 8207.609667000004,
        "min": 8004.122375999999,
        "max": 8614.761000000006,
        "p95": 8574.045866700006,
        "p99": 8606.617973340006,
        "stdDev": 310.92839869301645,
        "ci95": 538.5437840523371,
        "samples": 3,
        "samplesAfterOutlierRemoval": 3,
        "outliersRemoved": 0
      },
      "decodeReadbackWaitMs": {
        "mean": 7413.647931000002,
        "median": 7316.493666999995,
        "min": 7197.830250000014,
        "max": 7726.619875999997,
        "p95": 7685.607255099997,
        "p99": 7718.417351819997,
        "stdDev": 277.4596013861078,
        "ci95": 480.57412664854684,
        "samples": 3,
        "samplesAfterOutlierRemoval": 3,
        "outliersRemoved": 0
      }
    },
    "generatedText": " the"
  },
  "output": null,
  "memory": {
    "used": 2632073728,
    "pool": {
      "allocations": 86146,
      "reuses": 647,
      "totalBytesAllocated": 3104926208,
      "peakBytesAllocated": 2554241536,
      "currentBytesAllocated": 2497856000,
      "totalBytesRequested": 2955466752,
      "peakBytesRequested": 2430337024,
      "currentBytesRequested": 2373582848,
      "activeBuffers": 138,
      "pooledBuffers": 64,
      "budgetMaxBytes": 0,
      "budgetUtilization": 0,
      "hitRate": "0.7%"
    },
    "kvCache": {
      "theoretical": 134217728,