{
  "suite": "bench",
  "modelId": "lfm2-5-1-2b-instruct-wq4k-ef16-hf16-f32",
  "runtimePreset": null,
  "deviceInfo": {
    "hasSubgroups": true,
    "hasSubgroupsF16": false,
    "hasF16": true,
    "hasTimestampQuery": true,
    "maxBufferSize": 14302248960,
    "maxWorkgroupSize": 1024,
    "maxWorkgroupStorageSize": 32768,
    "adapterInfo": {
      "vendor": "unknown",
      "architecture": "unknown",
      "device": "unknown",
      "description": ""
    }
  },
  "results": [
    {
      "name": "benchmark",
      "passed": true,
      "duration": 24901.744083
    }
  ],
  "durationMs": 47149.805375,
  "timestamp": "2026-03-03T15:13:09.064Z",
  "metrics": {
    "warmupRuns": 2,
    "timedRuns": 3,
    "prompt": "Summarize this input in one sentence.",
    "maxTokens": 128,
    "decodeTokensPerSec": 16.2,
    "avgTokensGenerated": 128,
    "avgPrefillTokens": 9,
    "avgDecodeTokens": 128,
    "medianPrefillTokensPerSec": 23.54,
    "avgPrefillTokensPerSec": 21.37,
    "medianPrefillTokensPerSecTtft": 23.36,
    "avgPrefillTokensPerSecTtft": 21.29,
    "avgDecodeTokensPerSec": 16.28,
    "firstTokenMs": 385.23,
    "firstResponseMs": 4547.54,
    "prefillMs": 382.29,
    "decodeMs": 7900.01,
    "totalRunMs": 8282.19,
    "decodeMsPerTokenP50": 61.72,
    "decodeMsPerTokenP95": 63.25,
    "decodeMsPerTokenP99": 63.39,
    "avgPrefillMs": 431.41,
    "modelLoadMs": 4162.31,
    "throughput": {
      "tokensPerSec": {
        "mean": 15.426213337720052,
        "median": 15.454841650098134,
        "min": 15.053096564656125,
        "max": 15.770701798405895,
        "p95": 15.73911578357512,
        "p99": 15.76438459543974,
        "stdDev": 0.3596581753255145,
        "ci95": 0.6229462330213063,
        "samples": 3,
        "samplesAfterOutlierRemoval": 3,
        "outliersRemoved": 0
      },
      "prefillTokensPerSec": {
        "mean": 21.372826752509496,
        "median": 23.542270275762615,
        "min": 16.948423728234538,
        "max": 23.627786253531337,
        "p95": 23.619234655754465,
        "p99": 23.62607593397596,
        "stdDev": 3.831883980044736,
        "ci95": 6.63701774214673,
        "samples": 3,
        "samplesAfterOutlierRemoval": 3,
        "outliersRemoved": 0
      },
      "prefillTokensPerSecTtft": {
        "mean": 21.28794001232796,
        "median": 23.36264620324504,
        "min": 16.926672646020066,
        "max": 23.574501187718774,
        "p95": 23.5533156892714,
        "p99": 23.570264088029298,
        "stdDev": 3.778453442074976,
        "ci95": 6.544473335707367,
        "samples": 3,
        "samplesAfterOutlierRemoval": 3,
        "outliersRemoved": 0
      },
      "decodeTokensPerSec": {
        "mean": 16.282668962537034,
        "median": 16.202515067730474,
        "min": 15.768097441823008,
        "max": 16.877394378057623,
        "p95": 16.809906447024908,
        "p99": 16.86389679185108,
        "stdDev": 0.5589753199599891,
        "ci95": 0.9681736543477706,
        "samples": 3,
        "samplesAfterOutlierRemoval": 3,
        "outliersRemoved": 0
      }
    },
    "latency": {
      "totalMs": {
        "mean": 8300.581361,
        "median": 8282.194208000004,
        "min": 8116.316041999999,
        "max": 8503.233832999998,
        "p95": 8481.129870499999,
        "p99": 8498.8130405,
        "stdDev": 194.11313658447702,
        "ci95": 336.21381498087123,
        "samples": 3,
        "samplesAfterOutlierRemoval": 3,
        "outliersRemoved": 0
      },
      "prefillMs": {
        "mean": 431.40712500000154,
        "median": 382.29108300000007,
        "min": 380.9074580000015,
        "max": 531.0228340000031,
        "p95": 516.1496589000028,
        "p99": 528.048198980003,
        "stdDev": 86.2725084497657,
        "ci95": 149.42836793140947,
        "samples": 3,
        "samplesAfterOutlierRemoval": 3,
        "outliersRemoved": 0
      },
      "decodeMs": {
        "mean": 7867.257916333333,
        "median": 7900.008082999997,
        "min": 7584.109083000003,
        "max": 8117.656583,
        "p95": 8095.8917329999995,
        "p99": 8113.303613,
        "stdDev": 268.27721437271254,
        "ci95": 464.6697658065856,
        "samples": 3,
        "samplesAfterOutlierRemoval": 3,
        "outliersRemoved": 0
      },
      "firstTokenMs": {
        "mean": 432.9013196666674,
        "median": 385.2303340000035,
        "min": 381.7684169999993,
        "max": 531.7052079999994,
        "p95": 517.0577205999998,
        "p99": 528.7757105199995,
        "stdDev": 85.58418358357976,
        "ci95": 148.23615429106238,
        "samples": 3,
        "samplesAfterOutlierRemoval": 3,
        "outliersRemoved": 0
      }
    },
    "tokens": {
      "generated": {
        "mean": 128,
        "median": 128,
        "min": 128,
        "max": 128,
        "p95": 128,
        "p99": 128,
        "stdDev": 0,
        "ci95": 0,
        "samples": 3,
        "samplesAfterOutlierRemoval": 3,
        "outliersRemoved": 0
      },
      "prefill": {
        "mean": 9,
        "median": 9,
        "min": 9,
        "max": 9,
        "p95": 9,
        "p99": 9,
        "stdDev": 0,
        "ci95": 0,
        "samples": 3,
        "samplesAfterOutlierRemoval": 3,
        "outliersRemoved": 0
      },
      "decode": {
        "mean": 128,
        "median": 128,
        "min": 128,
        "max": 128,
        "p95": 128,
        "p99": 128,
        "stdDev": 0,
        "ci95": 0,
        "samples": 3,
        "samplesAfterOutlierRemoval": 3,
        "outliersRemoved": 0
      }
    },
    "gpu": {
      "prefillMs": {
        "mean": 0,
        "median": 0,
        "min": 0,
        "max": 0,
        "p95": 0,
        "p99": 0,
        "stdDev": 0,
        "ci95": 0,
        "samples": 0,
        "samplesAfterOutlierRemoval": 0,
        "outliersRemoved": 0
      },
      "decodeMs": {
        "mean": 0,
        "median": 0,
        "min": 0,
        "max": 0,
        "p95": 0,
        "p99": 0,
        "stdDev": 0,
        "ci95": 0,
        "samples": 0,
        "samplesAfterOutlierRemoval": 0,
        "outliersRemoved": 0
      },
      "decodeRecordMs": {
        "mean": 1864.6679723333327,
        "median": 1859.992833999997,
        "min": 1756.0896670000002,
        "max": 1977.921416000001,
        "p95": 1966.1285578000006,
        "p99": 1975.562844360001,
        "stdDev": 110.9897468459439,
        "ci95": 192.23988065638238,
        "samples": 3,
        "samplesAfterOutlierRemoval": 3,
        "outliersRemoved": 0
      },
      "decodeSubmitWaitMs": {
        "mean": 5907.0188063333335,
        "median": 5867.770208999998,
        "min": 5611.206543,
        "max": 6242.079667000002,
        "p95": 6204.648721200001,
        "p99": 6234.5934778400015,
        "stdDev": 317.2626103732617,
        "ci95": 549.514960508418,
        "samples": 3,
        "samplesAfterOutlierRemoval": 3,
        "outliersRemoved": 0
      },
      "decodeReadbackWaitMs": {
        "mean": 5719.3364999999985,
        "median": 5637.833792000001,
        "min": 5438.386332999995,
        "max": 6081.789375,
        "p95": 6037.393816700001,
        "p99": 6072.910263340001,
        "stdDev": 329.35374170064443,
        "ci95": 570.4574142884326,
        "samples": 3,
        "samplesAfterOutlierRemoval": 3,
        "outliersRemoved": 0
      }
    },
    "generatedText": " the"
  },
  "output": null,
  "memory": {
    "used": 2632073728,
    "pool": {
      "allocations": 86146,
      "reuses": 647,
      "totalBytesAllocated": 3104926208,
      "peakBytesAllocated": 2554241536,
      "currentBytesAllocated": 2497856000,
      "totalBytesRequested": 2955466752,
      "peakBytesRequested": 2430337024,
      "currentBytesRequested": 2373582848,
      "activeBuffers": 138,
      "pooledBuffers": 64,
      "budgetMaxBytes": 0,
      "budgetUtilization": 0,
      "hitRate": "0.7%"
    },
    "kvCache": {
      "theoretical": 134217728,
      "allocated": 134217728,
      "used": 0,