{
  "suite": "bench",
  "modelId": "lfm2-5-1-2b-instruct-wq4k-ef16-hf16-f32",
  "runtimePreset": null,
  "deviceInfo": {
    "hasSubgroups": true,
    "hasSubgroupsF16": false,
    "hasF16": true,
    "hasTimestampQuery": true,
    "maxBufferSize": 14302248960,
    "maxWorkgroupSize": 1024,
    "maxWorkgroupStorageSize": 32768,
    "adapterInfo": {
      "vendor": "unknown",
      "architecture": "unknown",
      "device": "unknown",
      "description": ""
    }
  },
  "results": [
    {
      "name": "benchmark",
      "passed": true,
      "duration": 13597.086959000002
    }
  ],
  "durationMs": 25396.991875,
  "timestamp": "2026-03-03T14:50:51.737Z",
  "metrics": {
    "warmupRuns": 2,
    "timedRuns": 3,
    "prompt": "Summarize this input in one sentence.",
    "maxTokens": 128,
    "decodeTokensPerSec": 29.23,
    "avgTokensGenerated": 128,
    "avgPrefillTokens": 9,
    "avgDecodeTokens": 128,
    "medianPrefillTokensPerSec": 60.12,
    "avgPrefillTokensPerSec": 60.16,
    "medianPrefillTokensPerSecTtft": 59.85,
    "avgPrefillTokensPerSecTtft": 59.79,
    "avgDecodeTokensPerSec": 29.21,
    "firstTokenMs": 150.37,
    "firstResponseMs": 2201.2,
    "prefillMs": 149.69,
    "decodeMs": 4379.67,
    "totalRunMs": 4530.81,
    "decodeMsPerTokenP50": 34.22,
    "decodeMsPerTokenP95": 34.29,
    "decodeMsPerTokenP99": 34.3,
    "avgPrefillMs": 149.59,
    "modelLoadMs": 2050.83,
    "throughput": {
      "tokensPerSec": {
        "mean": 28.241395289309395,
        "median": 28.250992371505486,
        "min": 28.19039754329424,
        "max": 28.282795953128463,
        "p95": 28.279615594966167,
        "p99": 28.282159881496003,
        "stdDev": 0.046940861996582574,
        "ci95": 0.08130395792916008,
        "samples": 3,
        "samplesAfterOutlierRemoval": 3,
        "outliersRemoved": 0
      },
      "prefillTokensPerSec": {
        "mean": 60.16481816511543,
        "median": 60.12393868555485,
        "min": 59.76770286154531,
        "max": 60.60281294824612,
        "p95": 60.55492552197699,
        "p99": 60.59323546299229,
        "stdDev": 0.4190531745664454,
        "ci95": 0.7258213894221136,
        "samples": 3,
        "samplesAfterOutlierRemoval": 3,
        "outliersRemoved": 0
      },
      "prefillTokensPerSecTtft": {
        "mean": 59.791125870584096,
        "median": 59.85248039452194,
        "min": 59.61036361407707,
        "max": 59.91053360315328,
        "p95": 59.90472828229015,
        "p99": 59.909372538980655,
        "stdDev": 0.15921302959001926,
        "ci95": 0.27576505647688043,
        "samples": 3,
        "samplesAfterOutlierRemoval": 3,
        "outliersRemoved": 0
      },
      "decodeTokensPerSec": {
        "mean": 29.21262091854454,
        "median": 29.225977944318927,
        "min": 29.156065714787267,
        "max": 29.25581909652743,
        "p95": 29.252834981306577,
        "p99": 29.25522227348326,
        "stdDev": 0.05120050678755813,
        "ci95": 0.08868187912932585,
        "samples": 3,
        "samplesAfterOutlierRemoval": 3,
        "outliersRemoved": 0
      }
    },
    "latency": {
      "totalMs": {
        "mean": 4532.362319666668,
        "median": 4530.814291999999,
        "min": 4525.719459000002,
        "max": 4540.553208000001,
        "p95": 4539.579316400001,
        "p99": 4540.358429680001,
        "stdDev": 7.537063061386964,
        "ci95": 13.054576162172845,
        "samples": 3,
        "samplesAfterOutlierRemoval": 3,
        "outliersRemoved": 0
      },
      "prefillMs": {
        "mean": 149.59391666666548,
        "median": 149.6907919999976,
        "min": 148.50795800000014,
        "max": 150.58299999999872,
        "p95": 150.4937791999986,
        "p99": 150.5651558399987,
        "stdDev": 1.040907511787516,
        "ci95": 1.8029046963960775,
        "samples": 3,
        "samplesAfterOutlierRemoval": 3,
        "outliersRemoved": 0
      },
      "decodeMs": {
        "mean": 4381.676764333332,
        "median": 4379.665249999998,
        "min": 4375.197958999999,
        "max": 4390.167084000001,
        "p95": 4389.1169006,
        "p99": 4389.95704732,
        "stdDev": 7.684615686638112,
        "ci95": 13.310144805898005,
        "samples": 3,
        "samplesAfterOutlierRemoval": 3,
        "outliersRemoved": 0
      },
      "firstTokenMs": {
        "mean": 150.5247220000001,
        "median": 150.36970800000017,
        "min": 150.22399999999834,
        "max": 150.98045800000182,
        "p95": 150.91938300000166,
        "p99": 150.9682430000018,
        "stdDev": 0.40134670995200694,
        "ci95": 0.6951528930874856,
        "samples": 3,
        "samplesAfterOutlierRemoval": 3,
        "outliersRemoved": 0
      }
    },
    "tokens": {
      "generated": {
        "mean": 128,
        "median": 128,
        "min": 128,
        "max": 128,
        "p95": 128,
        "p99": 128,
        "stdDev": 0,
        "ci95": 0,
        "samples": 3,
        "samplesAfterOutlierRemoval": 3,
        "outliersRemoved": 0
      },
      "prefill": {
        "mean": 9,
        "median": 9,
        "min": 9,
        "max": 9,
        "p95": 9,
        "p99": 9,
        "stdDev": 0,
        "ci95": 0,
        "samples": 3,
        "samplesAfterOutlierRemoval": 3,
        "outliersRemoved": 0
      },
      "decode": {
        "mean": 128,
        "median": 128,
        "min": 128,
        "max": 128,
        "p95": 128,
        "p99": 128,
        "stdDev": 0,
        "ci95": 0,
        "samples": 3,
        "samplesAfterOutlierRemoval": 3,
        "outliersRemoved": 0
      }
    },
    "gpu": {
      "prefillMs": {
        "mean": 0,
        "median": 0,
        "min": 0,
        "max": 0,
        "p95": 0,
        "p99": 0,
        "stdDev": 0,
        "ci95": 0,
        "samples": 0,
        "samplesAfterOutlierRemoval": 0,
        "outliersRemoved": 0
      },
      "decodeMs": {
        "mean": 0,
        "median": 0,
        "min": 0,
        "max": 0,
        "p95": 0,
        "p99": 0,
        "stdDev": 0,
        "ci95": 0,
        "samples": 0,
        "samplesAfterOutlierRemoval": 0,
        "outliersRemoved": 0
      },
      "decodeRecordMs": {
        "mean": 545.3576113333329,
        "median": 545.5089589999989,
        "min": 544.3451249999998,
        "max": 546.21875,
        "p95": 546.1477708999998,
        "p99": 546.20455418,
        "stdDev": 0.9459372322254467,
        "ci95": 1.6384113469855537,
        "samples": 3,
        "samplesAfterOutlierRemoval": 3,
        "outliersRemoved": 0
      },
      "decodeSubmitWaitMs": {
        "mean": 3821.0083470000004,
        "median": 3817.3475,
        "min": 3816.107541000001,
        "max": 3829.5699999999997,
        "p95": 3828.34775,
        "p99": 3829.3255499999996,
        "stdDev": 7.440483932495188,
        "ci95": 12.887296203981547,
        "samples": 3,
        "samplesAfterOutlierRemoval": 3,
        "outliersRemoved": 0
      },
      "decodeReadbackWaitMs": {
        "mean": 3718.613930666668,
        "median": 3716.8901670000014,
        "min": 3716.8007080000025,
        "max": 3722.150916999999,
        "p95": 3721.6248419999993,
        "p99": 3722.045701999999,
        "stdDev": 3.06344658347424,
        "ci95": 5.306045128850675,
        "samples": 3,
        "samplesAfterOutlierRemoval": 3,
        "outliersRemoved": 0
      }
    },
    "generatedText": " the"
  },
  "output": null,
  "memory": {
    "used": 2632073728,
    "pool": {
      "allocations": 86341,
      "reuses": 452,
      "totalBytesAllocated": 3110701568,
      "peakBytesAllocated": 2610883072,
      "currentBytesAllocated": 2497856000,
      "totalBytesRequested": 2961221632,
      "peakBytesRequested": 2486204416,
      "currentBytesRequested": 2373582848,
      "activeBuffers": 138,
      "pooledBuffers": 64,
      "budgetMaxBytes": 0,
      "budgetUtilization": 0,
      "hitRate": "0.5%"
    },
    "kvCache": {
      "theoretical": 134217728,
      "allocated": 134217728,