{
  "suite": "bench",
  "modelId": "lfm2-5-1-2b-instruct-wq4k-ef16-hf16-f32",
  "runtimePreset": null,
  "deviceInfo": {
    "hasSubgroups": true,
    "hasSubgroupsF16": false,
    "hasF16": true,
    "hasTimestampQuery": true,
    "maxBufferSize": 14302248960,
    "maxWorkgroupSize": 1024,
    "maxWorkgroupStorageSize": 32768,
    "adapterInfo": {
      "vendor": "unknown",
      "architecture": "unknown",
      "device": "unknown",
      "description": ""
    }
  },
  "results": [
    {
      "name": "benchmark",
      "passed": true,
      "duration": 22322.204250000006
    }
  ],
  "durationMs": 40567.235958000005,
  "timestamp": "2026-03-03T15:01:35.563Z",
  "metrics": {
    "warmupRuns": 2,
    "timedRuns": 3,
    "prompt": "Summarize this input in one sentence.",
    "maxTokens": 128,
    "decodeTokensPerSec": 17.82,
    "avgTokensGenerated": 128,
    "avgPrefillTokens": 9,
    "avgDecodeTokens": 128,
    "medianPrefillTokensPerSec": 37.31,
    "avgPrefillTokensPerSec": 36.88,
    "medianPrefillTokensPerSecTtft": 36.89,
    "avgPrefillTokensPerSecTtft": 36.67,
    "avgDecodeTokensPerSec": 17.8,
    "firstTokenMs": 244,
    "firstResponseMs": 3490.51,
    "prefillMs": 241.21,
    "decodeMs": 7183.71,
    "totalRunMs": 7446.02,
    "decodeMsPerTokenP50": 56.12,
    "decodeMsPerTokenP95": 57.46,
    "decodeMsPerTokenP99": 57.58,
    "avgPrefillMs": 244.63,
    "modelLoadMs": 3246.51,
    "throughput": {
      "tokensPerSec": {
        "mean": 17.208457022815463,
        "median": 17.190382505456018,
        "min": 16.828783861356566,
        "max": 17.6062047016338,
        "p95": 17.56462248201602,
        "p99": 17.597888257710245,
        "stdDev": 0.3890254578529183,
        "ci95": 0.6738118584389994,
        "samples": 3,
        "samplesAfterOutlierRemoval": 3,
        "outliersRemoved": 0
      },
      "prefillTokensPerSec": {
        "mean": 36.88142458707805,
        "median": 37.31125433501287,
        "min": 34.464398603653926,
        "max": 38.868620822567365,
        "p95": 38.712884173811915,
        "p99": 38.83747349281627,
        "stdDev": 2.2333514160449504,
        "ci95": 3.8682781237457524,
        "samples": 3,
        "samplesAfterOutlierRemoval": 3,
        "outliersRemoved": 0
      },
      "prefillTokensPerSecTtft": {
        "mean": 36.67000656089641,
        "median": 36.88532783544103,
        "min": 34.347780266685604,
        "max": 38.77691158056259,
        "p95": 38.58775320605044,
        "p99": 38.73907990566016,
        "stdDev": 2.222402638439997,
        "ci95": 3.8493142846532007,
        "samples": 3,
        "samplesAfterOutlierRemoval": 3,
        "outliersRemoved": 0
      },
      "decodeTokensPerSec": {
        "mean": 17.798593591264346,
        "median": 17.81810299079295,
        "min": 17.35917621091896,
        "max": 18.21850157208112,
        "p95": 18.178461713952302,
        "p99": 18.210493600455358,
        "stdDev": 0.42999474599882526,
        "ci95": 0.7447727470576395,
        "samples": 3,
        "samplesAfterOutlierRemoval": 3,
        "outliersRemoved": 0
      }
    },
    "latency": {
      "totalMs": {
        "mean": 7440.734750000002,
        "median": 7446.023959000002,
        "min": 7270.164250000002,
        "max": 7606.016041000003,
        "p95": 7590.016832800003,
        "p99": 7602.816199360002,
        "stdDev": 167.98835727026244,
        "ci95": 290.9643698721272,
        "samples": 3,
        "samplesAfterOutlierRemoval": 3,
        "outliersRemoved": 0
      },
      "prefillMs": {
        "mean": 244.63412466666946,
        "median": 241.21408300000257,
        "min": 231.54925000000367,
        "max": 261.1390410000022,
        "p95": 259.1465452000022,
        "p99": 260.7405418400022,
        "stdDev": 15.088454082748223,
        "ci95": 26.133969078989985,
        "samples": 3,
        "samplesAfterOutlierRemoval": 3,
        "outliersRemoved": 0
      },
      "decodeMs": {
        "mean": 7194.383944333332,
        "median": 7183.705249999999,
        "min": 7025.824790999999,
        "max": 7373.621791999998,
        "p95": 7354.630137799998,
        "p99": 7369.823461159998,
        "stdDev": 174.14423435947253,
        "ci95": 301.6266617557883,
        "samples": 3,
        "samplesAfterOutlierRemoval": 3,
        "outliersRemoved": 0
      },
      "firstTokenMs": {
        "mean": 246.04066633333545,
        "median": 243.99945800000205,
        "min": 232.0968750000029,
        "max": 262.02566600000137,
        "p95": 260.2230452000014,
        "p99": 261.66514184000135,
        "stdDev": 15.068444885768717,
        "ci95": 26.09931213320283,
        "samples": 3,
        "samplesAfterOutlierRemoval": 3,
        "outliersRemoved": 0
      }
    },
    "tokens": {
      "generated": {
        "mean": 128,
        "median": 128,
        "min": 128,
        "max": 128,
        "p95": 128,
        "p99": 128,
        "stdDev": 0,
        "ci95": 0,
        "samples": 3,
        "samplesAfterOutlierRemoval": 3,
        "outliersRemoved": 0
      },
      "prefill": {
        "mean": 9,
        "median": 9,
        "min": 9,
        "max": 9,
        "p95": 9,
        "p99": 9,
        "stdDev": 0,
        "ci95": 0,
        "samples": 3,
        "samplesAfterOutlierRemoval": 3,
        "outliersRemoved": 0
      },
      "decode": {
        "mean": 128,
        "median": 128,
        "min": 128,
        "max": 128,
        "p95": 128,
        "p99": 128,
        "stdDev": 0,
        "ci95": 0,
        "samples": 3,
        "samplesAfterOutlierRemoval": 3,
        "outliersRemoved": 0
      }
    },
    "gpu": {
      "prefillMs": {
        "mean": 0,
        "median": 0,
        "min": 0,
        "max": 0,
        "p95": 0,
        "p99": 0,
        "stdDev": 0,
        "ci95": 0,
        "samples": 0,
        "samplesAfterOutlierRemoval": 0,
        "outliersRemoved": 0
      },
      "decodeMs": {
        "mean": 0,
        "median": 0,
        "min": 0,
        "max": 0,
        "p95": 0,
        "p99": 0,
        "stdDev": 0,
        "ci95": 0,
        "samples": 0,
        "samplesAfterOutlierRemoval": 0,
        "outliersRemoved": 0
      },
      "decodeRecordMs": {
        "mean": 1262.4099723333322,
        "median": 1274.9307919999992,
        "min": 1234.8401669999985,
        "max": 1277.4589579999993,
        "p95": 1277.2061413999993,
        "p99": 1277.4083946799992,
        "stdDev": 23.90959076227218,
        "ci95": 41.412625988434904,
        "samples": 3,
        "samplesAfterOutlierRemoval": 3,
        "outliersRemoved": 0
      },
      "decodeSubmitWaitMs": {
        "mean": 5898.310264333333,
        "median": 5874.550750999999,
        "min": 5756.205542,
        "max": 6064.174500000001,
        "p95": 6045.212125100001,
        "p99": 6060.382025020001,
        "stdDev": 155.3531642042714,
        "ci95": 269.0795735183887,
        "samples": 3,
        "samplesAfterOutlierRemoval": 3,
        "outliersRemoved": 0
      },
      "decodeReadbackWaitMs": {
        "mean": 5692.860069333332,
        "median": 5665.549292,
        "min": 5568.468332999997,
        "max": 5844.562582999999,
        "p95": 5826.661253899999,
        "p99": 5840.982317179999,
        "stdDev": 140.05862215400745,
        "ci95": 242.58864960883287,
        "samples": 3,
        "samplesAfterOutlierRemoval": 3,
        "outliersRemoved": 0
      }
    },
    "generatedText": " the"
  },
  "output": null,
  "memory": {
    "used": 2632073728,
    "pool": {
      "allocations": 106466,
      "reuses": 647,
      "totalBytesAllocated": 3437849088,
      "peakBytesAllocated": 2587795968,
      "currentBytesAllocated": 2497856000,
      "totalBytesRequested": 3288389632,
      "peakBytesRequested": 2463891456,
      "currentBytesRequested": 2373582848,
      "activeBuffers": 138,
      "pooledBuffers": 64,
      "budgetMaxBytes": 0,
      "budgetUtilization": 0,
      "hitRate": "0.6%"
    },
    "kvCache": {
      "theoretical": 134217728,