{
  "suite": "bench",
  "modelId": "lfm2-5-1-2b-instruct-wq4k-ef16-hf16-f32",
  "runtimePreset": null,
  "deviceInfo": {
    "hasSubgroups": true,
    "hasSubgroupsF16": false,
    "hasF16": true,
    "hasTimestampQuery": true,
    "maxBufferSize": 14302248960,
    "maxWorkgroupSize": 1024,
    "maxWorkgroupStorageSize": 32768,
    "adapterInfo": {
      "vendor": "unknown",
      "architecture": "unknown",
      "device": "unknown",
      "description": ""
    }
  },
  "results": [
    {
      "name": "benchmark",
      "passed": true,
      "duration": 17999.296749999998
    }
  ],
  "durationMs": 29819.774167,
  "timestamp": "2026-03-03T17:08:07.420Z",
  "metrics": {
    "warmupRuns": 2,
    "timedRuns": 3,
    "prompt": "Summarize this input in one sentence.",
    "maxTokens": 128,
    "decodeTokensPerSec": 21.84,
    "avgTokensGenerated": 128,
    "avgPrefillTokens": 9,
    "avgDecodeTokens": 128,
    "medianPrefillTokensPerSec": 63.07,
    "avgPrefillTokensPerSec": 62.27,
    "medianPrefillTokensPerSecTtft": 62.31,
    "avgPrefillTokensPerSecTtft": 61.91,
    "avgDecodeTokensPerSec": 21.88,
    "firstTokenMs": 144.43,
    "firstResponseMs": 1240.6,
    "prefillMs": 142.69,
    "decodeMs": 5859.7,
    "totalRunMs": 6001.34,
    "decodeMsPerTokenP50": 45.78,
    "decodeMsPerTokenP95": 47.1,
    "decodeMsPerTokenP99": 47.22,
    "avgPrefillMs": 144.64,
    "modelLoadMs": 1096.17,
    "throughput": {
      "tokensPerSec": {
        "mean": 21.3499001539775,
        "median": 21.328575873622793,
        "min": 20.650572906182155,
        "max": 22.070551682127565,
        "p95": 21.99635410127709,
        "p99": 22.05571216595747,
        "stdDev": 0.7102295225723448,
        "ci95": 1.230153618130688,
        "samples": 3,
        "samplesAfterOutlierRemoval": 3,
        "outliersRemoved": 0
      },
      "prefillTokensPerSec": {
        "mean": 62.2696035141675,
        "median": 63.073004227180945,
        "min": 59.918843122662125,
        "max": 63.816963192659436,
        "p95": 63.74256729611159,
        "p99": 63.80208401334987,
        "stdDev": 2.0695227829820677,
        "ci95": 3.584518607546281,
        "samples": 3,
        "samplesAfterOutlierRemoval": 3,
        "outliersRemoved": 0
      },
      "prefillTokensPerSecTtft": {
        "mean": 61.90734548567824,
        "median": 62.312521528110715,
        "min": 59.79055011551219,
        "max": 63.618964813411836,
        "p95": 63.488320484881726,
        "p99": 63.592835947705815,
        "stdDev": 1.9461026421528844,
        "ci95": 3.3707486529528294,
        "samples": 3,
        "samplesAfterOutlierRemoval": 3,
        "outliersRemoved": 0
      },
      "decodeTokensPerSec": {
        "mean": 21.881435401597766,
        "median": 21.844129634413967,
        "min": 21.16517236322259,
        "max": 22.635004207156733,
        "p95": 22.555916749882456,
        "p99": 22.61918671570188,
        "stdDev": 0.73562572179036,
        "ci95": 1.2741411254954313,
        "samples": 3,
        "samplesAfterOutlierRemoval": 3,
        "outliersRemoved": 0
      }
    },
    "latency": {
      "totalMs": {
        "mean": 5999.765583333333,
        "median": 6001.338334,
        "min": 5799.583166,
        "max": 6198.375249999997,
        "p95": 6178.671558399998,
        "p99": 6194.434511679998,
        "stdDev": 199.40069388986535,
        "ci95": 345.3721328817358,
        "samples": 3,
        "samplesAfterOutlierRemoval": 3,
        "outliersRemoved": 0
      },
      "prefillMs": {
        "mean": 144.641097666666,
        "median": 142.69179199999962,
        "min": 141.02833399999872,
        "max": 150.20316699999967,
        "p95": 149.45202949999967,
        "p99": 150.05293949999967,
        "stdDev": 4.888172928717828,
        "ci95": 8.466563868722039,
        "samples": 3,
        "samplesAfterOutlierRemoval": 3,
        "outliersRemoved": 0
      },
      "decodeMs": {
        "mean": 5854.109,
        "median": 5859.697874999998,
        "min": 5654.958083000001,
        "max": 6047.671042000002,
        "p95": 6028.873725300002,
        "p99": 6043.911578660001,
        "stdDev": 196.4161237894135,
        "ci95": 340.20270582900224,
        "samples": 3,
        "samplesAfterOutlierRemoval": 3,
        "outliersRemoved": 0
      },
      "firstTokenMs": {
        "mean": 145.4753196666661,
        "median": 144.43325000000004,
        "min": 141.46724999999788,
        "max": 150.5254590000004,
        "p95": 149.91623810000038,
        "p99": 150.4036148200004,
        "stdDev": 4.618140260383055,
        "ci95": 7.998853567462816,
        "samples": 3,
        "samplesAfterOutlierRemoval": 3,
        "outliersRemoved": 0
      }
    },
    "tokens": {
      "generated": {
        "mean": 128,
        "median": 128,
        "min": 128,
        "max": 128,
        "p95": 128,
        "p99": 128,
        "stdDev": 0,
        "ci95": 0,
        "samples": 3,
        "samplesAfterOutlierRemoval": 3,
        "outliersRemoved": 0
      },
      "prefill": {
        "mean": 9,
        "median": 9,
        "min": 9,
        "max": 9,
        "p95": 9,
        "p99": 9,
        "stdDev": 0,
        "ci95": 0,
        "samples": 3,
        "samplesAfterOutlierRemoval": 3,
        "outliersRemoved": 0
      },
      "decode": {
        "mean": 128,
        "median": 128,
        "min": 128,
        "max": 128,
        "p95": 128,
        "p99": 128,
        "stdDev": 0,
        "ci95": 0,
        "samples": 3,
        "samplesAfterOutlierRemoval": 3,
        "outliersRemoved": 0
      }
    },
    "gpu": {
      "prefillMs": {
        "mean": 0,
        "median": 0,
        "min": 0,
        "max": 0,
        "p95": 0,
        "p99": 0,
        "stdDev": 0,
        "ci95": 0,
        "samples": 0,
        "samplesAfterOutlierRemoval": 0,
        "outliersRemoved": 0
      },
      "decodeMs": {
        "mean": 0,
        "median": 0,
        "min": 0,
        "max": 0,
        "p95": 0,
        "p99": 0,
        "stdDev": 0,
        "ci95": 0,
        "samples": 0,
        "samplesAfterOutlierRemoval": 0,
        "outliersRemoved": 0
      },
      "decodeRecordMs": {
        "mean": 597.189041666666,
        "median": 597.0430419999975,
        "min": 593.0859999999993,
        "max": 601.4380830000009,
        "p95": 600.9985789000006,
        "p99": 601.3501821800008,
        "stdDev": 4.177955186060441,
        "ci95": 7.236430654002565,
        "samples": 3,
        "samplesAfterOutlierRemoval": 3,
        "outliersRemoved": 0
      },
      "decodeSubmitWaitMs": {
        "mean": 5237.976111,
        "median": 5243.532958,
        "min": 5043.609166999999,
        "max": 5426.786208000001,
        "p95": 5408.460883000002,
        "p99": 5423.121143000001,
        "stdDev": 191.64895016361422,
        "ci95": 331.9457189006156,
        "samples": 3,
        "samplesAfterOutlierRemoval": 3,
        "outliersRemoved": 0
      },
      "decodeReadbackWaitMs": {
        "mean": 5127.985625333334,
        "median": 5128.587625,
        "min": 4938.714667000002,
        "max": 5316.654584,
        "p95": 5297.8478881,
        "p99": 5312.89324482,
        "stdDev": 188.97067766770144,
        "ci95": 327.3068148611803,
        "samples": 3,
        "samplesAfterOutlierRemoval": 3,
        "outliersRemoved": 0
      }
    },
    "generatedText": " the"
  },
  "output": null,
  "memory": {
    "used": 2634160640,
    "pool": {
      "allocations": 114504,
      "reuses": 449,
      "totalBytesAllocated": 4493064704,
      "peakBytesAllocated": 2862299648,
      "currentBytesAllocated": 2499942912,
      "totalBytesRequested": 4273711104,
      "peakBytesRequested": 2733295616,
      "currentBytesRequested": 2373582848,
      "activeBuffers": 138,
      "pooledBuffers": 64,
      "budgetMaxBytes": 0,
      "budgetUtilization": 0,
      "hitRate": "0.4%"
    },
    "kvCache": {
      "theoretical": 134217728,
      "allocated": 134217728,
      "used": 0,