{
  "suite": "debug",
  "modelId": "lfm2-5-1-2b-instruct-wq4k-ef16-hf16-f32",
  "runtimePreset": null,
  "deviceInfo": {
    "hasSubgroups": true,
    "hasSubgroupsF16": false,
    "hasF16": true,
    "hasTimestampQuery": true,
    "maxBufferSize": 14302248960,
    "maxWorkgroupSize": 1024,
    "maxWorkgroupStorageSize": 32768,
    "adapterInfo": {
      "vendor": "unknown",
      "architecture": "unknown",
      "device": "unknown",
      "description": ""
    }
  },
  "results": [
    {
      "name": "generation",
      "passed": true,
      "duration": 6784.544
    }
  ],
  "durationMs": 9683.366667,
  "timestamp": "2026-03-03T14:58:22.913Z",
  "metrics": {
    "prompt": "Summarize this input in one sentence.",
    "maxTokens": 128,
    "tokensGenerated": 128,
    "tokensPerSec": 18.87,
    "totalRunMs": 6783.71,
    "firstTokenMs": 439.79,
    "firstResponseMs": 3335.96,
    "prefillMs": 435.77,
    "decodeMs": 6343.08,
    "prefillTokens": 9,
    "decodeTokens": 128,
    "prefillTokensPerSec": 20.65,
    "prefillTokensPerSecTtft": 20.46,
    "decodeTokensPerSec": 20.18,
    "modelLoadMs": 2896.17,
    "gpu": {
      "prefillMs": 156.3033599999999,
      "decodeMs": 844.4968960000006,
      "decodeRecordMs": 1143.926876,
      "decodeSubmitWaitMs": 5120.10325,
      "decodeReadbackWaitMs": 4762.320374999999
    },
    "decodeProfileSteps": [
      {
        "batch": true,
        "stepStart": 1,
        "stepCount": 64,
        "timings": {
          "gather": 0.39321599999999995,
          "matmul:conv_in_proj:L0": 3.997696000000001,
          "silu_rowsplit": 1.2451840000000003,
          "matmul:conv_out_proj:L0": 2.4248320000000003,
          "residual": 2.0316160000000005,
          "rmsnorm": 2.4903679999999992,
          "fused_ffn": 182.5177600000003,
          "matmul:ffn_down:L0": 9.240575999999997,
          "check_finiteness": 0.7864320000000001,
          "matmul:conv_in_proj:L1": 3.0801919999999994,
          "matmul:conv_out_proj:L1": 1.8350080000000004,
          "matmul:ffn_down:L1": 6.815744,
          "matmul:qkv_proj:L2": 2.6214399999999998,
          "split_qkv": 0.262144,
          "rope": 0.65536,
          "attention": 1.4417920000000004,
          "matmul_residual_fused": 10.223615999999986,
          "matmul:ffn_down:L2": 6.619135999999998,
          "matmul:conv_in_proj:L3": 2.7525119999999994,
          "matmul:conv_out_proj:L3": 1.5073280000000002,
          "matmul:ffn_down:L3": 6.488064,
          "matmul:conv_in_proj:L4": 2.7525119999999994,
          "matmul:conv_out_proj:L4": 1.4417920000000002,
          "matmul:ffn_down:L4": 6.619136,
          "matmul:qkv_proj:L5": 2.5559039999999995,
          "matmul:ffn_down:L5": 5.963776,
          "matmul:conv_in_proj:L6": 2.6214399999999998,
          "matmul:conv_out_proj:L6": 1.3762560000000001,
          "matmul:ffn_down:L6": 6.1603840000000005,
          "matmul:conv_in_proj:L7": 2.5559039999999995,
          "matmul:conv_out_proj:L7": 1.31072,
          "matmul:ffn_down:L7": 6.160383999999999,
          "matmul:qkv_proj:L8": 2.228224,
          "matmul:ffn_down:L8": 5.701631999999998,
          "matmul:conv_in_proj:L9": 2.4248319999999994,
          "matmul:conv_out_proj:L9": 1.4417920000000002,
          "matmul:ffn_down:L9": 5.701631999999999,
          "matmul:qkv_proj:L10": 2.2937599999999994,
          "matmul:ffn_down:L10": 5.963775999999999,
          "matmul:conv_in_proj:L11": 2.6214399999999998,
          "matmul:conv_out_proj:L11": 1.3762560000000001,
          "matmul:ffn_down:L11": 6.291456,
          "matmul:qkv_proj:L12": 3.211264,
          "matmul:ffn_down:L12": 6.291456,
          "matmul:conv_in_proj:L13": 2.5559039999999995,
          "matmul:conv_out_proj:L13": 1.3762560000000001,
          "matmul:ffn_down:L13": 6.422528,
          "matmul:qkv_proj:L14": 2.1626879999999997,
          "matmul:ffn_down:L14": 5.963775999999998,
          "matmul:conv_in_proj:L15": 2.883584,
          "matmul:conv_out_proj:L15": 1.3762560000000001,
          "matmul:ffn_down:L15": 5.963775999999999,
          "matmul:lm_head": 42.467328,
          "argmax_phase1": 0.131072
        },
        "totalMs": 405.79891200000037
      },
      {
        "batch": true,
        "stepStart": 1,
        "stepCount": 63,
        "timings": {
          "gather": 0.720896,
          "matmul:conv_in_proj:L0": 4.128768,
          "silu_rowsplit": 1.179648,
          "matmul:conv_out_proj:L0": 2.424832,
          "residual": 2.29376,
          "rmsnorm": 2.818047999999999,
          "fused_ffn": 186.90867200000014,
          "matmul:ffn_down:L0": 10.289152,
          "check_finiteness": 0.786432,
          "matmul:conv_in_proj:L1": 3.4078720000000002,
          "matmul:conv_out_proj:L1": 1.7039360000000003,
          "matmul:ffn_down:L1": 8.519680000000001,
          "matmul:qkv_proj:L2": 3.342336,
          "split_qkv": 0.32767999999999997,
          "rope": 0.524288,
          "attention": 3.0801919999999976,
          "matmul_residual_fused": 11.993087999999984,
          "matmul:ffn_down:L2": 7.667712,
          "matmul:conv_in_proj:L3": 2.818047999999999,
          "matmul:conv_out_proj:L3": 1.6384000000000003,
          "matmul:ffn_down:L3": 7.667711999999999,
          "matmul:conv_in_proj:L4": 3.080192,
          "matmul:conv_out_proj:L4": 1.7039360000000003,
          "matmul:ffn_down:L4": 7.667712000000001,
          "matmul:qkv_proj:L5": 2.94912,
          "matmul:ffn_down:L5": 6.946816000000001,
          "matmul:conv_in_proj:L6": 2.4903679999999997,
          "matmul:conv_out_proj:L6": 1.5073280000000002,
          "matmul:ffn_down:L6": 6.946816000000001,
          "matmul:conv_in_proj:L7": 2.752512,
          "matmul:conv_out_proj:L7": 1.4417920000000002,
          "matmul:ffn_down:L7": 6.88128,
          "matmul:qkv_proj:L8": 2.686976,
          "matmul:ffn_down:L8": 6.881280000000001,
          "matmul:conv_in_proj:L9": 2.4903679999999997,
          "matmul:conv_out_proj:L9": 1.4417920000000002,
          "matmul:ffn_down:L9": 6.619136,
          "matmul:qkv_proj:L10": 2.4903679999999997,
          "matmul:ffn_down:L10": 6.750208000000001,
          "matmul:conv_in_proj:L11": 2.818048,
          "matmul:conv_out_proj:L11": 1.7039360000000003,
          "matmul:ffn_down:L11": 6.88128,
          "matmul:qkv_proj:L12": 4.325376,
          "matmul:ffn_down:L12": 7.208959999999999,
          "matmul:conv_in_proj:L13": 2.883584,
          "matmul:conv_out_proj:L13": 1.6384,
          "matmul:ffn_down:L13": 7.143424,
          "matmul:qkv_proj:L14": 2.7525120000000003,
          "matmul:ffn_down:L14": 6.8157440000000005,
          "matmul:conv_in_proj:L15": 2.686976,
          "matmul:conv_out_proj:L15": 1.245184,
          "matmul:ffn_down:L15": 6.88128,
          "matmul:lm_head": 45.54752,
          "argmax_phase1": 0.196608
        },
        "totalMs": 438.6979840000002
      }
    ]
  },
  "output": " the",
  "memory": {
    "used": 2632073728,
    "pool": {
      "allocations": 17390,
      "reuses": 187,
      "totalBytesAllocated": 2619165184,
      "peakBytesAllocated": 2554241536,
      "currentBytesAllocated": 2497856000,
      "totalBytesRequested": 2490906624,
      "peakBytesRequested": 2430337024,
      "currentBytesRequested": 2373582848,
      "activeBuffers": 138,
      "pooledBuffers": 64,
      "budgetMaxBytes": 0,
      "budgetUtilization": 0,
      "hitRate": "1.1%"
    },
    "kvCache": {
      "theoretical": 134217728,
      "allocated": 134217728,
      "used": 0,
      "efficiency": 0,
      "seqLen": 0,
      "maxSeqLen": 4096,
      "layout": "contiguous"
    }
  }
}