{
  "suite": "bench",
  "modelId": "lfm2-5-1-2b-instruct-wq4k-ef16-hf16-f32",
  "runtimePreset": null,
  "deviceInfo": {
    "hasSubgroups": true,
    "hasSubgroupsF16": false,
    "hasF16": true,
    "hasTimestampQuery": true,
    "maxBufferSize": 14302248960,
    "maxWorkgroupSize": 1024,
    "maxWorkgroupStorageSize": 32768,
    "adapterInfo": {
      "vendor": "unknown",
      "architecture": "unknown",
      "device": "unknown",
      "description": ""
    }
  },
  "results": [
    {
      "name": "benchmark",
      "passed": true,
      "duration": 14101.385749
    }
  ],
  "durationMs": 26563.676750000002,
  "timestamp": "2026-03-03T14:54:22.109Z",
  "metrics": {
    "warmupRuns": 2,
    "timedRuns": 3,
    "prompt": "Summarize this input in one sentence.",
    "maxTokens": 128,
    "decodeTokensPerSec": 28.33,
    "avgTokensGenerated": 128,
    "avgPrefillTokens": 9,
    "avgDecodeTokens": 128,
    "medianPrefillTokensPerSec": 54.78,
    "avgPrefillTokensPerSec": 55.34,
    "medianPrefillTokensPerSecTtft": 54.58,
    "avgPrefillTokensPerSecTtft": 54.89,
    "avgDecodeTokensPerSec": 28.22,
    "firstTokenMs": 164.9,
    "firstResponseMs": 2149.67,
    "prefillMs": 164.28,
    "decodeMs": 4518.93,
    "totalRunMs": 4684.04,
    "decodeMsPerTokenP50": 35.3,
    "decodeMsPerTokenP95": 35.72,
    "decodeMsPerTokenP99": 35.76,
    "avgPrefillMs": 162.71,
    "modelLoadMs": 1984.77,
    "throughput": {
      "tokensPerSec": {
        "mean": 27.232752149143085,
        "median": 27.326830468823673,
        "min": 26.96271754119274,
        "max": 27.408708437412844,
        "p95": 27.40052064055393,
        "p99": 27.40707087804106,
        "stdDev": 0.2374131789796967,
        "ci95": 0.411211688379278,
        "samples": 3,
        "samplesAfterOutlierRemoval": 3,
        "outliersRemoved": 0
      },
      "prefillTokensPerSec": {
        "mean": 55.343319052392154,
        "median": 54.784139078667295,
        "min": 54.128799586874756,
        "max": 57.11701849163442,
        "p95": 56.8837305503377,
        "p99": 57.070360903375075,
        "stdDev": 1.5706287715281297,
        "ci95": 2.720408832116211,
        "samples": 3,
        "samplesAfterOutlierRemoval": 3,
        "outliersRemoved": 0
      },
      "prefillTokensPerSecTtft": {
        "mean": 54.89219691814932,
        "median": 54.578656561530074,
        "min": 53.180593311889595,
        "max": 56.91734088102827,
        "p95": 56.68347244907845,
        "p99": 56.870567194638305,
        "stdDev": 1.8880019240688373,
        "ci95": 3.2701152572750236,
        "samples": 3,
        "samplesAfterOutlierRemoval": 3,
        "outliersRemoved": 0
      },
      "decodeTokensPerSec": {
        "mean": 28.21881864408215,
        "median": 28.325281558554348,
        "min": 27.960765398944442,
        "max": 28.37040897474766,
        "p95": 28.36589623312833,
        "p99": 28.369506426423797,
        "stdDev": 0.2246168491401475,
        "ci95": 0.3890477949467692,
        "samples": 3,
        "samplesAfterOutlierRemoval": 3,
        "outliersRemoved": 0
      }
    },
    "latency": {
      "totalMs": {
        "mean": 4700.461916333333,
        "median": 4684.041207999999,
        "min": 4670.048583,
        "max": 4747.295958000001,
        "p95": 4740.970483,
        "p99": 4746.030863000001,
        "stdDev": 41.15846186052164,
        "ci95": 71.28854710380935,
        "samples": 3,
        "samplesAfterOutlierRemoval": 3,
        "outliersRemoved": 0
      },
      "prefillMs": {
        "mean": 162.70748600000056,
        "median": 164.28112500000134,
        "min": 157.57125000000087,
        "max": 166.27008299999943,
        "p95": 166.07118719999963,
        "p99": 166.23030383999946,
        "stdDev": 4.557924820267289,
        "ci95": 7.8945573657821875,
        "samples": 3,
        "samplesAfterOutlierRemoval": 3,
        "outliersRemoved": 0
      },
      "decodeMs": {
        "mean": 4536.172555666667,
        "median": 4518.9312500000015,
        "min": 4511.743208,
        "max": 4577.843209000001,
        "p95": 4571.952013100001,
        "p99": 4576.664969820001,
        "stdDev": 36.26636870254005,
        "ci95": 62.81519319882515,
        "samples": 3,
        "samplesAfterOutlierRemoval": 3,
        "outliersRemoved": 0
      },
      "firstTokenMs": {
        "mean": 164.08611133333216,
        "median": 164.8996249999982,
        "min": 158.12404199999946,
        "max": 169.2346669999988,
        "p95": 168.80116279999874,
        "p99": 169.1479661599988,
        "stdDev": 5.59980806251803,
        "ci95": 9.699152076915066,
        "samples": 3,
        "samplesAfterOutlierRemoval": 3,
        "outliersRemoved": 0
      }
    },
    "tokens": {
      "generated": {
        "mean": 128,
        "median": 128,
        "min": 128,
        "max": 128,
        "p95": 128,
        "p99": 128,
        "stdDev": 0,
        "ci95": 0,
        "samples": 3,
        "samplesAfterOutlierRemoval": 3,
        "outliersRemoved": 0
      },
      "prefill": {
        "mean": 9,
        "median": 9,
        "min": 9,
        "max": 9,
        "p95": 9,
        "p99": 9,
        "stdDev": 0,
        "ci95": 0,
        "samples": 3,
        "samplesAfterOutlierRemoval": 3,
        "outliersRemoved": 0
      },
      "decode": {
        "mean": 128,
        "median": 128,
        "min": 128,
        "max": 128,
        "p95": 128,
        "p99": 128,
        "stdDev": 0,
        "ci95": 0,
        "samples": 3,
        "samplesAfterOutlierRemoval": 3,
        "outliersRemoved": 0
      }
    },
    "gpu": {
      "prefillMs": {
        "mean": 0,
        "median": 0,
        "min": 0,
        "max": 0,
        "p95": 0,
        "p99": 0,
        "stdDev": 0,
        "ci95": 0,
        "samples": 0,
        "samplesAfterOutlierRemoval": 0,
        "outliersRemoved": 0
      },
      "decodeMs": {
        "mean": 0,
        "median": 0,
        "min": 0,
        "max": 0,
        "p95": 0,
        "p99": 0,
        "stdDev": 0,
        "ci95": 0,
        "samples": 0,
        "samplesAfterOutlierRemoval": 0,
        "outliersRemoved": 0
      },
      "decodeRecordMs": {
        "mean": 625.9317506666661,
        "median": 619.6308749999989,
        "min": 619.5722929999974,
        "max": 638.5920840000017,
        "p95": 636.6959631000014,
        "p99": 638.2128598200017,
        "stdDev": 10.964209412723699,
        "ci95": 18.99056776766237,
        "samples": 3,
        "samplesAfterOutlierRemoval": 3,
        "outliersRemoved": 0
      },
      "decodeSubmitWaitMs": {
        "mean": 3891.4262493333335,
        "median": 3879.905956999999,
        "min": 3871.2851660000015,
        "max": 3923.087625,
        "p95": 3918.7694582,
        "p99": 3922.22399164,
        "stdDev": 27.756288318068563,
        "ci95": 48.07530159642525,
        "samples": 3,
        "samplesAfterOutlierRemoval": 3,
        "outliersRemoved": 0
      },
      "decodeReadbackWaitMs": {
        "mean": 3786.154070000003,
        "median": 3777.5665830000034,
        "min": 3769.542126000004,
        "max": 3811.3535010000014,
        "p95": 3807.974809200002,
        "p99": 3810.6777626400017,
        "stdDev": 22.189107002738393,
        "ci95": 38.43266070332527,
        "samples": 3,
        "samplesAfterOutlierRemoval": 3,
        "outliersRemoved": 0
      }
    },
    "generatedText": " the"
  },
  "output": null,
  "memory": {
    "used": 2632073728,
    "pool": {
      "allocations": 85756,
      "reuses": 1037,
      "totalBytesAllocated": 3093375488,
      "peakBytesAllocated": 2525471232,
      "currentBytesAllocated": 2497856000,
      "totalBytesRequested": 2943956992,
      "peakBytesRequested": 2401959936,
      "currentBytesRequested": 2373582848,
      "activeBuffers": 138,
      "pooledBuffers": 64,
      "budgetMaxBytes": 0,
      "budgetUtilization": 0,
      "hitRate": "1.2%"
    },
    "kvCache": {
      "theoretical": 134217728,
      "allocated": 134217728,