{
  "suite": "bench",
  "modelId": "lfm2-5-1-2b-instruct-wq4k-ef16-hf16-f32",
  "runtimePreset": null,
  "deviceInfo": {
    "hasSubgroups": true,
    "hasSubgroupsF16": false,
    "hasF16": true,
    "hasTimestampQuery": true,
    "maxBufferSize": 14302248960,
    "maxWorkgroupSize": 1024,
    "maxWorkgroupStorageSize": 32768,
    "adapterInfo": {
      "vendor": "unknown",
      "architecture": "unknown",
      "device": "unknown",
      "description": ""
    }
  },
  "results": [
    {
      "name": "benchmark",
      "passed": true,
      "duration": 32753.274373999997
    }
  ],
  "durationMs": 62267.770792,
  "timestamp": "2026-03-03T15:40:23.982Z",
  "metrics": {
    "warmupRuns": 2,
    "timedRuns": 3,
    "prompt": "Summarize this input in one sentence.",
    "maxTokens": 128,
    "decodeTokensPerSec": 12.05,
    "avgTokensGenerated": 128,
    "avgPrefillTokens": 9,
    "avgDecodeTokens": 128,
    "medianPrefillTokensPerSec": 25.07,
    "avgPrefillTokensPerSec": 26.05,
    "medianPrefillTokensPerSecTtft": 25.02,
    "avgPrefillTokensPerSecTtft": 25.91,
    "avgDecodeTokensPerSec": 12.12,
    "firstTokenMs": 359.68,
    "firstResponseMs": 5230.23,
    "prefillMs": 359.02,
    "decodeMs": 10619,
    "totalRunMs": 10979.54,
    "decodeMsPerTokenP50": 82.96,
    "decodeMsPerTokenP95": 84.1,
    "decodeMsPerTokenP99": 84.21,
    "avgPrefillMs": 347.11,
    "modelLoadMs": 4870.55,
    "throughput": {
      "tokensPerSec": {
        "mean": 11.728800865832168,
        "median": 11.658046587706899,
        "min": 11.479424167614642,
        "max": 12.048931842174964,
        "p95": 12.009843316728157,
        "p99": 12.041114137085604,
        "stdDev": 0.29127199273281906,
        "ci95": 0.5044978902350754,
        "samples": 3,
        "samplesAfterOutlierRemoval": 3,
        "outliersRemoved": 0
      },
      "prefillTokensPerSec": {
        "mean": 26.049601587161817,
        "median": 25.06819482085162,
        "min": 24.487066759816685,
        "max": 28.593543180817154,
        "p95": 28.2410083448206,
        "p99": 28.523036213617843,
        "stdDev": 2.2221963414104047,
        "ci95": 3.8489569677164956,
        "samples": 3,
        "samplesAfterOutlierRemoval": 3,
        "outliersRemoved": 0
      },
      "prefillTokensPerSecTtft": {
        "mean": 25.912623013163085,
        "median": 25.02253480829947,
        "min": 24.420836128727448,
        "max": 28.294498102462345,
        "p95": 27.967301773046056,
        "p99": 28.22905883657909,
        "stdDev": 2.0845879763200066,
        "ci95": 3.6106122878334395,
        "samples": 3,
        "samplesAfterOutlierRemoval": 3,
        "outliersRemoved": 0
      },
      "decodeTokensPerSec": {
        "mean": 12.115747591922819,
        "median": 12.053868739774737,
        "min": 11.872087118615914,
        "max": 12.421286917377806,
        "p95": 12.3845450996175,
        "p99": 12.413938553825744,
        "stdDev": 0.2797800010676224,
        "ci95": 0.4845931767907968,
        "samples": 3,
        "samplesAfterOutlierRemoval": 3,
        "outliersRemoved": 0
      }
    },
    "latency": {
      "totalMs": {
        "mean": 10917.758124666665,
        "median": 10979.540957999998,
        "min": 10623.348332999998,
        "max": 11150.385083000001,
        "p95": 11133.3006705,
        "p99": 11146.968200500001,
        "stdDev": 268.8954682281985,
        "ci95": 465.7406128962627,
        "samples": 3,
        "samplesAfterOutlierRemoval": 3,
        "outliersRemoved": 0
      },
      "prefillMs": {
        "mean": 347.10600000000096,
        "median": 359.020666000004,
        "min": 314.75637500000084,
        "max": 367.5409589999981,
        "p95": 366.6889296999987,
        "p99": 367.3705531399982,
        "stdDev": 28.337652098081673,
        "ci95": 49.08225320108826,
        "samples": 3,
        "samplesAfterOutlierRemoval": 3,
        "outliersRemoved": 0
      },
      "decodeMs": {
        "mean": 10568.49325,
        "median": 10618.997333,
        "min": 10304.890375000003,
        "max": 10781.592041999997,
        "p95": 10765.332571099996,
        "p99": 10778.340147819996,
        "stdDev": 242.33059367297483,
        "ci95": 419.72890046992154,
        "samples": 3,
        "samplesAfterOutlierRemoval": 3,
        "outliersRemoved": 0
      },
      "firstTokenMs": {
        "mean": 348.765527333333,
        "median": 359.6757909999942,
        "min": 318.0830410000017,
        "max": 368.53775000000314,
        "p95": 367.6515541000023,
        "p99": 368.36051082000296,
        "stdDev": 26.938723151362566,
        "ci95": 46.65923718919195,
        "samples": 3,
        "samplesAfterOutlierRemoval": 3,
        "outliersRemoved": 0
      }
    },
    "tokens": {
      "generated": {
        "mean": 128,
        "median": 128,
        "min": 128,
        "max": 128,
        "p95": 128,
        "p99": 128,
        "stdDev": 0,
        "ci95": 0,
        "samples": 3,
        "samplesAfterOutlierRemoval": 3,
        "outliersRemoved": 0
      },
      "prefill": {
        "mean": 9,
        "median": 9,
        "min": 9,
        "max": 9,
        "p95": 9,
        "p99": 9,
        "stdDev": 0,
        "ci95": 0,
        "samples": 3,
        "samplesAfterOutlierRemoval": 3,
        "outliersRemoved": 0
      },
      "decode": {
        "mean": 128,
        "median": 128,
        "min": 128,
        "max": 128,
        "p95": 128,
        "p99": 128,
        "stdDev": 0,
        "ci95": 0,
        "samples": 3,
        "samplesAfterOutlierRemoval": 3,
        "outliersRemoved": 0
      }
    },
    "gpu": {
      "prefillMs": {
        "mean": 0,
        "median": 0,
        "min": 0,
        "max": 0,
        "p95": 0,
        "p99": 0,
        "stdDev": 0,
        "ci95": 0,
        "samples": 0,
        "samplesAfterOutlierRemoval": 0,
        "outliersRemoved": 0
      },
      "decodeMs": {
        "mean": 0,
        "median": 0,
        "min": 0,
        "max": 0,
        "p95": 0,
        "p99": 0,
        "stdDev": 0,
        "ci95": 0,
        "samples": 0,
        "samplesAfterOutlierRemoval": 0,
        "outliersRemoved": 0
      },
      "decodeRecordMs": {
        "mean": 2747.88657,
        "median": 2661.943124999998,
        "min": 2611.2686259999973,
        "max": 2970.4479590000046,
        "p95": 2939.597475600004,
        "p99": 2964.2778623200047,
        "stdDev": 194.40204504437142,
        "ci95": 336.7142191121448,
        "samples": 3,
        "samplesAfterOutlierRemoval": 3,
        "outliersRemoved": 0
      },
      "decodeSubmitWaitMs": {
        "mean": 7622.203638333333,
        "median": 7639.112498999995,
        "min": 7378.851666999999,
        "max": 7848.646749000007,
        "p95": 7827.693324000005,
        "p99": 7844.456064000006,
        "stdDev": 235.35353607845357,
        "ci95": 407.6442822288764,
        "samples": 3,
        "samplesAfterOutlierRemoval": 3,
        "outliersRemoved": 0
      },
      "decodeReadbackWaitMs": {
        "mean": 7242.580735999999,
        "median": 7202.722999999998,
        "min": 7171.588374999999,
        "max": 7353.4308329999985,
        "p95": 7338.360049699999,
        "p99": 7350.416676339999,
        "stdDev": 97.25301651956441,
        "ci95": 168.4471658012209,
        "samples": 3,
        "samplesAfterOutlierRemoval": 3,
        "outliersRemoved": 0
      }
    },
    "generatedText": " the"
  },
  "output": null,
  "memory": {
    "used": 2634160640,
    "pool": {
      "allocations": 114324,
      "reuses": 629,
      "totalBytesAllocated": 4490678784,
      "peakBytesAllocated": 2682311168,
      "currentBytesAllocated": 2499942912,
      "totalBytesRequested": 4271366144,
      "peakBytesRequested": 2554855424,
      "currentBytesRequested": 2373582848,
      "activeBuffers": 138,
      "pooledBuffers": 64,
      "budgetMaxBytes": 0,
      "budgetUtilization": 0,
      "hitRate": "0.5%"
    },
    "kvCache": {
      "theoretical": 134217728,