{
  "suite": "bench",
  "modelId": "lfm2-5-1-2b-instruct-wq4k-ef16-hf16-f32",
  "runtimePreset": null,
  "deviceInfo": {
    "hasSubgroups": true,
    "hasSubgroupsF16": false,
    "hasF16": true,
    "hasTimestampQuery": true,
    "maxBufferSize": 14302248960,
    "maxWorkgroupSize": 1024,
    "maxWorkgroupStorageSize": 32768,
    "adapterInfo": {
      "vendor": "unknown",
      "architecture": "unknown",
      "device": "unknown",
      "description": ""
    }
  },
  "results": [
    {
      "name": "benchmark",
      "passed": true,
      "duration": 12807.317582999998
    }
  ],
  "durationMs": 22794.638833,
  "timestamp": "2026-03-03T17:06:51.965Z",
  "metrics": {
    "warmupRuns": 2,
    "timedRuns": 3,
    "prompt": "Summarize this input in one sentence.",
    "maxTokens": 128,
    "decodeTokensPerSec": 31.02,
    "avgTokensGenerated": 128,
    "avgPrefillTokens": 9,
    "avgDecodeTokens": 128,
    "medianPrefillTokensPerSec": 62.84,
    "avgPrefillTokensPerSec": 62.77,
    "medianPrefillTokensPerSecTtft": 62.71,
    "avgPrefillTokensPerSecTtft": 62.5,
    "avgDecodeTokensPerSec": 31.03,
    "firstTokenMs": 143.51,
    "firstResponseMs": 1239.7,
    "prefillMs": 143.22,
    "decodeMs": 4126.15,
    "totalRunMs": 4269.82,
    "decodeMsPerTokenP50": 32.24,
    "decodeMsPerTokenP95": 32.3,
    "decodeMsPerTokenP99": 32.3,
    "avgPrefillMs": 143.38,
    "modelLoadMs": 1096.19,
    "throughput": {
      "tokensPerSec": {
        "mean": 29.982965553042273,
        "median": 29.977873460410056,
        "min": 29.916487715527627,
        "max": 30.054535483189138,
        "p95": 30.04686928091123,
        "p99": 30.053002242733555,
        "stdDev": 0.06916461230002652,
        "ci95": 0.11979662258944923,
        "samples": 3,
        "samplesAfterOutlierRemoval": 3,
        "outliersRemoved": 0
      },
      "prefillTokensPerSec": {
        "mean": 62.769191622003,
        "median": 62.83936179143168,
        "min": 62.6202395572053,
        "max": 62.847973517372,
        "p95": 62.84711234477796,
        "p99": 62.84780128285319,
        "stdDev": 0.12906811636317966,
        "ci95": 0.22355253517823914,
        "samples": 3,
        "samplesAfterOutlierRemoval": 3,
        "outliersRemoved": 0
      },
      "prefillTokensPerSecTtft": {
        "mean": 62.499650271844466,
        "median": 62.711397071055785,
        "min": 62.05880071367687,
        "max": 62.72875303080073,
        "p95": 62.72701743482624,
        "p99": 62.72840591160583,
        "stdDev": 0.3818855287086558,
        "ci95": 0.661445138398695,
        "samples": 3,
        "samplesAfterOutlierRemoval": 3,
        "outliersRemoved": 0
      },
      "decodeTokensPerSec": {
        "mean": 31.03074951374967,
        "median": 31.021628879002023,
        "min": 30.955549752701288,
        "max": 31.1150699095457,
        "p95": 31.105725806491332,
        "p99": 31.113201088934826,
        "stdDev": 0.08015023140057939,
        "ci95": 0.1388242730242059,
        "samples": 3,
        "samplesAfterOutlierRemoval": 3,
        "outliersRemoved": 0
      }
    },
    "latency": {
      "totalMs": {
        "mean": 4269.105860999999,
        "median": 4269.815874999998,
        "min": 4258.924583,
        "max": 4278.577125,
        "p95": 4277.701,
        "p99": 4278.4019,
        "stdDev": 9.84549093116159,
        "ci95": 17.05289051823049,
        "samples": 3,
        "samplesAfterOutlierRemoval": 3,
        "outliersRemoved": 0
      },
      "prefillMs": {
        "mean": 143.38284700000077,
        "median": 143.22233300000153,
        "min": 143.2027080000007,
        "max": 143.72350000000006,
        "p95": 143.6733833000002,
        "p99": 143.71347666000008,
        "stdDev": 0.29517729411769894,
        "ci95": 0.5112620706525565,
        "samples": 3,
        "samplesAfterOutlierRemoval": 3,
        "outliersRemoved": 0
      },
      "decodeMs": {
        "mean": 4124.958986333332,
        "median": 4126.153416999998,
        "min": 4113.76225,
        "max": 4134.961292,
        "p95": 4134.0805045,
        "p99": 4134.7851345,
        "stdDev": 10.649875299389462,
        "ci95": 18.44612511281536,
        "samples": 3,
        "samplesAfterOutlierRemoval": 3,
        "outliersRemoved": 0
      },
      "firstTokenMs": {
        "mean": 144.00440266666615,
        "median": 143.51458300000013,
        "min": 143.47487499999988,
        "max": 145.02374999999847,
        "p95": 144.87283329999863,
        "p99": 144.9935666599985,
        "stdDev": 0.8830039189011417,
        "ci95": 1.529407650819206,
        "samples": 3,
        "samplesAfterOutlierRemoval": 3,
        "outliersRemoved": 0
      }
    },
    "tokens": {
      "generated": {
        "mean": 128,
        "median": 128,
        "min": 128,
        "max": 128,
        "p95": 128,
        "p99": 128,
        "stdDev": 0,
        "ci95": 0,
        "samples": 3,
        "samplesAfterOutlierRemoval": 3,
        "outliersRemoved": 0
      },
      "prefill": {
        "mean": 9,
        "median": 9,
        "min": 9,
        "max": 9,
        "p95": 9,
        "p99": 9,
        "stdDev": 0,
        "ci95": 0,
        "samples": 3,
        "samplesAfterOutlierRemoval": 3,
        "outliersRemoved": 0
      },
      "decode": {
        "mean": 128,
        "median": 128,
        "min": 128,
        "max": 128,
        "p95": 128,
        "p99": 128,
        "stdDev": 0,
        "ci95": 0,
        "samples": 3,
        "samplesAfterOutlierRemoval": 3,
        "outliersRemoved": 0
      }
    },
    "gpu": {
      "prefillMs": {
        "mean": 0,
        "median": 0,
        "min": 0,
        "max": 0,
        "p95": 0,
        "p99": 0,
        "stdDev": 0,
        "ci95": 0,
        "samples": 0,
        "samplesAfterOutlierRemoval": 0,
        "outliersRemoved": 0
      },
      "decodeMs": {
        "mean": 0,
        "median": 0,
        "min": 0,
        "max": 0,
        "p95": 0,
        "p99": 0,
        "stdDev": 0,
        "ci95": 0,
        "samples": 0,
        "samplesAfterOutlierRemoval": 0,
        "outliersRemoved": 0
      },
      "decodeRecordMs": {
        "mean": 447.25494466666595,
        "median": 448.6549159999995,
        "min": 439.8889589999999,
        "max": 453.2209589999984,
        "p95": 452.76435469999853,
        "p99": 453.1296381399984,
        "stdDev": 6.775359459143621,
        "ci95": 11.73526682277914,
        "samples": 3,
        "samplesAfterOutlierRemoval": 3,
        "outliersRemoved": 0
      },
      "decodeSubmitWaitMs": {
        "mean": 3668.328139000001,
        "median": 3668.2423750000016,
        "min": 3664.4741250000006,
        "max": 3672.267917000001,
        "p95": 3671.865362800001,
        "p99": 3672.187406160001,
        "stdDev": 3.897603755205173,
        "ci95": 6.75084773178661,
        "samples": 3,
        "samplesAfterOutlierRemoval": 3,
        "outliersRemoved": 0
      },
      "decodeReadbackWaitMs": {
        "mean": 3578.687389,
        "median": 3578.471916999999,
        "min": 3577.4203750000015,
        "max": 3580.1698749999996,
        "p95": 3580.0000791999996,
        "p99": 3580.1359158399996,
        "stdDev": 1.3873567311927049,
        "ci95": 2.4029723466484425,
        "samples": 3,
        "samplesAfterOutlierRemoval": 3,
        "outliersRemoved": 0
      }
    },
    "generatedText": " the"
  },
  "output": null,
  "memory": {
    "used": 2632073728,
    "pool": {
      "allocations": 86341,
      "reuses": 452,
      "totalBytesAllocated": 3110701568,
      "peakBytesAllocated": 2610883072,
      "currentBytesAllocated": 2497856000,
      "totalBytesRequested": 2959910912,
      "peakBytesRequested": 2486204416,
      "currentBytesRequested": 2373582848,
      "activeBuffers": 138,
      "pooledBuffers": 64,
      "budgetMaxBytes": 0,
      "budgetUtilization": 0,
      "hitRate": "0.5%"
    },
    "kvCache": {
      "theoretical": 134217728,
      "allocated": 134217728,
      "used": 0,